preset_id,day,shop1,shop2,shop3,variant,workers_total,cash_min_after_mandatory_finance,buy_sw_today,sw_owned_end,capacity_clamped,wheat_seed_count,next_day_hire_reserve,C,S,G,ST,CR,T,M
D5|BAKERY|LOW,5,BAKERY,,,LOW,8,953,False,False,False,32,33,2,1,3,0,0,0,12
D5|BAKERY|BASE,5,BAKERY,,,BASE,8,1243,False,False,False,31,33,2,1,4,0,0,0,12
D5|BAKERY|HIGH,5,BAKERY,,,HIGH,8,1243,False,False,True,31,33,2,1,4,0,0,0,12
D5|PIZZA_SHOP|LOW,5,PIZZA_SHOP,,,LOW,8,1313,False,False,False,28,33,4,1,1,0,0,4,12
D5|PIZZA_SHOP|BASE,5,PIZZA_SHOP,,,BASE,8,1693,False,False,False,26,33,5,1,1,0,0,4,12
D5|PIZZA_SHOP|HIGH,5,PIZZA_SHOP,,,HIGH,9,1773,False,False,False,24,33,5,1,1,0,0,6,12
D5|BRUNCH_SPOT|LOW,5,BRUNCH_SPOT,,,LOW,8,1383,False,False,False,25,33,2,1,2,8,0,0,12
D5|BRUNCH_SPOT|BASE,5,BRUNCH_SPOT,,,BASE,8,1663,False,False,False,23,33,2,1,3,8,0,0,12
D5|BRUNCH_SPOT|HIGH,5,BRUNCH_SPOT,,,HIGH,9,1953,False,False,False,22,33,2,1,4,8,0,0,12
D5|YARN_STORE|LOW,5,YARN_STORE,,,LOW,8,1353,False,False,False,32,33,2,3,1,0,0,0,12
D5|YARN_STORE|BASE,5,YARN_STORE,,,BASE,8,1833,False,False,False,30,33,2,4,1,0,0,0,12
D5|YARN_STORE|HIGH,5,YARN_STORE,,,HIGH,8,1833,False,False,True,30,33,2,4,1,0,0,0,12
D5|ICE_CREAM_SHOP|LOW,5,ICE_CREAM_SHOP,,,LOW,8,1513,False,False,False,28,33,4,1,1,4,0,0,12
D5|ICE_CREAM_SHOP|BASE,5,ICE_CREAM_SHOP,,,BASE,8,1893,False,False,False,26,33,5,1,1,4,0,0,12
D5|ICE_CREAM_SHOP|HIGH,5,ICE_CREAM_SHOP,,,HIGH,9,2073,False,False,False,24,33,5,1,1,6,0,0,12
D5|PET_CAFE|LOW,5,PET_CAFE,,,LOW,8,1053,False,False,False,22,33,2,1,3,0,10,0,12
D5|PET_CAFE|BASE,5,PET_CAFE,,,BASE,8,1093,False,False,False,18,33,2,1,3,0,14,0,12
D5|PET_CAFE|HIGH,5,PET_CAFE,,,HIGH,9,1133,False,False,False,14,33,2,1,3,0,18,0,12
D5|SMOOTHIE_SHOP|LOW,5,SMOOTHIE_SHOP,,,LOW,8,1513,False,False,False,28,33,4,1,1,4,0,0,12
D5|SMOOTHIE_SHOP|BASE,5,SMOOTHIE_SHOP,,,BASE,8,1893,False,False,False,26,33,5,1,1,4,0,0,12
D5|SMOOTHIE_SHOP|HIGH,5,SMOOTHIE_SHOP,,,HIGH,9,2073,False,False,False,24,33,5,1,1,6,0,0,12
D5|FARMERS_MARKET|LOW,5,FARMERS_MARKET,,,LOW,8,1373,False,False,False,22,33,2,1,3,4,6,0,12
D5|FARMERS_MARKET|BASE,5,FARMERS_MARKET,,,BASE,8,1553,False,False,False,20,33,2,1,3,6,6,0,12
D5|FARMERS_MARKET|HIGH,5,FARMERS_MARKET,,,HIGH,9,1733,False,False,False,18,33,2,1,3,8,6,0,12
D6|BAKERY|LOW,6,BAKERY,,,LOW,8,88,False,False,False,0,88,2,1,4,0,0,0,12
D6|BAKERY|BASE,6,BAKERY,,,BASE,8,88,False,False,False,0,88,2,1,4,0,0,0,12
D6|BAKERY|HIGH,6,BAKERY,,,HIGH,9,388,False,False,False,0,88,2,1,5,0,0,0,12
D6|PIZZA_SHOP|LOW,6,PIZZA_SHOP,,,LOW,8,88,False,False,False,0,88,5,1,1,0,0,4,12
D6|PIZZA_SHOP|BASE,6,PIZZA_SHOP,,,BASE,8,488,False,False,False,0,88,6,1,1,0,0,4,12
D6|PIZZA_SHOP|HIGH,6,PIZZA_SHOP,,,HIGH,9,888,False,False,False,0,88,7,1,1,0,0,4,12
D6|BRUNCH_SPOT|LOW,6,BRUNCH_SPOT,,,LOW,8,88,False,False,False,0,88,2,1,3,8,0,0,12
D6|BRUNCH_SPOT|BASE,6,BRUNCH_SPOT,,,BASE,8,388,False,False,False,0,88,2,1,4,8,0,0,12
D6|BRUNCH_SPOT|HIGH,6,BRUNCH_SPOT,,,HIGH,9,688,False,False,False,0,88,2,1,5,8,0,0,12
D6|YARN_STORE|LOW,6,YARN_STORE,,,LOW,8,88,False,False,False,0,88,2,4,1,0,0,0,12
D6|YARN_STORE|BASE,6,YARN_STORE,,,BASE,8,588,False,False,False,0,88,2,5,1,0,0,0,12
D6|YARN_STORE|HIGH,6,YARN_STORE,,,HIGH,9,1088,False,False,False,0,88,2,6,1,0,0,0,12
D6|ICE_CREAM_SHOP|LOW,6,ICE_CREAM_SHOP,,,LOW,8,88,False,False,False,0,88,5,1,1,4,0,0,12
D6|ICE_CREAM_SHOP|BASE,6,ICE_CREAM_SHOP,,,BASE,8,488,False,False,False,0,88,6,1,1,4,0,0,12
D6|ICE_CREAM_SHOP|HIGH,6,ICE_CREAM_SHOP,,,HIGH,9,888,False,False,False,0,88,7,1,1,4,0,0,12
D6|PET_CAFE|LOW,6,PET_CAFE,,,LOW,8,88,False,False,False,0,88,2,1,3,0,14,0,12
D6|PET_CAFE|BASE,6,PET_CAFE,,,BASE,8,88,False,False,False,0,88,2,1,3,0,14,0,12
D6|PET_CAFE|HIGH,6,PET_CAFE,,,HIGH,9,168,False,False,False,0,88,2,1,3,0,18,0,12
D6|SMOOTHIE_SHOP|LOW,6,SMOOTHIE_SHOP,,,LOW,8,88,False,False,False,0,88,5,1,1,4,0,0,12
D6|SMOOTHIE_SHOP|BASE,6,SMOOTHIE_SHOP,,,BASE,8,488,False,False,False,0,88,6,1,1,4,0,0,12
D6|SMOOTHIE_SHOP|HIGH,6,SMOOTHIE_SHOP,,,HIGH,9,888,False,False,False,0,88,7,1,1,4,0,0,12
D6|FARMERS_MARKET|LOW,6,FARMERS_MARKET,,,LOW,8,88,False,False,False,0,88,2,1,3,6,6,0,12
D6|FARMERS_MARKET|BASE,6,FARMERS_MARKET,,,BASE,8,88,False,False,False,0,88,2,1,3,6,6,0,12
D6|FARMERS_MARKET|HIGH,6,FARMERS_MARKET,,,HIGH,9,288,False,False,False,0,88,2,1,3,8,6,0,12
D7|BAKERY+BAKERY|LOW,7,BAKERY,BAKERY,,LOW,10,508,False,False,False,12,88,2,1,5,0,0,0,12
D7|BAKERY+BAKERY|BASE,7,BAKERY,BAKERY,,BASE,10,808,False,False,False,12,88,2,1,6,0,0,0,12
D7|BAKERY+BAKERY|HIGH,7,BAKERY,BAKERY,,HIGH,10,808,False,False,True,12,88,2,1,6,0,0,0,12
D7|BAKERY+PIZZA_SHOP|LOW,7,BAKERY,PIZZA_SHOP,,LOW,10,808,False,False,False,12,88,3,1,4,0,0,4,12
D7|BAKERY+PIZZA_SHOP|BASE,7,BAKERY,PIZZA_SHOP,,BASE,10,1208,False,False,False,12,88,4,1,4,0,0,4,12
D7|BAKERY+PIZZA_SHOP|HIGH,7,BAKERY,PIZZA_SHOP,,HIGH,11,1308,False,False,False,12,88,4,1,4,0,0,6,12
D7|BAKERY+BRUNCH_SPOT|LOW,7,BAKERY,BRUNCH_SPOT,,LOW,10,1708,False,False,False,12,88,2,1,5,12,0,0,12
D7|BAKERY+BRUNCH_SPOT|BASE,7,BAKERY,BRUNCH_SPOT,,BASE,10,2008,False,False,False,12,88,2,1,6,12,0,0,12
D7|BAKERY+BRUNCH_SPOT|HIGH,7,BAKERY,BRUNCH_SPOT,,HIGH,11,2208,False,False,False,12,88,2,1,6,14,0,0,12
D7|BAKERY+YARN_STORE|LOW,7,BAKERY,YARN_STORE,,LOW,10,708,False,False,False,12,88,2,2,4,0,0,0,12
D7|BAKERY+YARN_STORE|BASE,7,BAKERY,YARN_STORE,,BASE,10,1208,False,False,False,12,88,2,3,4,0,0,0,12
D7|BAKERY+YARN_STORE|HIGH,7,BAKERY,YARN_STORE,,HIGH,10,1208,False,False,True,12,88,2,3,4,0,0,0,12
D7|BAKERY+ICE_CREAM_SHOP|LOW,7,BAKERY,ICE_CREAM_SHOP,,LOW,10,1808,False,False,False,12,88,3,1,4,12,0,0,12
D7|BAKERY+ICE_CREAM_SHOP|BASE,7,BAKERY,ICE_CREAM_SHOP,,BASE,10,2208,False,False,False,12,88,4,1,4,12,0,0,12
D7|BAKERY+ICE_CREAM_SHOP|HIGH,7,BAKERY,ICE_CREAM_SHOP,,HIGH,11,2408,False,False,False,12,88,4,1,4,14,0,0,12
D7|BAKERY+PET_CAFE|LOW,7,BAKERY,PET_CAFE,,LOW,10,408,False,False,False,12,88,2,1,4,0,10,0,12
D7|BAKERY+PET_CAFE|BASE,7,BAKERY,PET_CAFE,,BASE,10,488,False,False,False,12,88,2,1,4,0,14,0,12
D7|BAKERY+PET_CAFE|HIGH,7,BAKERY,PET_CAFE,,HIGH,11,568,False,False,False,12,88,2,1,4,0,18,0,12
D7|BAKERY+SMOOTHIE_SHOP|LOW,7,BAKERY,SMOOTHIE_SHOP,,LOW,10,1808,False,False,False,12,88,3,1,4,12,0,0,12
D7|BAKERY+SMOOTHIE_SHOP|BASE,7,BAKERY,SMOOTHIE_SHOP,,BASE,10,2208,False,False,False,12,88,4,1,4,12,0,0,12
D7|BAKERY+SMOOTHIE_SHOP|HIGH,7,BAKERY,SMOOTHIE_SHOP,,HIGH,11,2408,False,False,False,12,88,4,1,4,14,0,0,12
D7|BAKERY+FARMERS_MARKET|LOW,7,BAKERY,FARMERS_MARKET,,LOW,10,1328,False,False,False,12,88,2,1,4,10,6,0,12
D7|BAKERY+FARMERS_MARKET|BASE,7,BAKERY,FARMERS_MARKET,,BASE,10,1528,False,False,False,12,88,2,1,4,12,6,0,12
D7|BAKERY+FARMERS_MARKET|HIGH,7,BAKERY,FARMERS_MARKET,,HIGH,11,1728,False,False,False,12,88,2,1,4,14,6,0,12
D7|PIZZA_SHOP+BAKERY|LOW,7,PIZZA_SHOP,BAKERY,,LOW,10,708,False,False,False,12,88,7,1,1,0,0,6,12
D7|PIZZA_SHOP+BAKERY|BASE,7,PIZZA_SHOP,BAKERY,,BASE,10,708,False,False,False,12,88,7,1,1,0,0,6,12
D7|PIZZA_SHOP+BAKERY|HIGH,7,PIZZA_SHOP,BAKERY,,HIGH,11,1008,False,False,False,12,88,7,1,2,0,0,6,12
D7|PIZZA_SHOP+PIZZA_SHOP|LOW,7,PIZZA_SHOP,PIZZA_SHOP,,LOW,10,808,False,False,False,12,88,7,1,1,0,0,8,12
D7|PIZZA_SHOP+PIZZA_SHOP|BASE,7,PIZZA_SHOP,PIZZA_SHOP,,BASE,10,1208,False,False,False,12,88,8,1,1,0,0,8,12
D7|PIZZA_SHOP+PIZZA_SHOP|HIGH,7,PIZZA_SHOP,PIZZA_SHOP,,HIGH,11,1308,False,False,False,12,88,8,1,1,0,0,10,12
D7|PIZZA_SHOP+BRUNCH_SPOT|LOW,7,PIZZA_SHOP,BRUNCH_SPOT,,LOW,10,1898,False,False,False,11,88,7,1,1,12,0,6,12
D7|PIZZA_SHOP+BRUNCH_SPOT|BASE,7,PIZZA_SHOP,BRUNCH_SPOT,,BASE,10,1898,False,False,False,11,88,7,1,1,12,0,6,12
D7|PIZZA_SHOP+BRUNCH_SPOT|HIGH,7,PIZZA_SHOP,BRUNCH_SPOT,,HIGH,11,2198,False,False,False,11,88,7,1,2,12,0,6,12
D7|PIZZA_SHOP+YARN_STORE|LOW,7,PIZZA_SHOP,YARN_STORE,,LOW,10,1208,False,False,False,12,88,7,2,1,0,0,6,12
D7|PIZZA_SHOP+YARN_STORE|BASE,7,PIZZA_SHOP,YARN_STORE,,BASE,10,1708,False,False,False,12,88,7,3,1,0,0,6,12
D7|PIZZA_SHOP+YARN_STORE|HIGH,7,PIZZA_SHOP,YARN_STORE,,HIGH,11,1808,False,False,False,12,88,7,3,1,0,0,8,12
D7|PIZZA_SHOP+ICE_CREAM_SHOP|LOW,7,PIZZA_SHOP,ICE_CREAM_SHOP,,LOW,10,1898,False,False,False,11,88,7,1,1,12,0,6,12
D7|PIZZA_SHOP+ICE_CREAM_SHOP|BASE,7,PIZZA_SHOP,ICE_CREAM_SHOP,,BASE,10,2288,False,False,False,10,88,8,1,1,12,0,6,12
D7|PIZZA_SHOP+ICE_CREAM_SHOP|HIGH,7,PIZZA_SHOP,ICE_CREAM_SHOP,,HIGH,11,2488,False,False,False,10,88,8,1,1,14,0,6,12
D7|PIZZA_SHOP+PET_CAFE|LOW,7,PIZZA_SHOP,PET_CAFE,,LOW,10,908,False,False,False,12,88,7,1,1,0,10,6,12
D7|PIZZA_SHOP+PET_CAFE|BASE,7,PIZZA_SHOP,PET_CAFE,,BASE,10,958,False,False,False,9,88,7,1,1,0,14,6,12
D7|PIZZA_SHOP+PET_CAFE|HIGH,7,PIZZA_SHOP,PET_CAFE,,HIGH,11,1038,False,False,False,9,88,7,1,1,0,18,6,12
D7|PIZZA_SHOP+SMOOTHIE_SHOP|LOW,7,PIZZA_SHOP,SMOOTHIE_SHOP,,LOW,10,1898,False,False,False,11,88,7,1,1,12,0,6,12
D7|PIZZA_SHOP+SMOOTHIE_SHOP|BASE,7,PIZZA_SHOP,SMOOTHIE_SHOP,,BASE,10,2288,False,False,False,10,88,8,1,1,12,0,6,12
D7|PIZZA_SHOP+SMOOTHIE_SHOP|HIGH,7,PIZZA_SHOP,SMOOTHIE_SHOP,,HIGH,11,2488,False,False,False,10,88,8,1,1,14,0,6,12
D7|PIZZA_SHOP+FARMERS_MARKET|LOW,7,PIZZA_SHOP,FARMERS_MARKET,,LOW,10,3978,True,True,False,27,88,7,1,1,10,6,6,12
D7|PIZZA_SHOP+FARMERS_MARKET|BASE,7,PIZZA_SHOP,FARMERS_MARKET,,BASE,10,4158,True,True,False,25,88,7,1,1,12,6,6,12
D7|PIZZA_SHOP+FARMERS_MARKET|HIGH,7,PIZZA_SHOP,FARMERS_MARKET,,HIGH,11,4358,True,True,False,25,88,7,1,1,14,6,6,12
D7|BRUNCH_SPOT+BAKERY|LOW,7,BRUNCH_SPOT,BAKERY,,LOW,10,1308,False,False,False,12,88,2,1,5,16,0,0,12
D7|BRUNCH_SPOT+BAKERY|BASE,7,BRUNCH_SPOT,BAKERY,,BASE,10,1608,False,False,False,12,88,2,1,6,16,0,0,12
D7|BRUNCH_SPOT+BAKERY|HIGH,7,BRUNCH_SPOT,BAKERY,,HIGH,11,1808,False,False,False,12,88,2,1,6,18,0,0,12
D7|BRUNCH_SPOT+PIZZA_SHOP|LOW,7,BRUNCH_SPOT,PIZZA_SHOP,,LOW,10,1588,False,False,False,10,88,3,1,4,16,0,4,12
D7|BRUNCH_SPOT+PIZZA_SHOP|BASE,7,BRUNCH_SPOT,PIZZA_SHOP,,BASE,10,1978,False,False,False,9,88,4,1,4,16,0,4,12
D7|BRUNCH_SPOT+PIZZA_SHOP|HIGH,7,BRUNCH_SPOT,PIZZA_SHOP,,HIGH,11,2178,False,False,False,9,88,4,1,4,18,0,4,12
D7|BRUNCH_SPOT+BRUNCH_SPOT|LOW,7,BRUNCH_SPOT,BRUNCH_SPOT,,LOW,10,1868,False,False,False,8,88,2,1,5,22,0,0,12
D7|BRUNCH_SPOT+BRUNCH_SPOT|BASE,7,BRUNCH_SPOT,BRUNCH_SPOT,,BASE,10,4298,True,True,False,21,88,2,1,6,22,0,0,12
D7|BRUNCH_SPOT+BRUNCH_SPOT|HIGH,7,BRUNCH_SPOT,BRUNCH_SPOT,,HIGH,11,4498,True,True,False,21,88,2,1,6,24,0,0,12
D7|BRUNCH_SPOT+YARN_STORE|LOW,7,BRUNCH_SPOT,YARN_STORE,,LOW,10,1508,False,False,False,12,88,2,2,4,16,0,0,12
D7|BRUNCH_SPOT+YARN_STORE|BASE,7,BRUNCH_SPOT,YARN_STORE,,BASE,10,2008,False,False,False,12,88,2,3,4,16,0,0,12
D7|BRUNCH_SPOT+YARN_STORE|HIGH,7,BRUNCH_SPOT,YARN_STORE,,HIGH,11,2208,False,False,False,12,88,2,3,4,18,0,0,12
D7|BRUNCH_SPOT+ICE_CREAM_SHOP|LOW,7,BRUNCH_SPOT,ICE_CREAM_SHOP,,LOW,10,1968,False,False,False,8,88,3,1,4,22,0,0,12
D7|BRUNCH_SPOT+ICE_CREAM_SHOP|BASE,7,BRUNCH_SPOT,ICE_CREAM_SHOP,,BASE,10,4518,True,True,False,23,88,4,1,4,22,0,0,12
D7|BRUNCH_SPOT+ICE_CREAM_SHOP|HIGH,7,BRUNCH_SPOT,ICE_CREAM_SHOP,,HIGH,11,4718,True,True,False,23,88,4,1,4,24,0,0,12
D7|BRUNCH_SPOT+PET_CAFE|LOW,7,BRUNCH_SPOT,PET_CAFE,,LOW,10,3378,True,True,False,29,88,2,1,4,16,10,0,12
D7|BRUNCH_SPOT+PET_CAFE|BASE,7,BRUNCH_SPOT,PET_CAFE,,BASE,10,3418,True,True,False,25,88,2,1,4,16,14,0,12
D7|BRUNCH_SPOT+PET_CAFE|HIGH,7,BRUNCH_SPOT,PET_CAFE,,HIGH,11,3498,True,True,False,25,88,2,1,4,16,18,0,12
D7|BRUNCH_SPOT+SMOOTHIE_SHOP|LOW,7,BRUNCH_SPOT,SMOOTHIE_SHOP,,LOW,10,1968,False,False,False,8,88,3,1,4,22,0,0,12
D7|BRUNCH_SPOT+SMOOTHIE_SHOP|BASE,7,BRUNCH_SPOT,SMOOTHIE_SHOP,,BASE,10,4518,True,True,False,23,88,4,1,4,22,0,0,12
D7|BRUNCH_SPOT+SMOOTHIE_SHOP|HIGH,7,BRUNCH_SPOT,SMOOTHIE_SHOP,,HIGH,11,4718,True,True,False,23,88,4,1,4,24,0,0,12
D7|BRUNCH_SPOT+FARMERS_MARKET|LOW,7,BRUNCH_SPOT,FARMERS_MARKET,,LOW,10,3658,True,True,False,25,88,2,1,4,20,6,0,12
D7|BRUNCH_SPOT+FARMERS_MARKET|BASE,7,BRUNCH_SPOT,FARMERS_MARKET,,BASE,10,3838,True,True,False,23,88,2,1,4,22,6,0,12
D7|BRUNCH_SPOT+FARMERS_MARKET|HIGH,7,BRUNCH_SPOT,FARMERS_MARKET,,HIGH,11,4038,True,True,False,23,88,2,1,4,24,6,0,12
D7|YARN_STORE+BAKERY|LOW,7,YARN_STORE,BAKERY,,LOW,10,708,False,False,False,12,88,2,6,1,0,0,0,12
D7|YARN_STORE+BAKERY|BASE,7,YARN_STORE,BAKERY,,BASE,10,708,False,False,False,12,88,2,6,1,0,0,0,12
D7|YARN_STORE+BAKERY|HIGH,7,YARN_STORE,BAKERY,,HIGH,11,1008,False,False,False,12,88,2,6,2,0,0,0,12
D7|YARN_STORE+PIZZA_SHOP|LOW,7,YARN_STORE,PIZZA_SHOP,,LOW,10,1308,False,False,False,12,88,3,6,1,0,0,4,12
D7|YARN_STORE+PIZZA_SHOP|BASE,7,YARN_STORE,PIZZA_SHOP,,BASE,10,1708,False,False,False,12,88,4,6,1,0,0,4,12
D7|YARN_STORE+PIZZA_SHOP|HIGH,7,YARN_STORE,PIZZA_SHOP,,HIGH,11,1808,False,False,False,12,88,4,6,1,0,0,6,12
D7|YARN_STORE+BRUNCH_SPOT|LOW,7,YARN_STORE,BRUNCH_SPOT,,LOW,10,1908,False,False,False,12,88,2,6,1,12,0,0,12
D7|YARN_STORE+BRUNCH_SPOT|BASE,7,YARN_STORE,BRUNCH_SPOT,,BASE,10,1908,False,False,False,12,88,2,6,1,12,0,0,12
D7|YARN_STORE+BRUNCH_SPOT|HIGH,7,YARN_STORE,BRUNCH_SPOT,,HIGH,11,2208,False,False,False,12,88,2,6,2,12,0,0,12
D7|YARN_STORE+YARN_STORE|LOW,7,YARN_STORE,YARN_STORE,,LOW,10,708,False,False,False,12,88,2,6,1,0,0,0,12
D7|YARN_STORE+YARN_STORE|BASE,7,YARN_STORE,YARN_STORE,,BASE,10,1208,False,False,False,12,88,2,7,1,0,0,0,12
D7|YARN_STORE+YARN_STORE|HIGH,7,YARN_STORE,YARN_STORE,,HIGH,10,1208,False,False,True,12,88,2,7,1,0,0,0,12
D7|YARN_STORE+ICE_CREAM_SHOP|LOW,7,YARN_STORE,ICE_CREAM_SHOP,,LOW,10,2308,False,False,False,12,88,3,6,1,12,0,0,12
D7|YARN_STORE+ICE_CREAM_SHOP|BASE,7,YARN_STORE,ICE_CREAM_SHOP,,BASE,10,2708,False,False,False,12,88,4,6,1,12,0,0,12
D7|YARN_STORE+ICE_CREAM_SHOP|HIGH,7,YARN_STORE,ICE_CREAM_SHOP,,HIGH,11,2908,False,False,False,12,88,4,6,1,14,0,0,12
D7|YARN_STORE+PET_CAFE|LOW,7,YARN_STORE,PET_CAFE,,LOW,10,908,False,False,False,12,88,2,6,1,0,10,0,12
D7|YARN_STORE+PET_CAFE|BASE,7,YARN_STORE,PET_CAFE,,BASE,10,988,False,False,False,12,88,2,6,1,0,14,0,12
D7|YARN_STORE+PET_CAFE|HIGH,7,YARN_STORE,PET_CAFE,,HIGH,11,1068,False,False,False,12,88,2,6,1,0,18,0,12
D7|YARN_STORE+SMOOTHIE_SHOP|LOW,7,YARN_STORE,SMOOTHIE_SHOP,,LOW,10,2308,False,False,False,12,88,3,6,1,12,0,0,12
D7|YARN_STORE+SMOOTHIE_SHOP|BASE,7,YARN_STORE,SMOOTHIE_SHOP,,BASE,10,2708,False,False,False,12,88,4,6,1,12,0,0,12
D7|YARN_STORE+SMOOTHIE_SHOP|HIGH,7,YARN_STORE,SMOOTHIE_SHOP,,HIGH,11,2908,False,False,False,12,88,4,6,1,14,0,0,12
D7|YARN_STORE+FARMERS_MARKET|LOW,7,YARN_STORE,FARMERS_MARKET,,LOW,10,1828,False,False,False,12,88,2,6,1,10,6,0,12
D7|YARN_STORE+FARMERS_MARKET|BASE,7,YARN_STORE,FARMERS_MARKET,,BASE,10,2018,False,False,False,11,88,2,6,1,12,6,0,12
D7|YARN_STORE+FARMERS_MARKET|HIGH,7,YARN_STORE,FARMERS_MARKET,,HIGH,11,2218,False,False,False,11,88,2,6,1,14,6,0,12
D7|ICE_CREAM_SHOP+BAKERY|LOW,7,ICE_CREAM_SHOP,BAKERY,,LOW,10,1808,False,False,False,12,88,7,1,1,16,0,0,12
D7|ICE_CREAM_SHOP+BAKERY|BASE,7,ICE_CREAM_SHOP,BAKERY,,BASE,10,1808,False,False,False,12,88,7,1,1,16,0,0,12
D7|ICE_CREAM_SHOP+BAKERY|HIGH,7,ICE_CREAM_SHOP,BAKERY,,HIGH,11,2108,False,False,False,12,88,7,1,2,16,0,0,12
D7|ICE_CREAM_SHOP+PIZZA_SHOP|LOW,7,ICE_CREAM_SHOP,PIZZA_SHOP,,LOW,10,1978,False,False,False,9,88,7,1,1,16,0,4,12
D7|ICE_CREAM_SHOP+PIZZA_SHOP|BASE,7,ICE_CREAM_SHOP,PIZZA_SHOP,,BASE,10,2368,False,False,False,8,88,8,1,1,16,0,4,12
D7|ICE_CREAM_SHOP+PIZZA_SHOP|HIGH,7,ICE_CREAM_SHOP,PIZZA_SHOP,,HIGH,11,2568,False,False,False,8,88,8,1,1,18,0,4,12
D7|ICE_CREAM_SHOP+BRUNCH_SPOT|LOW,7,ICE_CREAM_SHOP,BRUNCH_SPOT,,LOW,10,4478,True,True,False,19,88,7,1,1,22,0,0,12
D7|ICE_CREAM_SHOP+BRUNCH_SPOT|BASE,7,ICE_CREAM_SHOP,BRUNCH_SPOT,,BASE,10,4478,True,True,False,19,88,7,1,1,22,0,0,12
D7|ICE_CREAM_SHOP+BRUNCH_SPOT|HIGH,7,ICE_CREAM_SHOP,BRUNCH_SPOT,,HIGH,11,4778,True,True,False,19,88,7,1,2,22,0,0,12
D7|ICE_CREAM_SHOP+YARN_STORE|LOW,7,ICE_CREAM_SHOP,YARN_STORE,,LOW,10,2308,False,False,False,12,88,7,2,1,16,0,0,12
D7|ICE_CREAM_SHOP+YARN_STORE|BASE,7,ICE_CREAM_SHOP,YARN_STORE,,BASE,10,2798,False,False,False,11,88,7,3,1,16,0,0,12
D7|ICE_CREAM_SHOP+YARN_STORE|HIGH,7,ICE_CREAM_SHOP,YARN_STORE,,HIGH,11,2998,False,False,False,11,88,7,3,1,18,0,0,12
D7|ICE_CREAM_SHOP+ICE_CREAM_SHOP|LOW,7,ICE_CREAM_SHOP,ICE_CREAM_SHOP,,LOW,10,4478,True,True,False,19,88,7,1,1,22,0,0,12
D7|ICE_CREAM_SHOP+ICE_CREAM_SHOP|BASE,7,ICE_CREAM_SHOP,ICE_CREAM_SHOP,,BASE,10,4878,True,True,False,19,88,8,1,1,22,0,0,12
D7|ICE_CREAM_SHOP+ICE_CREAM_SHOP|HIGH,7,ICE_CREAM_SHOP,ICE_CREAM_SHOP,,HIGH,11,5078,True,True,False,19,88,8,1,1,24,0,0,12
D7|ICE_CREAM_SHOP+PET_CAFE|LOW,7,ICE_CREAM_SHOP,PET_CAFE,,LOW,10,4138,True,True,False,25,88,7,1,1,16,10,0,12
D7|ICE_CREAM_SHOP+PET_CAFE|BASE,7,ICE_CREAM_SHOP,PET_CAFE,,BASE,10,4178,True,True,False,21,88,7,1,1,16,14,0,12
D7|ICE_CREAM_SHOP+PET_CAFE|HIGH,7,ICE_CREAM_SHOP,PET_CAFE,,HIGH,11,4258,True,True,False,21,88,7,1,1,16,18,0,12
D7|ICE_CREAM_SHOP+SMOOTHIE_SHOP|LOW,7,ICE_CREAM_SHOP,SMOOTHIE_SHOP,,LOW,10,4478,True,True,False,19,88,7,1,1,22,0,0,12
D7|ICE_CREAM_SHOP+SMOOTHIE_SHOP|BASE,7,ICE_CREAM_SHOP,SMOOTHIE_SHOP,,BASE,10,4878,True,True,False,19,88,8,1,1,22,0,0,12
D7|ICE_CREAM_SHOP+SMOOTHIE_SHOP|HIGH,7,ICE_CREAM_SHOP,SMOOTHIE_SHOP,,HIGH,11,5078,True,True,False,19,88,8,1,1,24,0,0,12
D7|ICE_CREAM_SHOP+FARMERS_MARKET|LOW,7,ICE_CREAM_SHOP,FARMERS_MARKET,,LOW,10,4418,True,True,False,21,88,7,1,1,20,6,0,12
D7|ICE_CREAM_SHOP+FARMERS_MARKET|BASE,7,ICE_CREAM_SHOP,FARMERS_MARKET,,BASE,10,4598,True,True,False,19,88,7,1,1,22,6,0,12
D7|ICE_CREAM_SHOP+FARMERS_MARKET|HIGH,7,ICE_CREAM_SHOP,FARMERS_MARKET,,HIGH,11,4798,True,True,False,19,88,7,1,1,24,6,0,12
D7|PET_CAFE+BAKERY|LOW,7,PET_CAFE,BAKERY,,LOW,10,208,False,False,False,12,88,2,1,3,0,14,0,12
D7|PET_CAFE+BAKERY|BASE,7,PET_CAFE,BAKERY,,BASE,10,508,False,False,False,12,88,2,1,4,0,14,0,12
D7|PET_CAFE+BAKERY|HIGH,7,PET_CAFE,BAKERY,,HIGH,11,808,False,False,False,12,88,2,1,5,0,14,0,12
D7|PET_CAFE+PIZZA_SHOP|LOW,7,PET_CAFE,PIZZA_SHOP,,LOW,10,808,False,False,False,12,88,3,1,3,0,14,4,12
D7|PET_CAFE+PIZZA_SHOP|BASE,7,PET_CAFE,PIZZA_SHOP,,BASE,10,1208,False,False,False,12,88,4,1,3,0,14,4,12
D7|PET_CAFE+PIZZA_SHOP|HIGH,7,PET_CAFE,PIZZA_SHOP,,HIGH,11,1308,False,False,False,12,88,4,1,3,0,14,6,12
D7|PET_CAFE+BRUNCH_SPOT|LOW,7,PET_CAFE,BRUNCH_SPOT,,LOW,10,3538,True,True,False,25,88,2,1,3,12,14,0,12
D7|PET_CAFE+BRUNCH_SPOT|BASE,7,PET_CAFE,BRUNCH_SPOT,,BASE,10,3828,True,True,False,24,88,2,1,4,12,14,0,12
D7|PET_CAFE+BRUNCH_SPOT|HIGH,7,PET_CAFE,BRUNCH_SPOT,,HIGH,11,4128,True,True,False,24,88,2,1,5,12,14,0,12
D7|PET_CAFE+YARN_STORE|LOW,7,PET_CAFE,YARN_STORE,,LOW,10,708,False,False,False,12,88,2,2,3,0,14,0,12
D7|PET_CAFE+YARN_STORE|BASE,7,PET_CAFE,YARN_STORE,,BASE,10,1208,False,False,False,12,88,2,3,3,0,14,0,12
D7|PET_CAFE+YARN_STORE|HIGH,7,PET_CAFE,YARN_STORE,,HIGH,10,1208,False,False,True,12,88,2,3,3,0,14,0,12
D7|PET_CAFE+ICE_CREAM_SHOP|LOW,7,PET_CAFE,ICE_CREAM_SHOP,,LOW,10,3938,True,True,False,25,88,3,1,3,12,14,0,12
D7|PET_CAFE+ICE_CREAM_SHOP|BASE,7,PET_CAFE,ICE_CREAM_SHOP,,BASE,10,4338,True,True,False,25,88,4,1,3,12,14,0,12
D7|PET_CAFE+ICE_CREAM_SHOP|HIGH,7,PET_CAFE,ICE_CREAM_SHOP,,HIGH,11,4538,True,True,False,25,88,4,1,3,14,14,0,12
D7|PET_CAFE+PET_CAFE|LOW,7,PET_CAFE,PET_CAFE,,LOW,10,328,False,False,False,12,88,2,1,3,0,20,0,12
D7|PET_CAFE+PET_CAFE|BASE,7,PET_CAFE,PET_CAFE,,BASE,10,368,False,False,False,8,88,2,1,3,0,24,0,12
D7|PET_CAFE+PET_CAFE|HIGH,7,PET_CAFE,PET_CAFE,,HIGH,11,448,False,False,False,8,88,2,1,3,0,28,0,12
D7|PET_CAFE+SMOOTHIE_SHOP|LOW,7,PET_CAFE,SMOOTHIE_SHOP,,LOW,10,3938,True,True,False,25,88,3,1,3,12,14,0,12
D7|PET_CAFE+SMOOTHIE_SHOP|BASE,7,PET_CAFE,SMOOTHIE_SHOP,,BASE,10,4338,True,True,False,25,88,4,1,3,12,14,0,12
D7|PET_CAFE+SMOOTHIE_SHOP|HIGH,7,PET_CAFE,SMOOTHIE_SHOP,,HIGH,11,4538,True,True,False,25,88,4,1,3,14,14,0,12
D7|PET_CAFE+FARMERS_MARKET|LOW,7,PET_CAFE,FARMERS_MARKET,,LOW,10,3398,True,True,False,23,88,2,1,3,10,18,0,12
D7|PET_CAFE+FARMERS_MARKET|BASE,7,PET_CAFE,FARMERS_MARKET,,BASE,10,3578,True,True,False,21,88,2,1,3,12,18,0,12
D7|PET_CAFE+FARMERS_MARKET|HIGH,7,PET_CAFE,FARMERS_MARKET,,HIGH,11,3778,True,True,False,21,88,2,1,3,14,18,0,12
D7|SMOOTHIE_SHOP+BAKERY|LOW,7,SMOOTHIE_SHOP,BAKERY,,LOW,10,1808,False,False,False,12,88,7,1,1,16,0,0,12
D7|SMOOTHIE_SHOP+BAKERY|BASE,7,SMOOTHIE_SHOP,BAKERY,,BASE,10,1808,False,False,False,12,88,7,1,1,16,0,0,12
D7|SMOOTHIE_SHOP+BAKERY|HIGH,7,SMOOTHIE_SHOP,BAKERY,,HIGH,11,2108,False,False,False,12,88,7,1,2,16,0,0,12
D7|SMOOTHIE_SHOP+PIZZA_SHOP|LOW,7,SMOOTHIE_SHOP,PIZZA_SHOP,,LOW,10,1978,False,False,False,9,88,7,1,1,16,0,4,12
D7|SMOOTHIE_SHOP+PIZZA_SHOP|BASE,7,SMOOTHIE_SHOP,PIZZA_SHOP,,BASE,10,2368,False,False,False,8,88,8,1,1,16,0,4,12
D7|SMOOTHIE_SHOP+PIZZA_SHOP|HIGH,7,SMOOTHIE_SHOP,PIZZA_SHOP,,HIGH,11,2568,False,False,False,8,88,8,1,1,18,0,4,12
D7|SMOOTHIE_SHOP+BRUNCH_SPOT|LOW,7,SMOOTHIE_SHOP,BRUNCH_SPOT,,LOW,10,4478,True,True,False,19,88,7,1,1,22,0,0,12
D7|SMOOTHIE_SHOP+BRUNCH_SPOT|BASE,7,SMOOTHIE_SHOP,BRUNCH_SPOT,,BASE,10,4478,True,True,False,19,88,7,1,1,22,0,0,12
D7|SMOOTHIE_SHOP+BRUNCH_SPOT|HIGH,7,SMOOTHIE_SHOP,BRUNCH_SPOT,,HIGH,11,4778,True,True,False,19,88,7,1,2,22,0,0,12
D7|SMOOTHIE_SHOP+YARN_STORE|LOW,7,SMOOTHIE_SHOP,YARN_STORE,,LOW,10,2308,False,False,False,12,88,7,2,1,16,0,0,12
D7|SMOOTHIE_SHOP+YARN_STORE|BASE,7,SMOOTHIE_SHOP,YARN_STORE,,BASE,10,2798,False,False,False,11,88,7,3,1,16,0,0,12
D7|SMOOTHIE_SHOP+YARN_STORE|HIGH,7,SMOOTHIE_SHOP,YARN_STORE,,HIGH,11,2998,False,False,False,11,88,7,3,1,18,0,0,12
D7|SMOOTHIE_SHOP+ICE_CREAM_SHOP|LOW,7,SMOOTHIE_SHOP,ICE_CREAM_SHOP,,LOW,10,4478,True,True,False,19,88,7,1,1,22,0,0,12
D7|SMOOTHIE_SHOP+ICE_CREAM_SHOP|BASE,7,SMOOTHIE_SHOP,ICE_CREAM_SHOP,,BASE,10,4878,True,True,False,19,88,8,1,1,22,0,0,12
D7|SMOOTHIE_SHOP+ICE_CREAM_SHOP|HIGH,7,SMOOTHIE_SHOP,ICE_CREAM_SHOP,,HIGH,11,5078,True,True,False,19,88,8,1,1,24,0,0,12
D7|SMOOTHIE_SHOP+PET_CAFE|LOW,7,SMOOTHIE_SHOP,PET_CAFE,,LOW,10,4138,True,True,False,25,88,7,1,1,16,10,0,12
D7|SMOOTHIE_SHOP+PET_CAFE|BASE,7,SMOOTHIE_SHOP,PET_CAFE,,BASE,10,4178,True,True,False,21,88,7,1,1,16,14,0,12
D7|SMOOTHIE_SHOP+PET_CAFE|HIGH,7,SMOOTHIE_SHOP,PET_CAFE,,HIGH,11,4258,True,True,False,21,88,7,1,1,16,18,0,12
D7|SMOOTHIE_SHOP+SMOOTHIE_SHOP|LOW,7,SMOOTHIE_SHOP,SMOOTHIE_SHOP,,LOW,10,4478,True,True,False,19,88,7,1,1,22,0,0,12
D7|SMOOTHIE_SHOP+SMOOTHIE_SHOP|BASE,7,SMOOTHIE_SHOP,SMOOTHIE_SHOP,,BASE,10,4878,True,True,False,19,88,8,1,1,22,0,0,12
D7|SMOOTHIE_SHOP+SMOOTHIE_SHOP|HIGH,7,SMOOTHIE_SHOP,SMOOTHIE_SHOP,,HIGH,11,5078,True,True,False,19,88,8,1,1,24,0,0,12
D7|SMOOTHIE_SHOP+FARMERS_MARKET|LOW,7,SMOOTHIE_SHOP,FARMERS_MARKET,,LOW,10,4418,True,True,False,21,88,7,1,1,20,6,0,12
D7|SMOOTHIE_SHOP+FARMERS_MARKET|BASE,7,SMOOTHIE_SHOP,FARMERS_MARKET,,BASE,10,4598,True,True,False,19,88,7,1,1,22,6,0,12
D7|SMOOTHIE_SHOP+FARMERS_MARKET|HIGH,7,SMOOTHIE_SHOP,FARMERS_MARKET,,HIGH,11,4798,True,True,False,19,88,7,1,1,24,6,0,12
D7|FARMERS_MARKET+BAKERY|LOW,7,FARMERS_MARKET,BAKERY,,LOW,10,1188,False,False,False,10,88,2,1,3,16,6,0,12
D7|FARMERS_MARKET+BAKERY|BASE,7,FARMERS_MARKET,BAKERY,,BASE,10,1478,False,False,False,9,88,2,1,4,16,6,0,12
D7|FARMERS_MARKET+BAKERY|HIGH,7,FARMERS_MARKET,BAKERY,,HIGH,11,1778,False,False,False,9,88,2,1,5,16,6,0,12
D7|FARMERS_MARKET+PIZZA_SHOP|LOW,7,FARMERS_MARKET,PIZZA_SHOP,,LOW,10,3958,True,True,False,27,88,3,1,3,16,6,4,12
D7|FARMERS_MARKET+PIZZA_SHOP|BASE,7,FARMERS_MARKET,PIZZA_SHOP,,BASE,10,4358,True,True,False,27,88,4,1,3,16,6,4,12
D7|FARMERS_MARKET+PIZZA_SHOP|HIGH,7,FARMERS_MARKET,PIZZA_SHOP,,HIGH,11,4558,True,True,False,27,88,4,1,3,18,6,4,12
D7|FARMERS_MARKET+BRUNCH_SPOT|LOW,7,FARMERS_MARKET,BRUNCH_SPOT,,LOW,10,3898,True,True,False,21,88,2,1,3,22,6,0,12
D7|FARMERS_MARKET+BRUNCH_SPOT|BASE,7,FARMERS_MARKET,BRUNCH_SPOT,,BASE,10,4188,True,True,False,20,88,2,1,4,22,6,0,12
D7|FARMERS_MARKET+BRUNCH_SPOT|HIGH,7,FARMERS_MARKET,BRUNCH_SPOT,,HIGH,11,4488,True,True,False,20,88,2,1,5,22,6,0,12
D7|FARMERS_MARKET+YARN_STORE|LOW,7,FARMERS_MARKET,YARN_STORE,,LOW,10,1678,False,False,False,9,88,2,2,3,16,6,0,12
D7|FARMERS_MARKET+YARN_STORE|BASE,7,FARMERS_MARKET,YARN_STORE,,BASE,10,2168,False,False,False,8,88,2,3,3,16,6,0,12
D7|FARMERS_MARKET+YARN_STORE|HIGH,7,FARMERS_MARKET,YARN_STORE,,HIGH,11,2368,False,False,False,8,88,2,3,3,18,6,0,12
D7|FARMERS_MARKET+ICE_CREAM_SHOP|LOW,7,FARMERS_MARKET,ICE_CREAM_SHOP,,LOW,10,4298,True,True,False,21,88,3,1,3,22,6,0,12
D7|FARMERS_MARKET+ICE_CREAM_SHOP|BASE,7,FARMERS_MARKET,ICE_CREAM_SHOP,,BASE,10,4698,True,True,False,21,88,4,1,3,22,6,0,12
D7|FARMERS_MARKET+ICE_CREAM_SHOP|HIGH,7,FARMERS_MARKET,ICE_CREAM_SHOP,,HIGH,11,4898,True,True,False,21,88,4,1,3,24,6,0,12
D7|FARMERS_MARKET+PET_CAFE|LOW,7,FARMERS_MARKET,PET_CAFE,,LOW,10,3478,True,True,False,23,88,2,1,3,16,14,0,12
D7|FARMERS_MARKET+PET_CAFE|BASE,7,FARMERS_MARKET,PET_CAFE,,BASE,10,3518,True,True,False,19,88,2,1,3,16,18,0,12
D7|FARMERS_MARKET+PET_CAFE|HIGH,7,FARMERS_MARKET,PET_CAFE,,HIGH,11,3598,True,True,False,19,88,2,1,3,16,22,0,12
D7|FARMERS_MARKET+SMOOTHIE_SHOP|LOW,7,FARMERS_MARKET,SMOOTHIE_SHOP,,LOW,10,4298,True,True,False,21,88,3,1,3,22,6,0,12
D7|FARMERS_MARKET+SMOOTHIE_SHOP|BASE,7,FARMERS_MARKET,SMOOTHIE_SHOP,,BASE,10,4698,True,True,False,21,88,4,1,3,22,6,0,12
D7|FARMERS_MARKET+SMOOTHIE_SHOP|HIGH,7,FARMERS_MARKET,SMOOTHIE_SHOP,,HIGH,11,4898,True,True,False,21,88,4,1,3,24,6,0,12
D7|FARMERS_MARKET+FARMERS_MARKET|LOW,7,FARMERS_MARKET,FARMERS_MARKET,,LOW,10,3718,True,True,False,23,88,2,1,3,20,6,0,12
D7|FARMERS_MARKET+FARMERS_MARKET|BASE,7,FARMERS_MARKET,FARMERS_MARKET,,BASE,10,3898,True,True,False,21,88,2,1,3,22,6,0,12
D7|FARMERS_MARKET+FARMERS_MARKET|HIGH,7,FARMERS_MARKET,FARMERS_MARKET,,HIGH,11,4098,True,True,False,21,88,2,1,3,24,6,0,12
D8|BAKERY+BAKERY|LOW,8,BAKERY,BAKERY,,LOW,10,143,False,False,False,0,143,2,1,6,0,0,0,12
D8|BAKERY+BAKERY|BASE,8,BAKERY,BAKERY,,BASE,10,143,False,False,False,0,143,2,1,6,0,0,0,12
D8|BAKERY+BAKERY|HIGH,8,BAKERY,BAKERY,,HIGH,11,443,False,False,False,0,143,2,1,7,0,0,0,12
D8|BAKERY+PIZZA_SHOP|LOW,8,BAKERY,PIZZA_SHOP,,LOW,10,243,False,False,False,0,143,4,1,4,0,0,6,12
D8|BAKERY+PIZZA_SHOP|BASE,8,BAKERY,PIZZA_SHOP,,BASE,10,643,False,False,False,0,143,5,1,4,0,0,6,12
D8|BAKERY+PIZZA_SHOP|HIGH,8,BAKERY,PIZZA_SHOP,,HIGH,11,1043,False,False,False,0,143,6,1,4,0,0,6,12
D8|BAKERY+BRUNCH_SPOT|LOW,8,BAKERY,BRUNCH_SPOT,,LOW,10,743,False,False,False,0,143,2,1,6,18,0,0,12
D8|BAKERY+BRUNCH_SPOT|BASE,8,BAKERY,BRUNCH_SPOT,,BASE,10,743,False,False,False,0,143,2,1,6,18,0,0,12
D8|BAKERY+BRUNCH_SPOT|HIGH,8,BAKERY,BRUNCH_SPOT,,HIGH,11,1043,False,False,False,0,143,2,1,7,18,0,0,12
D8|BAKERY+YARN_STORE|LOW,8,BAKERY,YARN_STORE,,LOW,10,143,False,False,False,0,143,2,3,4,0,0,0,12
D8|BAKERY+YARN_STORE|BASE,8,BAKERY,YARN_STORE,,BASE,10,643,False,False,False,0,143,2,4,4,0,0,0,12
D8|BAKERY+YARN_STORE|HIGH,8,BAKERY,YARN_STORE,,HIGH,11,1143,False,False,False,0,143,2,5,4,0,0,0,12
D8|BAKERY+ICE_CREAM_SHOP|LOW,8,BAKERY,ICE_CREAM_SHOP,,LOW,10,743,False,False,False,0,143,4,1,4,18,0,0,12
D8|BAKERY+ICE_CREAM_SHOP|BASE,8,BAKERY,ICE_CREAM_SHOP,,BASE,10,1143,False,False,False,0,143,5,1,4,18,0,0,12
D8|BAKERY+ICE_CREAM_SHOP|HIGH,8,BAKERY,ICE_CREAM_SHOP,,HIGH,11,1543,False,False,False,0,143,6,1,4,18,0,0,12
D8|BAKERY+PET_CAFE|LOW,8,BAKERY,PET_CAFE,,LOW,10,143,False,False,False,0,143,2,1,4,0,14,0,12
D8|BAKERY+PET_CAFE|BASE,8,BAKERY,PET_CAFE,,BASE,10,143,False,False,False,0,143,2,1,4,0,14,0,12
D8|BAKERY+PET_CAFE|HIGH,8,BAKERY,PET_CAFE,,HIGH,11,223,False,False,False,0,143,2,1,4,0,18,0,12
D8|BAKERY+SMOOTHIE_SHOP|LOW,8,BAKERY,SMOOTHIE_SHOP,,LOW,10,743,False,False,False,0,143,4,1,4,18,0,0,12
D8|BAKERY+SMOOTHIE_SHOP|BASE,8,BAKERY,SMOOTHIE_SHOP,,BASE,10,1143,False,False,False,0,143,5,1,4,18,0,0,12
D8|BAKERY+SMOOTHIE_SHOP|HIGH,8,BAKERY,SMOOTHIE_SHOP,,HIGH,11,1543,False,False,False,0,143,6,1,4,18,0,0,12
D8|BAKERY+FARMERS_MARKET|LOW,8,BAKERY,FARMERS_MARKET,,LOW,10,543,False,False,False,0,143,2,1,4,16,6,0,12
D8|BAKERY+FARMERS_MARKET|BASE,8,BAKERY,FARMERS_MARKET,,BASE,10,2743,True,True,False,0,143,2,1,4,18,6,0,12
D8|BAKERY+FARMERS_MARKET|HIGH,8,BAKERY,FARMERS_MARKET,,HIGH,11,2943,True,True,False,0,143,2,1,4,20,6,0,12
D8|PIZZA_SHOP+BAKERY|LOW,8,PIZZA_SHOP,BAKERY,,LOW,10,643,False,False,False,0,143,8,1,1,0,0,8,12
D8|PIZZA_SHOP+BAKERY|BASE,8,PIZZA_SHOP,BAKERY,,BASE,10,643,False,False,False,0,143,8,1,1,0,0,8,12
D8|PIZZA_SHOP+BAKERY|HIGH,8,PIZZA_SHOP,BAKERY,,HIGH,11,943,False,False,False,0,143,8,1,2,0,0,8,12
D8|PIZZA_SHOP+PIZZA_SHOP|LOW,8,PIZZA_SHOP,PIZZA_SHOP,,LOW,10,243,False,False,False,0,143,8,1,1,0,0,10,12
D8|PIZZA_SHOP+PIZZA_SHOP|BASE,8,PIZZA_SHOP,PIZZA_SHOP,,BASE,10,643,False,False,False,0,143,9,1,1,0,0,10,12
D8|PIZZA_SHOP+PIZZA_SHOP|HIGH,8,PIZZA_SHOP,PIZZA_SHOP,,HIGH,11,1043,False,False,False,0,143,10,1,1,0,0,10,12
D8|PIZZA_SHOP+BRUNCH_SPOT|LOW,8,PIZZA_SHOP,BRUNCH_SPOT,,LOW,10,3243,True,True,False,0,143,8,1,1,18,0,8,12
D8|PIZZA_SHOP+BRUNCH_SPOT|BASE,8,PIZZA_SHOP,BRUNCH_SPOT,,BASE,10,3243,True,True,False,0,143,8,1,1,18,0,8,12
D8|PIZZA_SHOP+BRUNCH_SPOT|HIGH,8,PIZZA_SHOP,BRUNCH_SPOT,,HIGH,11,3543,True,True,False,0,143,8,1,2,18,0,8,12
D8|PIZZA_SHOP+YARN_STORE|LOW,8,PIZZA_SHOP,YARN_STORE,,LOW,10,643,False,False,False,0,143,8,3,1,0,0,8,12
D8|PIZZA_SHOP+YARN_STORE|BASE,8,PIZZA_SHOP,YARN_STORE,,BASE,10,1143,False,False,False,0,143,8,4,1,0,0,8,12
D8|PIZZA_SHOP+YARN_STORE|HIGH,8,PIZZA_SHOP,YARN_STORE,,HIGH,11,1643,False,False,False,0,143,8,5,1,0,0,8,12
D8|PIZZA_SHOP+ICE_CREAM_SHOP|LOW,8,PIZZA_SHOP,ICE_CREAM_SHOP,,LOW,10,2843,True,True,False,0,143,8,1,1,18,0,8,12
D8|PIZZA_SHOP+ICE_CREAM_SHOP|BASE,8,PIZZA_SHOP,ICE_CREAM_SHOP,,BASE,10,3243,True,True,False,0,143,9,1,1,18,0,8,12
D8|PIZZA_SHOP+ICE_CREAM_SHOP|HIGH,8,PIZZA_SHOP,ICE_CREAM_SHOP,,HIGH,11,3643,True,True,False,0,143,10,1,1,18,0,8,12
D8|PIZZA_SHOP+PET_CAFE|LOW,8,PIZZA_SHOP,PET_CAFE,,LOW,10,2643,True,True,False,0,143,8,1,1,0,14,8,12
D8|PIZZA_SHOP+PET_CAFE|BASE,8,PIZZA_SHOP,PET_CAFE,,BASE,10,2643,True,True,False,0,143,8,1,1,0,14,8,12
D8|PIZZA_SHOP+PET_CAFE|HIGH,8,PIZZA_SHOP,PET_CAFE,,HIGH,11,2723,True,True,False,0,143,8,1,1,0,18,8,12
D8|PIZZA_SHOP+SMOOTHIE_SHOP|LOW,8,PIZZA_SHOP,SMOOTHIE_SHOP,,LOW,10,2843,True,True,False,0,143,8,1,1,18,0,8,12
D8|PIZZA_SHOP+SMOOTHIE_SHOP|BASE,8,PIZZA_SHOP,SMOOTHIE_SHOP,,BASE,10,3243,True,True,False,0,143,9,1,1,18,0,8,12
D8|PIZZA_SHOP+SMOOTHIE_SHOP|HIGH,8,PIZZA_SHOP,SMOOTHIE_SHOP,,HIGH,11,3643,True,True,False,0,143,10,1,1,18,0,8,12
D8|PIZZA_SHOP+FARMERS_MARKET|LOW,8,PIZZA_SHOP,FARMERS_MARKET,,LOW,10,1043,False,True,False,0,143,8,1,1,16,6,8,12
D8|PIZZA_SHOP+FARMERS_MARKET|BASE,8,PIZZA_SHOP,FARMERS_MARKET,,BASE,10,1243,False,True,False,0,143,8,1,1,18,6,8,12
D8|PIZZA_SHOP+FARMERS_MARKET|HIGH,8,PIZZA_SHOP,FARMERS_MARKET,,HIGH,11,1443,False,True,False,0,143,8,1,1,20,6,8,12
D8|BRUNCH_SPOT+BAKERY|LOW,8,BRUNCH_SPOT,BAKERY,,LOW,10,543,False,False,False,0,143,2,1,6,20,0,0,12
D8|BRUNCH_SPOT+BAKERY|BASE,8,BRUNCH_SPOT,BAKERY,,BASE,10,543,False,False,False,0,143,2,1,6,20,0,0,12
D8|BRUNCH_SPOT+BAKERY|HIGH,8,BRUNCH_SPOT,BAKERY,,HIGH,11,843,False,False,False,0,143,2,1,7,20,0,0,12
D8|BRUNCH_SPOT+PIZZA_SHOP|LOW,8,BRUNCH_SPOT,PIZZA_SHOP,,LOW,10,2643,True,True,False,0,143,4,1,4,20,0,6,12
D8|BRUNCH_SPOT+PIZZA_SHOP|BASE,8,BRUNCH_SPOT,PIZZA_SHOP,,BASE,10,3043,True,True,False,0,143,5,1,4,20,0,6,12
D8|BRUNCH_SPOT+PIZZA_SHOP|HIGH,8,BRUNCH_SPOT,PIZZA_SHOP,,HIGH,11,3443,True,True,False,0,143,6,1,4,20,0,6,12
D8|BRUNCH_SPOT+BRUNCH_SPOT|LOW,8,BRUNCH_SPOT,BRUNCH_SPOT,,LOW,10,543,False,True,False,0,143,2,1,6,26,0,0,12
D8|BRUNCH_SPOT+BRUNCH_SPOT|BASE,8,BRUNCH_SPOT,BRUNCH_SPOT,,BASE,10,543,False,True,False,0,143,2,1,6,26,0,0,12
D8|BRUNCH_SPOT+BRUNCH_SPOT|HIGH,8,BRUNCH_SPOT,BRUNCH_SPOT,,HIGH,11,843,False,True,False,0,143,2,1,7,26,0,0,12
D8|BRUNCH_SPOT+YARN_STORE|LOW,8,BRUNCH_SPOT,YARN_STORE,,LOW,10,543,False,False,False,0,143,2,3,4,20,0,0,12
D8|BRUNCH_SPOT+YARN_STORE|BASE,8,BRUNCH_SPOT,YARN_STORE,,BASE,10,1043,False,False,False,0,143,2,4,4,20,0,0,12
D8|BRUNCH_SPOT+YARN_STORE|HIGH,8,BRUNCH_SPOT,YARN_STORE,,HIGH,11,1543,False,False,False,0,143,2,5,4,20,0,0,12
D8|BRUNCH_SPOT+ICE_CREAM_SHOP|LOW,8,BRUNCH_SPOT,ICE_CREAM_SHOP,,LOW,10,543,False,True,False,0,143,4,1,4,26,0,0,12
D8|BRUNCH_SPOT+ICE_CREAM_SHOP|BASE,8,BRUNCH_SPOT,ICE_CREAM_SHOP,,BASE,10,943,False,True,False,0,143,5,1,4,26,0,0,12
D8|BRUNCH_SPOT+ICE_CREAM_SHOP|HIGH,8,BRUNCH_SPOT,ICE_CREAM_SHOP,,HIGH,11,1343,False,True,False,0,143,6,1,4,26,0,0,12
D8|BRUNCH_SPOT+PET_CAFE|LOW,8,BRUNCH_SPOT,PET_CAFE,,LOW,10,543,False,True,False,0,143,2,1,4,20,14,0,12
D8|BRUNCH_SPOT+PET_CAFE|BASE,8,BRUNCH_SPOT,PET_CAFE,,BASE,10,543,False,True,False,0,143,2,1,4,20,14,0,12
D8|BRUNCH_SPOT+PET_CAFE|HIGH,8,BRUNCH_SPOT,PET_CAFE,,HIGH,11,623,False,True,False,0,143,2,1,4,20,18,0,12
D8|BRUNCH_SPOT+SMOOTHIE_SHOP|LOW,8,BRUNCH_SPOT,SMOOTHIE_SHOP,,LOW,10,543,False,True,False,0,143,4,1,4,26,0,0,12
D8|BRUNCH_SPOT+SMOOTHIE_SHOP|BASE,8,BRUNCH_SPOT,SMOOTHIE_SHOP,,BASE,10,943,False,True,False,0,143,5,1,4,26,0,0,12
D8|BRUNCH_SPOT+SMOOTHIE_SHOP|HIGH,8,BRUNCH_SPOT,SMOOTHIE_SHOP,,HIGH,11,1343,False,True,False,0,143,6,1,4,26,0,0,12
D8|BRUNCH_SPOT+FARMERS_MARKET|LOW,8,BRUNCH_SPOT,FARMERS_MARKET,,LOW,10,343,False,True,False,0,143,2,1,4,24,6,0,12
D8|BRUNCH_SPOT+FARMERS_MARKET|BASE,8,BRUNCH_SPOT,FARMERS_MARKET,,BASE,10,543,False,True,False,0,143,2,1,4,26,6,0,12
D8|BRUNCH_SPOT+FARMERS_MARKET|HIGH,8,BRUNCH_SPOT,FARMERS_MARKET,,HIGH,11,743,False,True,False,0,143,2,1,4,28,6,0,12
D8|YARN_STORE+BAKERY|LOW,8,YARN_STORE,BAKERY,,LOW,10,643,False,False,False,0,143,2,7,1,0,0,0,12
D8|YARN_STORE+BAKERY|BASE,8,YARN_STORE,BAKERY,,BASE,10,643,False,False,False,0,143,2,7,1,0,0,0,12
D8|YARN_STORE+BAKERY|HIGH,8,YARN_STORE,BAKERY,,HIGH,11,943,False,False,False,0,143,2,7,2,0,0,0,12
D8|YARN_STORE+PIZZA_SHOP|LOW,8,YARN_STORE,PIZZA_SHOP,,LOW,10,743,False,False,False,0,143,4,7,1,0,0,6,12
D8|YARN_STORE+PIZZA_SHOP|BASE,8,YARN_STORE,PIZZA_SHOP,,BASE,10,1143,False,False,False,0,143,5,7,1,0,0,6,12
D8|YARN_STORE+PIZZA_SHOP|HIGH,8,YARN_STORE,PIZZA_SHOP,,HIGH,11,1543,False,False,False,0,143,6,7,1,0,0,6,12
D8|YARN_STORE+BRUNCH_SPOT|LOW,8,YARN_STORE,BRUNCH_SPOT,,LOW,10,1243,False,False,False,0,143,2,7,1,18,0,0,12
D8|YARN_STORE+BRUNCH_SPOT|BASE,8,YARN_STORE,BRUNCH_SPOT,,BASE,10,1243,False,False,False,0,143,2,7,1,18,0,0,12
D8|YARN_STORE+BRUNCH_SPOT|HIGH,8,YARN_STORE,BRUNCH_SPOT,,HIGH,11,1543,False,False,False,0,143,2,7,2,18,0,0,12
D8|YARN_STORE+YARN_STORE|LOW,8,YARN_STORE,YARN_STORE,,LOW,10,643,False,False,False,0,143,2,8,1,0,0,0,12
D8|YARN_STORE+YARN_STORE|BASE,8,YARN_STORE,YARN_STORE,,BASE,10,1143,False,False,False,0,143,2,9,1,0,0,0,12
D8|YARN_STORE+YARN_STORE|HIGH,8,YARN_STORE,YARN_STORE,,HIGH,10,1143,False,False,True,0,143,2,9,1,0,0,0,12
D8|YARN_STORE+ICE_CREAM_SHOP|LOW,8,YARN_STORE,ICE_CREAM_SHOP,,LOW,10,1243,False,False,False,0,143,4,7,1,18,0,0,12
D8|YARN_STORE+ICE_CREAM_SHOP|BASE,8,YARN_STORE,ICE_CREAM_SHOP,,BASE,10,3643,True,True,False,0,143,5,7,1,18,0,0,12
D8|YARN_STORE+ICE_CREAM_SHOP|HIGH,8,YARN_STORE,ICE_CREAM_SHOP,,HIGH,11,4043,True,True,False,0,143,6,7,1,18,0,0,12
D8|YARN_STORE+PET_CAFE|LOW,8,YARN_STORE,PET_CAFE,,LOW,10,643,False,False,False,0,143,2,7,1,0,14,0,12
D8|YARN_STORE+PET_CAFE|BASE,8,YARN_STORE,PET_CAFE,,BASE,10,643,False,False,False,0,143,2,7,1,0,14,0,12
D8|YARN_STORE+PET_CAFE|HIGH,8,YARN_STORE,PET_CAFE,,HIGH,11,723,False,False,False,0,143,2,7,1,0,18,0,12
D8|YARN_STORE+SMOOTHIE_SHOP|LOW,8,YARN_STORE,SMOOTHIE_SHOP,,LOW,10,1243,False,False,False,0,143,4,7,1,18,0,0,12
D8|YARN_STORE+SMOOTHIE_SHOP|BASE,8,YARN_STORE,SMOOTHIE_SHOP,,BASE,10,3643,True,True,False,0,143,5,7,1,18,0,0,12
D8|YARN_STORE+SMOOTHIE_SHOP|HIGH,8,YARN_STORE,SMOOTHIE_SHOP,,HIGH,11,4043,True,True,False,0,143,6,7,1,18,0,0,12
D8|YARN_STORE+FARMERS_MARKET|LOW,8,YARN_STORE,FARMERS_MARKET,,LOW,10,3043,True,True,False,0,143,2,7,1,16,6,0,12
D8|YARN_STORE+FARMERS_MARKET|BASE,8,YARN_STORE,FARMERS_MARKET,,BASE,10,3243,True,True,False,0,143,2,7,1,18,6,0,12
D8|YARN_STORE+FARMERS_MARKET|HIGH,8,YARN_STORE,FARMERS_MARKET,,HIGH,11,3443,True,True,False,0,143,2,7,1,20,6,0,12
D8|ICE_CREAM_SHOP+BAKERY|LOW,8,ICE_CREAM_SHOP,BAKERY,,LOW,10,943,False,False,False,0,143,8,1,1,20,0,0,12
D8|ICE_CREAM_SHOP+BAKERY|BASE,8,ICE_CREAM_SHOP,BAKERY,,BASE,10,943,False,False,False,0,143,8,1,1,20,0,0,12
D8|ICE_CREAM_SHOP+BAKERY|HIGH,8,ICE_CREAM_SHOP,BAKERY,,HIGH,11,1243,False,False,False,0,143,8,1,2,20,0,0,12
D8|ICE_CREAM_SHOP+PIZZA_SHOP|LOW,8,ICE_CREAM_SHOP,PIZZA_SHOP,,LOW,10,2643,True,True,False,0,143,8,1,1,20,0,6,12
D8|ICE_CREAM_SHOP+PIZZA_SHOP|BASE,8,ICE_CREAM_SHOP,PIZZA_SHOP,,BASE,10,3043,True,True,False,0,143,9,1,1,20,0,6,12
D8|ICE_CREAM_SHOP+PIZZA_SHOP|HIGH,8,ICE_CREAM_SHOP,PIZZA_SHOP,,HIGH,11,3443,True,True,False,0,143,10,1,1,20,0,6,12
D8|ICE_CREAM_SHOP+BRUNCH_SPOT|LOW,8,ICE_CREAM_SHOP,BRUNCH_SPOT,,LOW,10,943,False,True,False,0,143,8,1,1,26,0,0,12
D8|ICE_CREAM_SHOP+BRUNCH_SPOT|BASE,8,ICE_CREAM_SHOP,BRUNCH_SPOT,,BASE,10,943,False,True,False,0,143,8,1,1,26,0,0,12
D8|ICE_CREAM_SHOP+BRUNCH_SPOT|HIGH,8,ICE_CREAM_SHOP,BRUNCH_SPOT,,HIGH,11,1243,False,True,False,0,143,8,1,2,26,0,0,12
D8|ICE_CREAM_SHOP+YARN_STORE|LOW,8,ICE_CREAM_SHOP,YARN_STORE,,LOW,10,2943,True,True,False,0,143,8,3,1,20,0,0,12
D8|ICE_CREAM_SHOP+YARN_STORE|BASE,8,ICE_CREAM_SHOP,YARN_STORE,,BASE,10,3443,True,True,False,0,143,8,4,1,20,0,0,12
D8|ICE_CREAM_SHOP+YARN_STORE|HIGH,8,ICE_CREAM_SHOP,YARN_STORE,,HIGH,11,3943,True,True,False,0,143,8,5,1,20,0,0,12
D8|ICE_CREAM_SHOP+ICE_CREAM_SHOP|LOW,8,ICE_CREAM_SHOP,ICE_CREAM_SHOP,,LOW,10,543,False,True,False,0,143,8,1,1,26,0,0,12
D8|ICE_CREAM_SHOP+ICE_CREAM_SHOP|BASE,8,ICE_CREAM_SHOP,ICE_CREAM_SHOP,,BASE,10,943,False,True,False,0,143,9,1,1,26,0,0,12
D8|ICE_CREAM_SHOP+ICE_CREAM_SHOP|HIGH,8,ICE_CREAM_SHOP,ICE_CREAM_SHOP,,HIGH,11,1343,False,True,False,0,143,10,1,1,26,0,0,12
D8|ICE_CREAM_SHOP+PET_CAFE|LOW,8,ICE_CREAM_SHOP,PET_CAFE,,LOW,10,943,False,True,False,0,143,8,1,1,20,14,0,12
D8|ICE_CREAM_SHOP+PET_CAFE|BASE,8,ICE_CREAM_SHOP,PET_CAFE,,BASE,10,943,False,True,False,0,143,8,1,1,20,14,0,12
D8|ICE_CREAM_SHOP+PET_CAFE|HIGH,8,ICE_CREAM_SHOP,PET_CAFE,,HIGH,11,1023,False,True,False,0,143,8,1,1,20,18,0,12
D8|ICE_CREAM_SHOP+SMOOTHIE_SHOP|LOW,8,ICE_CREAM_SHOP,SMOOTHIE_SHOP,,LOW,10,543,False,True,False,0,143,8,1,1,26,0,0,12
D8|ICE_CREAM_SHOP+SMOOTHIE_SHOP|BASE,8,ICE_CREAM_SHOP,SMOOTHIE_SHOP,,BASE,10,943,False,True,False,0,143,9,1,1,26,0,0,12
D8|ICE_CREAM_SHOP+SMOOTHIE_SHOP|HIGH,8,ICE_CREAM_SHOP,SMOOTHIE_SHOP,,HIGH,11,1343,False,True,False,0,143,10,1,1,26,0,0,12
D8|ICE_CREAM_SHOP+FARMERS_MARKET|LOW,8,ICE_CREAM_SHOP,FARMERS_MARKET,,LOW,10,743,False,True,False,0,143,8,1,1,24,6,0,12
D8|ICE_CREAM_SHOP+FARMERS_MARKET|BASE,8,ICE_CREAM_SHOP,FARMERS_MARKET,,BASE,10,943,False,True,False,0,143,8,1,1,26,6,0,12
D8|ICE_CREAM_SHOP+FARMERS_MARKET|HIGH,8,ICE_CREAM_SHOP,FARMERS_MARKET,,HIGH,11,1143,False,True,False,0,143,8,1,1,28,6,0,12
D8|PET_CAFE+BAKERY|LOW,8,PET_CAFE,BAKERY,,LOW,10,143,False,False,False,0,143,2,1,4,0,14,0,12
D8|PET_CAFE+BAKERY|BASE,8,PET_CAFE,BAKERY,,BASE,10,143,False,False,False,0,143,2,1,4,0,14,0,12
D8|PET_CAFE+BAKERY|HIGH,8,PET_CAFE,BAKERY,,HIGH,11,443,False,False,False,0,143,2,1,5,0,14,0,12
D8|PET_CAFE+PIZZA_SHOP|LOW,8,PET_CAFE,PIZZA_SHOP,,LOW,10,243,False,False,False,0,143,4,1,3,0,14,6,12
D8|PET_CAFE+PIZZA_SHOP|BASE,8,PET_CAFE,PIZZA_SHOP,,BASE,10,643,False,False,False,0,143,5,1,3,0,14,6,12
D8|PET_CAFE+PIZZA_SHOP|HIGH,8,PET_CAFE,PIZZA_SHOP,,HIGH,11,1043,False,False,False,0,143,6,1,3,0,14,6,12
D8|PET_CAFE+BRUNCH_SPOT|LOW,8,PET_CAFE,BRUNCH_SPOT,,LOW,10,743,False,True,False,0,143,2,1,4,18,14,0,12
D8|PET_CAFE+BRUNCH_SPOT|BASE,8,PET_CAFE,BRUNCH_SPOT,,BASE,10,743,False,True,False,0,143,2,1,4,18,14,0,12
D8|PET_CAFE+BRUNCH_SPOT|HIGH,8,PET_CAFE,BRUNCH_SPOT,,HIGH,11,1043,False,True,False,0,143,2,1,5,18,14,0,12
D8|PET_CAFE+YARN_STORE|LOW,8,PET_CAFE,YARN_STORE,,LOW,10,143,False,False,False,0,143,2,3,3,0,14,0,12
D8|PET_CAFE+YARN_STORE|BASE,8,PET_CAFE,YARN_STORE,,BASE,10,643,False,False,False,0,143,2,4,3,0,14,0,12
D8|PET_CAFE+YARN_STORE|HIGH,8,PET_CAFE,YARN_STORE,,HIGH,11,1143,False,False,False,0,143,2,5,3,0,14,0,12
D8|PET_CAFE+ICE_CREAM_SHOP|LOW,8,PET_CAFE,ICE_CREAM_SHOP,,LOW,10,743,False,True,False,0,143,4,1,3,18,14,0,12
D8|PET_CAFE+ICE_CREAM_SHOP|BASE,8,PET_CAFE,ICE_CREAM_SHOP,,BASE,10,1143,False,True,False,0,143,5,1,3,18,14,0,12
D8|PET_CAFE+ICE_CREAM_SHOP|HIGH,8,PET_CAFE,ICE_CREAM_SHOP,,HIGH,11,1543,False,True,False,0,143,6,1,3,18,14,0,12
D8|PET_CAFE+PET_CAFE|LOW,8,PET_CAFE,PET_CAFE,,LOW,10,143,False,False,False,0,143,2,1,3,0,24,0,12
D8|PET_CAFE+PET_CAFE|BASE,8,PET_CAFE,PET_CAFE,,BASE,10,143,False,False,False,0,143,2,1,3,0,24,0,12
D8|PET_CAFE+PET_CAFE|HIGH,8,PET_CAFE,PET_CAFE,,HIGH,11,223,False,False,False,0,143,2,1,3,0,28,0,12
D8|PET_CAFE+SMOOTHIE_SHOP|LOW,8,PET_CAFE,SMOOTHIE_SHOP,,LOW,10,743,False,True,False,0,143,4,1,3,18,14,0,12
D8|PET_CAFE+SMOOTHIE_SHOP|BASE,8,PET_CAFE,SMOOTHIE_SHOP,,BASE,10,1143,False,True,False,0,143,5,1,3,18,14,0,12
D8|PET_CAFE+SMOOTHIE_SHOP|HIGH,8,PET_CAFE,SMOOTHIE_SHOP,,HIGH,11,1543,False,True,False,0,143,6,1,3,18,14,0,12
D8|PET_CAFE+FARMERS_MARKET|LOW,8,PET_CAFE,FARMERS_MARKET,,LOW,10,543,False,True,False,0,143,2,1,3,16,18,0,12
D8|PET_CAFE+FARMERS_MARKET|BASE,8,PET_CAFE,FARMERS_MARKET,,BASE,10,743,False,True,False,0,143,2,1,3,18,18,0,12
D8|PET_CAFE+FARMERS_MARKET|HIGH,8,PET_CAFE,FARMERS_MARKET,,HIGH,11,943,False,True,False,0,143,2,1,3,20,18,0,12
D8|SMOOTHIE_SHOP+BAKERY|LOW,8,SMOOTHIE_SHOP,BAKERY,,LOW,10,943,False,False,False,0,143,8,1,1,20,0,0,12
D8|SMOOTHIE_SHOP+BAKERY|BASE,8,SMOOTHIE_SHOP,BAKERY,,BASE,10,943,False,False,False,0,143,8,1,1,20,0,0,12
D8|SMOOTHIE_SHOP+BAKERY|HIGH,8,SMOOTHIE_SHOP,BAKERY,,HIGH,11,1243,False,False,False,0,143,8,1,2,20,0,0,12
D8|SMOOTHIE_SHOP+PIZZA_SHOP|LOW,8,SMOOTHIE_SHOP,PIZZA_SHOP,,LOW,10,2643,True,True,False,0,143,8,1,1,20,0,6,12
D8|SMOOTHIE_SHOP+PIZZA_SHOP|BASE,8,SMOOTHIE_SHOP,PIZZA_SHOP,,BASE,10,3043,True,True,False,0,143,9,1,1,20,0,6,12
D8|SMOOTHIE_SHOP+PIZZA_SHOP|HIGH,8,SMOOTHIE_SHOP,PIZZA_SHOP,,HIGH,11,3443,True,True,False,0,143,10,1,1,20,0,6,12
D8|SMOOTHIE_SHOP+BRUNCH_SPOT|LOW,8,SMOOTHIE_SHOP,BRUNCH_SPOT,,LOW,10,943,False,True,False,0,143,8,1,1,26,0,0,12
D8|SMOOTHIE_SHOP+BRUNCH_SPOT|BASE,8,SMOOTHIE_SHOP,BRUNCH_SPOT,,BASE,10,943,False,True,False,0,143,8,1,1,26,0,0,12
D8|SMOOTHIE_SHOP+BRUNCH_SPOT|HIGH,8,SMOOTHIE_SHOP,BRUNCH_SPOT,,HIGH,11,1243,False,True,False,0,143,8,1,2,26,0,0,12
D8|SMOOTHIE_SHOP+YARN_STORE|LOW,8,SMOOTHIE_SHOP,YARN_STORE,,LOW,10,2943,True,True,False,0,143,8,3,1,20,0,0,12
D8|SMOOTHIE_SHOP+YARN_STORE|BASE,8,SMOOTHIE_SHOP,YARN_STORE,,BASE,10,3443,True,True,False,0,143,8,4,1,20,0,0,12
D8|SMOOTHIE_SHOP+YARN_STORE|HIGH,8,SMOOTHIE_SHOP,YARN_STORE,,HIGH,11,3943,True,True,False,0,143,8,5,1,20,0,0,12
D8|SMOOTHIE_SHOP+ICE_CREAM_SHOP|LOW,8,SMOOTHIE_SHOP,ICE_CREAM_SHOP,,LOW,10,543,False,True,False,0,143,8,1,1,26,0,0,12
D8|SMOOTHIE_SHOP+ICE_CREAM_SHOP|BASE,8,SMOOTHIE_SHOP,ICE_CREAM_SHOP,,BASE,10,943,False,True,False,0,143,9,1,1,26,0,0,12
D8|SMOOTHIE_SHOP+ICE_CREAM_SHOP|HIGH,8,SMOOTHIE_SHOP,ICE_CREAM_SHOP,,HIGH,11,1343,False,True,False,0,143,10,1,1,26,0,0,12
D8|SMOOTHIE_SHOP+PET_CAFE|LOW,8,SMOOTHIE_SHOP,PET_CAFE,,LOW,10,943,False,True,False,0,143,8,1,1,20,14,0,12
D8|SMOOTHIE_SHOP+PET_CAFE|BASE,8,SMOOTHIE_SHOP,PET_CAFE,,BASE,10,943,False,True,False,0,143,8,1,1,20,14,0,12
D8|SMOOTHIE_SHOP+PET_CAFE|HIGH,8,SMOOTHIE_SHOP,PET_CAFE,,HIGH,11,1023,False,True,False,0,143,8,1,1,20,18,0,12
D8|SMOOTHIE_SHOP+SMOOTHIE_SHOP|LOW,8,SMOOTHIE_SHOP,SMOOTHIE_SHOP,,LOW,10,543,False,True,False,0,143,8,1,1,26,0,0,12
D8|SMOOTHIE_SHOP+SMOOTHIE_SHOP|BASE,8,SMOOTHIE_SHOP,SMOOTHIE_SHOP,,BASE,10,943,False,True,False,0,143,9,1,1,26,0,0,12
D8|SMOOTHIE_SHOP+SMOOTHIE_SHOP|HIGH,8,SMOOTHIE_SHOP,SMOOTHIE_SHOP,,HIGH,11,1343,False,True,False,0,143,10,1,1,26,0,0,12
D8|SMOOTHIE_SHOP+FARMERS_MARKET|LOW,8,SMOOTHIE_SHOP,FARMERS_MARKET,,LOW,10,743,False,True,False,0,143,8,1,1,24,6,0,12
D8|SMOOTHIE_SHOP+FARMERS_MARKET|BASE,8,SMOOTHIE_SHOP,FARMERS_MARKET,,BASE,10,943,False,True,False,0,143,8,1,1,26,6,0,12
D8|SMOOTHIE_SHOP+FARMERS_MARKET|HIGH,8,SMOOTHIE_SHOP,FARMERS_MARKET,,HIGH,11,1143,False,True,False,0,143,8,1,1,28,6,0,12
D8|FARMERS_MARKET+BAKERY|LOW,8,FARMERS_MARKET,BAKERY,,LOW,10,2543,True,True,False,0,143,2,1,4,20,6,0,12
D8|FARMERS_MARKET+BAKERY|BASE,8,FARMERS_MARKET,BAKERY,,BASE,10,2543,True,True,False,0,143,2,1,4,20,6,0,12
D8|FARMERS_MARKET+BAKERY|HIGH,8,FARMERS_MARKET,BAKERY,,HIGH,11,2843,True,True,False,0,143,2,1,5,20,6,0,12
D8|FARMERS_MARKET+PIZZA_SHOP|LOW,8,FARMERS_MARKET,PIZZA_SHOP,,LOW,10,643,False,True,False,0,143,4,1,3,20,6,6,12
D8|FARMERS_MARKET+PIZZA_SHOP|BASE,8,FARMERS_MARKET,PIZZA_SHOP,,BASE,10,1043,False,True,False,0,143,5,1,3,20,6,6,12
D8|FARMERS_MARKET+PIZZA_SHOP|HIGH,8,FARMERS_MARKET,PIZZA_SHOP,,HIGH,11,1443,False,True,False,0,143,6,1,3,20,6,6,12
D8|FARMERS_MARKET+BRUNCH_SPOT|LOW,8,FARMERS_MARKET,BRUNCH_SPOT,,LOW,10,543,False,True,False,0,143,2,1,4,26,6,0,12
D8|FARMERS_MARKET+BRUNCH_SPOT|BASE,8,FARMERS_MARKET,BRUNCH_SPOT,,BASE,10,543,False,True,False,0,143,2,1,4,26,6,0,12
D8|FARMERS_MARKET+BRUNCH_SPOT|HIGH,8,FARMERS_MARKET,BRUNCH_SPOT,,HIGH,11,843,False,True,False,0,143,2,1,5,26,6,0,12
D8|FARMERS_MARKET+YARN_STORE|LOW,8,FARMERS_MARKET,YARN_STORE,,LOW,10,2543,True,True,False,0,143,2,3,3,20,6,0,12
D8|FARMERS_MARKET+YARN_STORE|BASE,8,FARMERS_MARKET,YARN_STORE,,BASE,10,3043,True,True,False,0,143,2,4,3,20,6,0,12
D8|FARMERS_MARKET+YARN_STORE|HIGH,8,FARMERS_MARKET,YARN_STORE,,HIGH,11,3543,True,True,False,0,143,2,5,3,20,6,0,12
D8|FARMERS_MARKET+ICE_CREAM_SHOP|LOW,8,FARMERS_MARKET,ICE_CREAM_SHOP,,LOW,10,543,False,True,False,0,143,4,1,3,26,6,0,12
D8|FARMERS_MARKET+ICE_CREAM_SHOP|BASE,8,FARMERS_MARKET,ICE_CREAM_SHOP,,BASE,10,943,False,True,False,0,143,5,1,3,26,6,0,12
D8|FARMERS_MARKET+ICE_CREAM_SHOP|HIGH,8,FARMERS_MARKET,ICE_CREAM_SHOP,,HIGH,11,1343,False,True,False,0,143,6,1,3,26,6,0,12
D8|FARMERS_MARKET+PET_CAFE|LOW,8,FARMERS_MARKET,PET_CAFE,,LOW,10,543,False,True,False,0,143,2,1,3,20,18,0,12
D8|FARMERS_MARKET+PET_CAFE|BASE,8,FARMERS_MARKET,PET_CAFE,,BASE,10,543,False,True,False,0,143,2,1,3,20,18,0,12
D8|FARMERS_MARKET+PET_CAFE|HIGH,8,FARMERS_MARKET,PET_CAFE,,HIGH,11,623,False,True,False,0,143,2,1,3,20,22,0,12
D8|FARMERS_MARKET+SMOOTHIE_SHOP|LOW,8,FARMERS_MARKET,SMOOTHIE_SHOP,,LOW,10,543,False,True,False,0,143,4,1,3,26,6,0,12
D8|FARMERS_MARKET+SMOOTHIE_SHOP|BASE,8,FARMERS_MARKET,SMOOTHIE_SHOP,,BASE,10,943,False,True,False,0,143,5,1,3,26,6,0,12
D8|FARMERS_MARKET+SMOOTHIE_SHOP|HIGH,8,FARMERS_MARKET,SMOOTHIE_SHOP,,HIGH,11,1343,False,True,False,0,143,6,1,3,26,6,0,12
D8|FARMERS_MARKET+FARMERS_MARKET|LOW,8,FARMERS_MARKET,FARMERS_MARKET,,LOW,10,343,False,True,False,0,143,2,1,3,24,6,0,12
D8|FARMERS_MARKET+FARMERS_MARKET|BASE,8,FARMERS_MARKET,FARMERS_MARKET,,BASE,10,543,False,True,False,0,143,2,1,3,26,6,0,12
D8|FARMERS_MARKET+FARMERS_MARKET|HIGH,8,FARMERS_MARKET,FARMERS_MARKET,,HIGH,11,743,False,True,False,0,143,2,1,3,28,6,0,12
D9|BAKERY+BAKERY|LOW,9,BAKERY,BAKERY,,LOW,11,313,False,False,False,17,143,2,1,6,0,0,0,12
D9|BAKERY+BAKERY|BASE,9,BAKERY,BAKERY,,BASE,11,313,False,False,False,17,143,2,1,6,0,0,0,12
D9|BAKERY+BAKERY|HIGH,9,BAKERY,BAKERY,,HIGH,12,613,False,False,False,17,143,2,1,7,0,0,0,12
D9|BAKERY+PIZZA_SHOP|LOW,9,BAKERY,PIZZA_SHOP,,LOW,11,333,False,False,False,9,143,5,1,4,0,0,8,12
D9|BAKERY+PIZZA_SHOP|BASE,9,BAKERY,PIZZA_SHOP,,BASE,11,733,False,False,False,9,143,6,1,4,0,0,8,12
D9|BAKERY+PIZZA_SHOP|HIGH,9,BAKERY,PIZZA_SHOP,,HIGH,12,1133,False,False,False,9,143,7,1,4,0,0,8,12
D9|BAKERY+BRUNCH_SPOT|LOW,9,BAKERY,BRUNCH_SPOT,,LOW,11,2803,True,True,False,26,143,2,1,6,22,0,0,12
D9|BAKERY+BRUNCH_SPOT|BASE,9,BAKERY,BRUNCH_SPOT,,BASE,11,2803,True,True,False,26,143,2,1,6,22,0,0,12
D9|BAKERY+BRUNCH_SPOT|HIGH,9,BAKERY,BRUNCH_SPOT,,HIGH,12,3103,True,True,False,26,143,2,1,7,22,0,0,12
D9|BAKERY+YARN_STORE|LOW,9,BAKERY,YARN_STORE,,LOW,11,293,False,False,False,15,143,2,4,4,0,0,0,12
D9|BAKERY+YARN_STORE|BASE,9,BAKERY,YARN_STORE,,BASE,11,793,False,False,False,15,143,2,5,4,0,0,0,12
D9|BAKERY+YARN_STORE|HIGH,9,BAKERY,YARN_STORE,,HIGH,12,1293,False,False,False,15,143,2,6,4,0,0,0,12
D9|BAKERY+ICE_CREAM_SHOP|LOW,9,BAKERY,ICE_CREAM_SHOP,,LOW,11,2793,True,True,False,25,143,5,1,4,22,0,0,12
D9|BAKERY+ICE_CREAM_SHOP|BASE,9,BAKERY,ICE_CREAM_SHOP,,BASE,11,3193,True,True,False,25,143,6,1,4,22,0,0,12
D9|BAKERY+ICE_CREAM_SHOP|HIGH,9,BAKERY,ICE_CREAM_SHOP,,HIGH,12,3593,True,True,False,25,143,7,1,4,22,0,0,12
D9|BAKERY+PET_CAFE|LOW,9,BAKERY,PET_CAFE,,LOW,11,193,False,False,False,5,143,2,1,4,0,14,0,12
D9|BAKERY+PET_CAFE|BASE,9,BAKERY,PET_CAFE,,BASE,11,193,False,False,False,5,143,2,1,4,0,14,0,12
D9|BAKERY+PET_CAFE|HIGH,9,BAKERY,PET_CAFE,,HIGH,12,273,False,False,False,5,143,2,1,4,0,18,0,12
D9|BAKERY+SMOOTHIE_SHOP|LOW,9,BAKERY,SMOOTHIE_SHOP,,LOW,11,2793,True,True,False,25,143,5,1,4,22,0,0,12
D9|BAKERY+SMOOTHIE_SHOP|BASE,9,BAKERY,SMOOTHIE_SHOP,,BASE,11,3193,True,True,False,25,143,6,1,4,22,0,0,12
D9|BAKERY+SMOOTHIE_SHOP|HIGH,9,BAKERY,SMOOTHIE_SHOP,,HIGH,12,3593,True,True,False,25,143,7,1,4,22,0,0,12
D9|BAKERY+FARMERS_MARKET|LOW,9,BAKERY,FARMERS_MARKET,,LOW,11,353,False,True,False,1,143,2,1,4,20,6,0,12
D9|BAKERY+FARMERS_MARKET|BASE,9,BAKERY,FARMERS_MARKET,,BASE,11,553,False,True,False,1,143,2,1,4,22,6,0,12
D9|BAKERY+FARMERS_MARKET|HIGH,9,BAKERY,FARMERS_MARKET,,HIGH,12,753,False,True,False,1,143,2,1,4,24,6,0,12
D9|PIZZA_SHOP+BAKERY|LOW,9,PIZZA_SHOP,BAKERY,,LOW,11,623,False,False,False,8,143,9,1,1,0,0,8,12
D9|PIZZA_SHOP+BAKERY|BASE,9,PIZZA_SHOP,BAKERY,,BASE,11,623,False,False,False,8,143,9,1,1,0,0,8,12
D9|PIZZA_SHOP+BAKERY|HIGH,9,PIZZA_SHOP,BAKERY,,HIGH,12,923,False,False,False,8,143,9,1,2,0,0,8,12
D9|PIZZA_SHOP+PIZZA_SHOP|LOW,9,PIZZA_SHOP,PIZZA_SHOP,,LOW,11,303,False,False,False,6,143,9,1,1,0,0,12,12
D9|PIZZA_SHOP+PIZZA_SHOP|BASE,9,PIZZA_SHOP,PIZZA_SHOP,,BASE,11,703,False,False,False,6,143,10,1,1,0,0,12,12
D9|PIZZA_SHOP+PIZZA_SHOP|HIGH,9,PIZZA_SHOP,PIZZA_SHOP,,HIGH,12,1103,False,False,False,6,143,11,1,1,0,0,12,12
D9|PIZZA_SHOP+BRUNCH_SPOT|LOW,9,PIZZA_SHOP,BRUNCH_SPOT,,LOW,11,943,False,True,False,0,143,9,1,1,22,0,8,12
D9|PIZZA_SHOP+BRUNCH_SPOT|BASE,9,PIZZA_SHOP,BRUNCH_SPOT,,BASE,11,943,False,True,False,0,143,9,1,1,22,0,8,12
D9|PIZZA_SHOP+BRUNCH_SPOT|HIGH,9,PIZZA_SHOP,BRUNCH_SPOT,,HIGH,12,1243,False,True,False,0,143,9,1,2,22,0,8,12
D9|PIZZA_SHOP+YARN_STORE|LOW,9,PIZZA_SHOP,YARN_STORE,,LOW,11,583,False,False,False,4,143,9,4,1,0,0,8,12
D9|PIZZA_SHOP+YARN_STORE|BASE,9,PIZZA_SHOP,YARN_STORE,,BASE,11,1083,False,False,False,4,143,9,5,1,0,0,8,12
D9|PIZZA_SHOP+YARN_STORE|HIGH,9,PIZZA_SHOP,YARN_STORE,,HIGH,12,1583,False,False,False,4,143,9,6,1,0,0,8,12
D9|PIZZA_SHOP+ICE_CREAM_SHOP|LOW,9,PIZZA_SHOP,ICE_CREAM_SHOP,,LOW,11,543,False,True,False,0,143,9,1,1,22,0,8,12
D9|PIZZA_SHOP+ICE_CREAM_SHOP|BASE,9,PIZZA_SHOP,ICE_CREAM_SHOP,,BASE,11,943,False,True,False,0,143,10,1,1,22,0,8,12
D9|PIZZA_SHOP+ICE_CREAM_SHOP|HIGH,9,PIZZA_SHOP,ICE_CREAM_SHOP,,HIGH,12,1343,False,True,False,0,143,11,1,1,22,0,8,12
D9|PIZZA_SHOP+PET_CAFE|LOW,9,PIZZA_SHOP,PET_CAFE,,LOW,11,543,False,True,False,0,143,9,1,1,0,14,8,12
D9|PIZZA_SHOP+PET_CAFE|BASE,9,PIZZA_SHOP,PET_CAFE,,BASE,11,543,False,True,False,0,143,9,1,1,0,14,8,12
D9|PIZZA_SHOP+PET_CAFE|HIGH,9,PIZZA_SHOP,PET_CAFE,,HIGH,12,623,False,True,False,0,143,9,1,1,0,18,8,12
D9|PIZZA_SHOP+SMOOTHIE_SHOP|LOW,9,PIZZA_SHOP,SMOOTHIE_SHOP,,LOW,11,543,False,True,False,0,143,9,1,1,22,0,8,12
D9|PIZZA_SHOP+SMOOTHIE_SHOP|BASE,9,PIZZA_SHOP,SMOOTHIE_SHOP,,BASE,11,943,False,True,False,0,143,10,1,1,22,0,8,12
D9|PIZZA_SHOP+SMOOTHIE_SHOP|HIGH,9,PIZZA_SHOP,SMOOTHIE_SHOP,,HIGH,12,1343,False,True,False,0,143,11,1,1,22,0,8,12
D9|PIZZA_SHOP+FARMERS_MARKET|LOW,9,PIZZA_SHOP,FARMERS_MARKET,,LOW,11,793,False,True,False,5,143,9,1,1,20,6,8,12
D9|PIZZA_SHOP+FARMERS_MARKET|BASE,9,PIZZA_SHOP,FARMERS_MARKET,,BASE,11,993,False,True,False,5,143,9,1,1,22,6,8,12
D9|PIZZA_SHOP+FARMERS_MARKET|HIGH,9,PIZZA_SHOP,FARMERS_MARKET,,HIGH,12,1193,False,True,False,5,143,9,1,1,24,6,8,12
D9|BRUNCH_SPOT+BAKERY|LOW,9,BRUNCH_SPOT,BAKERY,,LOW,11,2763,True,True,False,22,143,2,1,6,24,0,0,12
D9|BRUNCH_SPOT+BAKERY|BASE,9,BRUNCH_SPOT,BAKERY,,BASE,11,2763,True,True,False,22,143,2,1,6,24,0,0,12
D9|BRUNCH_SPOT+BAKERY|HIGH,9,BRUNCH_SPOT,BAKERY,,HIGH,12,3063,True,True,False,22,143,2,1,7,24,0,0,12
D9|BRUNCH_SPOT+PIZZA_SHOP|LOW,9,BRUNCH_SPOT,PIZZA_SHOP,,LOW,11,643,False,True,False,0,143,5,1,4,24,0,8,12
D9|BRUNCH_SPOT+PIZZA_SHOP|BASE,9,BRUNCH_SPOT,PIZZA_SHOP,,BASE,11,1043,False,True,False,0,143,6,1,4,24,0,8,12
D9|BRUNCH_SPOT+PIZZA_SHOP|HIGH,9,BRUNCH_SPOT,PIZZA_SHOP,,HIGH,12,1443,False,True,False,0,143,7,1,4,24,0,8,12
D9|BRUNCH_SPOT+BRUNCH_SPOT|LOW,9,BRUNCH_SPOT,BRUNCH_SPOT,,LOW,11,653,False,True,False,11,143,2,1,6,30,0,0,12
D9|BRUNCH_SPOT+BRUNCH_SPOT|BASE,9,BRUNCH_SPOT,BRUNCH_SPOT,,BASE,11,653,False,True,False,11,143,2,1,6,30,0,0,12
D9|BRUNCH_SPOT+BRUNCH_SPOT|HIGH,9,BRUNCH_SPOT,BRUNCH_SPOT,,HIGH,12,953,False,True,False,11,143,2,1,7,30,0,0,12
D9|BRUNCH_SPOT+YARN_STORE|LOW,9,BRUNCH_SPOT,YARN_STORE,,LOW,11,2763,True,True,False,22,143,2,4,4,24,0,0,12
D9|BRUNCH_SPOT+YARN_STORE|BASE,9,BRUNCH_SPOT,YARN_STORE,,BASE,11,3263,True,True,False,22,143,2,5,4,24,0,0,12
D9|BRUNCH_SPOT+YARN_STORE|HIGH,9,BRUNCH_SPOT,YARN_STORE,,HIGH,12,3763,True,True,False,22,143,2,6,4,24,0,0,12
D9|BRUNCH_SPOT+ICE_CREAM_SHOP|LOW,9,BRUNCH_SPOT,ICE_CREAM_SHOP,,LOW,11,613,False,True,False,7,143,5,1,4,30,0,0,12
D9|BRUNCH_SPOT+ICE_CREAM_SHOP|BASE,9,BRUNCH_SPOT,ICE_CREAM_SHOP,,BASE,11,1013,False,True,False,7,143,6,1,4,30,0,0,12
D9|BRUNCH_SPOT+ICE_CREAM_SHOP|HIGH,9,BRUNCH_SPOT,ICE_CREAM_SHOP,,HIGH,12,1413,False,True,False,7,143,7,1,4,30,0,0,12
D9|BRUNCH_SPOT+PET_CAFE|LOW,9,BRUNCH_SPOT,PET_CAFE,,LOW,11,553,False,True,False,1,143,2,1,4,24,14,0,12
D9|BRUNCH_SPOT+PET_CAFE|BASE,9,BRUNCH_SPOT,PET_CAFE,,BASE,11,553,False,True,False,1,143,2,1,4,24,14,0,12
D9|BRUNCH_SPOT+PET_CAFE|HIGH,9,BRUNCH_SPOT,PET_CAFE,,HIGH,12,633,False,True,False,1,143,2,1,4,24,18,0,12
D9|BRUNCH_SPOT+SMOOTHIE_SHOP|LOW,9,BRUNCH_SPOT,SMOOTHIE_SHOP,,LOW,11,613,False,True,False,7,143,5,1,4,30,0,0,12
D9|BRUNCH_SPOT+SMOOTHIE_SHOP|BASE,9,BRUNCH_SPOT,SMOOTHIE_SHOP,,BASE,11,1013,False,True,False,7,143,6,1,4,30,0,0,12
D9|BRUNCH_SPOT+SMOOTHIE_SHOP|HIGH,9,BRUNCH_SPOT,SMOOTHIE_SHOP,,HIGH,12,1413,False,True,False,7,143,7,1,4,30,0,0,12
D9|BRUNCH_SPOT+FARMERS_MARKET|LOW,9,BRUNCH_SPOT,FARMERS_MARKET,,LOW,11,393,False,True,False,5,143,2,1,4,28,6,0,12
D9|BRUNCH_SPOT+FARMERS_MARKET|BASE,9,BRUNCH_SPOT,FARMERS_MARKET,,BASE,11,593,False,True,False,5,143,2,1,4,30,6,0,12
D9|BRUNCH_SPOT+FARMERS_MARKET|HIGH,9,BRUNCH_SPOT,FARMERS_MARKET,,HIGH,12,793,False,True,False,5,143,2,1,4,32,6,0,12
D9|YARN_STORE+BAKERY|LOW,9,YARN_STORE,BAKERY,,LOW,11,793,False,False,False,15,143,2,8,1,0,0,0,12
D9|YARN_STORE+BAKERY|BASE,9,YARN_STORE,BAKERY,,BASE,11,793,False,False,False,15,143,2,8,1,0,0,0,12
D9|YARN_STORE+BAKERY|HIGH,9,YARN_STORE,BAKERY,,HIGH,12,1093,False,False,False,15,143,2,8,2,0,0,0,12
D9|YARN_STORE+PIZZA_SHOP|LOW,9,YARN_STORE,PIZZA_SHOP,,LOW,11,793,False,False,False,5,143,5,8,1,0,0,8,12
D9|YARN_STORE+PIZZA_SHOP|BASE,9,YARN_STORE,PIZZA_SHOP,,BASE,11,1193,False,False,False,5,143,6,8,1,0,0,8,12
D9|YARN_STORE+PIZZA_SHOP|HIGH,9,YARN_STORE,PIZZA_SHOP,,HIGH,12,1593,False,False,False,5,143,7,8,1,0,0,8,12
D9|YARN_STORE+BRUNCH_SPOT|LOW,9,YARN_STORE,BRUNCH_SPOT,,LOW,11,3283,True,True,False,24,143,2,8,1,22,0,0,12
D9|YARN_STORE+BRUNCH_SPOT|BASE,9,YARN_STORE,BRUNCH_SPOT,,BASE,11,3283,True,True,False,24,143,2,8,1,22,0,0,12
D9|YARN_STORE+BRUNCH_SPOT|HIGH,9,YARN_STORE,BRUNCH_SPOT,,HIGH,12,3583,True,True,False,24,143,2,8,2,22,0,0,12
D9|YARN_STORE+YARN_STORE|LOW,9,YARN_STORE,YARN_STORE,,LOW,11,763,False,False,False,12,143,2,10,1,0,0,0,12
D9|YARN_STORE+YARN_STORE|BASE,9,YARN_STORE,YARN_STORE,,BASE,11,1263,False,False,False,12,143,2,11,1,0,0,0,12
D9|YARN_STORE+YARN_STORE|HIGH,9,YARN_STORE,YARN_STORE,,HIGH,12,1763,False,False,False,12,143,2,12,1,0,0,0,12
D9|YARN_STORE+ICE_CREAM_SHOP|LOW,9,YARN_STORE,ICE_CREAM_SHOP,,LOW,11,1053,False,True,False,1,143,5,8,1,22,0,0,12
D9|YARN_STORE+ICE_CREAM_SHOP|BASE,9,YARN_STORE,ICE_CREAM_SHOP,,BASE,11,1453,False,True,False,1,143,6,8,1,22,0,0,12
D9|YARN_STORE+ICE_CREAM_SHOP|HIGH,9,YARN_STORE,ICE_CREAM_SHOP,,HIGH,12,1853,False,True,False,1,143,7,8,1,22,0,0,12
D9|YARN_STORE+PET_CAFE|LOW,9,YARN_STORE,PET_CAFE,,LOW,11,663,False,False,False,2,143,2,8,1,0,14,0,12
D9|YARN_STORE+PET_CAFE|BASE,9,YARN_STORE,PET_CAFE,,BASE,11,663,False,False,False,2,143,2,8,1,0,14,0,12
D9|YARN_STORE+PET_CAFE|HIGH,9,YARN_STORE,PET_CAFE,,HIGH,11,663,False,False,True,2,143,2,8,1,0,14,0,12
D9|YARN_STORE+SMOOTHIE_SHOP|LOW,9,YARN_STORE,SMOOTHIE_SHOP,,LOW,11,1053,False,True,False,1,143,5,8,1,22,0,0,12
D9|YARN_STORE+SMOOTHIE_SHOP|BASE,9,YARN_STORE,SMOOTHIE_SHOP,,BASE,11,1453,False,True,False,1,143,6,8,1,22,0,0,12
D9|YARN_STORE+SMOOTHIE_SHOP|HIGH,9,YARN_STORE,SMOOTHIE_SHOP,,HIGH,12,1853,False,True,False,1,143,7,8,1,22,0,0,12
D9|YARN_STORE+FARMERS_MARKET|LOW,9,YARN_STORE,FARMERS_MARKET,,LOW,11,843,False,True,False,0,143,2,8,1,20,6,0,12
D9|YARN_STORE+FARMERS_MARKET|BASE,9,YARN_STORE,FARMERS_MARKET,,BASE,11,1043,False,True,False,0,143,2,8,1,22,6,0,12
D9|YARN_STORE+FARMERS_MARKET|HIGH,9,YARN_STORE,FARMERS_MARKET,,HIGH,12,1243,False,True,False,0,143,2,8,1,24,6,0,12
D9|ICE_CREAM_SHOP+BAKERY|LOW,9,ICE_CREAM_SHOP,BAKERY,,LOW,11,3163,True,True,False,22,143,9,1,1,24,0,0,12
D9|ICE_CREAM_SHOP+BAKERY|BASE,9,ICE_CREAM_SHOP,BAKERY,,BASE,11,3163,True,True,False,22,143,9,1,1,24,0,0,12
D9|ICE_CREAM_SHOP+BAKERY|HIGH,9,ICE_CREAM_SHOP,BAKERY,,HIGH,12,3463,True,True,False,22,143,9,1,2,24,0,0,12
D9|ICE_CREAM_SHOP+PIZZA_SHOP|LOW,9,ICE_CREAM_SHOP,PIZZA_SHOP,,LOW,11,643,False,True,False,0,143,9,1,1,24,0,8,12
D9|ICE_CREAM_SHOP+PIZZA_SHOP|BASE,9,ICE_CREAM_SHOP,PIZZA_SHOP,,BASE,11,1043,False,True,False,0,143,10,1,1,24,0,8,12
D9|ICE_CREAM_SHOP+PIZZA_SHOP|HIGH,9,ICE_CREAM_SHOP,PIZZA_SHOP,,HIGH,12,1443,False,True,False,0,143,11,1,1,24,0,8,12
D9|ICE_CREAM_SHOP+BRUNCH_SPOT|LOW,9,ICE_CREAM_SHOP,BRUNCH_SPOT,,LOW,11,1053,False,True,False,11,143,9,1,1,30,0,0,12
D9|ICE_CREAM_SHOP+BRUNCH_SPOT|BASE,9,ICE_CREAM_SHOP,BRUNCH_SPOT,,BASE,11,1053,False,True,False,11,143,9,1,1,30,0,0,12
D9|ICE_CREAM_SHOP+BRUNCH_SPOT|HIGH,9,ICE_CREAM_SHOP,BRUNCH_SPOT,,HIGH,12,1353,False,True,False,11,143,9,1,2,30,0,0,12
D9|ICE_CREAM_SHOP+YARN_STORE|LOW,9,ICE_CREAM_SHOP,YARN_STORE,,LOW,11,943,False,True,False,0,143,9,4,1,24,0,0,12
D9|ICE_CREAM_SHOP+YARN_STORE|BASE,9,ICE_CREAM_SHOP,YARN_STORE,,BASE,11,1443,False,True,False,0,143,9,5,1,24,0,0,12
D9|ICE_CREAM_SHOP+YARN_STORE|HIGH,9,ICE_CREAM_SHOP,YARN_STORE,,HIGH,12,1943,False,True,False,0,143,9,6,1,24,0,0,12
D9|ICE_CREAM_SHOP+ICE_CREAM_SHOP|LOW,9,ICE_CREAM_SHOP,ICE_CREAM_SHOP,,LOW,11,643,False,True,False,10,143,9,1,1,30,0,0,12
D9|ICE_CREAM_SHOP+ICE_CREAM_SHOP|BASE,9,ICE_CREAM_SHOP,ICE_CREAM_SHOP,,BASE,11,1043,False,True,False,10,143,10,1,1,30,0,0,12
D9|ICE_CREAM_SHOP+ICE_CREAM_SHOP|HIGH,9,ICE_CREAM_SHOP,ICE_CREAM_SHOP,,HIGH,12,1443,False,True,False,10,143,11,1,1,30,0,0,12
D9|ICE_CREAM_SHOP+PET_CAFE|LOW,9,ICE_CREAM_SHOP,PET_CAFE,,LOW,11,973,False,True,False,3,143,9,1,1,24,14,0,12
D9|ICE_CREAM_SHOP+PET_CAFE|BASE,9,ICE_CREAM_SHOP,PET_CAFE,,BASE,11,973,False,True,False,3,143,9,1,1,24,14,0,12
D9|ICE_CREAM_SHOP+PET_CAFE|HIGH,9,ICE_CREAM_SHOP,PET_CAFE,,HIGH,11,973,False,True,True,3,143,9,1,1,24,14,0,12
D9|ICE_CREAM_SHOP+SMOOTHIE_SHOP|LOW,9,ICE_CREAM_SHOP,SMOOTHIE_SHOP,,LOW,11,643,False,True,False,10,143,9,1,1,30,0,0,12
D9|ICE_CREAM_SHOP+SMOOTHIE_SHOP|BASE,9,ICE_CREAM_SHOP,SMOOTHIE_SHOP,,BASE,11,1043,False,True,False,10,143,10,1,1,30,0,0,12
D9|ICE_CREAM_SHOP+SMOOTHIE_SHOP|HIGH,9,ICE_CREAM_SHOP,SMOOTHIE_SHOP,,HIGH,12,1443,False,True,False,10,143,11,1,1,30,0,0,12
D9|ICE_CREAM_SHOP+FARMERS_MARKET|LOW,9,ICE_CREAM_SHOP,FARMERS_MARKET,,LOW,11,793,False,True,False,5,143,9,1,1,28,6,0,12
D9|ICE_CREAM_SHOP+FARMERS_MARKET|BASE,9,ICE_CREAM_SHOP,FARMERS_MARKET,,BASE,11,993,False,True,False,5,143,9,1,1,30,6,0,12
D9|ICE_CREAM_SHOP+FARMERS_MARKET|HIGH,9,ICE_CREAM_SHOP,FARMERS_MARKET,,HIGH,12,1193,False,True,False,5,143,9,1,1,32,6,0,12
D9|PET_CAFE+BAKERY|LOW,9,PET_CAFE,BAKERY,,LOW,11,193,False,False,False,5,143,2,1,4,0,14,0,12
D9|PET_CAFE+BAKERY|BASE,9,PET_CAFE,BAKERY,,BASE,11,193,False,False,False,5,143,2,1,4,0,14,0,12
D9|PET_CAFE+BAKERY|HIGH,9,PET_CAFE,BAKERY,,HIGH,12,493,False,False,False,5,143,2,1,5,0,14,0,12
D9|PET_CAFE+PIZZA_SHOP|LOW,9,PET_CAFE,PIZZA_SHOP,,LOW,11,2473,True,True,False,23,143,5,1,3,0,14,8,12
D9|PET_CAFE+PIZZA_SHOP|BASE,9,PET_CAFE,PIZZA_SHOP,,BASE,11,2873,True,True,False,23,143,6,1,3,0,14,8,12
D9|PET_CAFE+PIZZA_SHOP|HIGH,9,PET_CAFE,PIZZA_SHOP,,HIGH,12,3273,True,True,False,23,143,7,1,3,0,14,8,12
D9|PET_CAFE+BRUNCH_SPOT|LOW,9,PET_CAFE,BRUNCH_SPOT,,LOW,11,603,False,True,False,6,143,2,1,4,22,14,0,12
D9|PET_CAFE+BRUNCH_SPOT|BASE,9,PET_CAFE,BRUNCH_SPOT,,BASE,11,603,False,True,False,6,143,2,1,4,22,14,0,12
D9|PET_CAFE+BRUNCH_SPOT|HIGH,9,PET_CAFE,BRUNCH_SPOT,,HIGH,12,903,False,True,False,6,143,2,1,5,22,14,0,12
D9|PET_CAFE+YARN_STORE|LOW,9,PET_CAFE,YARN_STORE,,LOW,11,163,False,False,False,2,143,2,4,3,0,14,0,12
D9|PET_CAFE+YARN_STORE|BASE,9,PET_CAFE,YARN_STORE,,BASE,11,663,False,False,False,2,143,2,5,3,0,14,0,12
D9|PET_CAFE+YARN_STORE|HIGH,9,PET_CAFE,YARN_STORE,,HIGH,12,1163,False,False,False,2,143,2,6,3,0,14,0,12
D9|PET_CAFE+ICE_CREAM_SHOP|LOW,9,PET_CAFE,ICE_CREAM_SHOP,,LOW,11,583,False,True,False,4,143,5,1,3,22,14,0,12
D9|PET_CAFE+ICE_CREAM_SHOP|BASE,9,PET_CAFE,ICE_CREAM_SHOP,,BASE,11,983,False,True,False,4,143,6,1,3,22,14,0,12
D9|PET_CAFE+ICE_CREAM_SHOP|HIGH,9,PET_CAFE,ICE_CREAM_SHOP,,HIGH,12,1383,False,True,False,4,143,7,1,3,22,14,0,12
D9|PET_CAFE+PET_CAFE|LOW,9,PET_CAFE,PET_CAFE,,LOW,11,143,False,False,False,0,143,2,1,3,0,24,0,12
D9|PET_CAFE+PET_CAFE|BASE,9,PET_CAFE,PET_CAFE,,BASE,11,143,False,False,False,0,143,2,1,3,0,24,0,12
D9|PET_CAFE+PET_CAFE|HIGH,9,PET_CAFE,PET_CAFE,,HIGH,11,143,False,False,True,0,143,2,1,3,0,24,0,12
D9|PET_CAFE+SMOOTHIE_SHOP|LOW,9,PET_CAFE,SMOOTHIE_SHOP,,LOW,11,583,False,True,False,4,143,5,1,3,22,14,0,12
D9|PET_CAFE+SMOOTHIE_SHOP|BASE,9,PET_CAFE,SMOOTHIE_SHOP,,BASE,11,983,False,True,False,4,143,6,1,3,22,14,0,12
D9|PET_CAFE+SMOOTHIE_SHOP|HIGH,9,PET_CAFE,SMOOTHIE_SHOP,,HIGH,12,1383,False,True,False,4,143,7,1,3,22,14,0,12
D9|PET_CAFE+FARMERS_MARKET|LOW,9,PET_CAFE,FARMERS_MARKET,,LOW,11,403,False,True,False,6,143,2,1,3,20,18,0,12
D9|PET_CAFE+FARMERS_MARKET|BASE,9,PET_CAFE,FARMERS_MARKET,,BASE,11,603,False,True,False,6,143,2,1,3,22,18,0,12
D9|PET_CAFE+FARMERS_MARKET|HIGH,9,PET_CAFE,FARMERS_MARKET,,HIGH,12,803,False,True,False,6,143,2,1,3,24,18,0,12
D9|SMOOTHIE_SHOP+BAKERY|LOW,9,SMOOTHIE_SHOP,BAKERY,,LOW,11,3163,True,True,False,22,143,9,1,1,24,0,0,12
D9|SMOOTHIE_SHOP+BAKERY|BASE,9,SMOOTHIE_SHOP,BAKERY,,BASE,11,3163,True,True,False,22,143,9,1,1,24,0,0,12
D9|SMOOTHIE_SHOP+BAKERY|HIGH,9,SMOOTHIE_SHOP,BAKERY,,HIGH,12,3463,True,True,False,22,143,9,1,2,24,0,0,12
D9|SMOOTHIE_SHOP+PIZZA_SHOP|LOW,9,SMOOTHIE_SHOP,PIZZA_SHOP,,LOW,11,643,False,True,False,0,143,9,1,1,24,0,8,12
D9|SMOOTHIE_SHOP+PIZZA_SHOP|BASE,9,SMOOTHIE_SHOP,PIZZA_SHOP,,BASE,11,1043,False,True,False,0,143,10,1,1,24,0,8,12
D9|SMOOTHIE_SHOP+PIZZA_SHOP|HIGH,9,SMOOTHIE_SHOP,PIZZA_SHOP,,HIGH,12,1443,False,True,False,0,143,11,1,1,24,0,8,12
D9|SMOOTHIE_SHOP+BRUNCH_SPOT|LOW,9,SMOOTHIE_SHOP,BRUNCH_SPOT,,LOW,11,1053,False,True,False,11,143,9,1,1,30,0,0,12
D9|SMOOTHIE_SHOP+BRUNCH_SPOT|BASE,9,SMOOTHIE_SHOP,BRUNCH_SPOT,,BASE,11,1053,False,True,False,11,143,9,1,1,30,0,0,12
D9|SMOOTHIE_SHOP+BRUNCH_SPOT|HIGH,9,SMOOTHIE_SHOP,BRUNCH_SPOT,,HIGH,12,1353,False,True,False,11,143,9,1,2,30,0,0,12
D9|SMOOTHIE_SHOP+YARN_STORE|LOW,9,SMOOTHIE_SHOP,YARN_STORE,,LOW,11,943,False,True,False,0,143,9,4,1,24,0,0,12
D9|SMOOTHIE_SHOP+YARN_STORE|BASE,9,SMOOTHIE_SHOP,YARN_STORE,,BASE,11,1443,False,True,False,0,143,9,5,1,24,0,0,12
D9|SMOOTHIE_SHOP+YARN_STORE|HIGH,9,SMOOTHIE_SHOP,YARN_STORE,,HIGH,12,1943,False,True,False,0,143,9,6,1,24,0,0,12
D9|SMOOTHIE_SHOP+ICE_CREAM_SHOP|LOW,9,SMOOTHIE_SHOP,ICE_CREAM_SHOP,,LOW,11,643,False,True,False,10,143,9,1,1,30,0,0,12
D9|SMOOTHIE_SHOP+ICE_CREAM_SHOP|BASE,9,SMOOTHIE_SHOP,ICE_CREAM_SHOP,,BASE,11,1043,False,True,False,10,143,10,1,1,30,0,0,12
D9|SMOOTHIE_SHOP+ICE_CREAM_SHOP|HIGH,9,SMOOTHIE_SHOP,ICE_CREAM_SHOP,,HIGH,12,1443,False,True,False,10,143,11,1,1,30,0,0,12
D9|SMOOTHIE_SHOP+PET_CAFE|LOW,9,SMOOTHIE_SHOP,PET_CAFE,,LOW,11,973,False,True,False,3,143,9,1,1,24,14,0,12
D9|SMOOTHIE_SHOP+PET_CAFE|BASE,9,SMOOTHIE_SHOP,PET_CAFE,,BASE,11,973,False,True,False,3,143,9,1,1,24,14,0,12
D9|SMOOTHIE_SHOP+PET_CAFE|HIGH,9,SMOOTHIE_SHOP,PET_CAFE,,HIGH,11,973,False,True,True,3,143,9,1,1,24,14,0,12
D9|SMOOTHIE_SHOP+SMOOTHIE_SHOP|LOW,9,SMOOTHIE_SHOP,SMOOTHIE_SHOP,,LOW,11,643,False,True,False,10,143,9,1,1,30,0,0,12
D9|SMOOTHIE_SHOP+SMOOTHIE_SHOP|BASE,9,SMOOTHIE_SHOP,SMOOTHIE_SHOP,,BASE,11,1043,False,True,False,10,143,10,1,1,30,0,0,12
D9|SMOOTHIE_SHOP+SMOOTHIE_SHOP|HIGH,9,SMOOTHIE_SHOP,SMOOTHIE_SHOP,,HIGH,12,1443,False,True,False,10,143,11,1,1,30,0,0,12
D9|SMOOTHIE_SHOP+FARMERS_MARKET|LOW,9,SMOOTHIE_SHOP,FARMERS_MARKET,,LOW,11,793,False,True,False,5,143,9,1,1,28,6,0,12
D9|SMOOTHIE_SHOP+FARMERS_MARKET|BASE,9,SMOOTHIE_SHOP,FARMERS_MARKET,,BASE,11,993,False,True,False,5,143,9,1,1,30,6,0,12
D9|SMOOTHIE_SHOP+FARMERS_MARKET|HIGH,9,SMOOTHIE_SHOP,FARMERS_MARKET,,HIGH,12,1193,False,True,False,5,143,9,1,1,32,6,0,12
D9|FARMERS_MARKET+BAKERY|LOW,9,FARMERS_MARKET,BAKERY,,LOW,11,543,False,True,False,0,143,2,1,4,24,6,0,12
D9|FARMERS_MARKET+BAKERY|BASE,9,FARMERS_MARKET,BAKERY,,BASE,11,543,False,True,False,0,143,2,1,4,24,6,0,12
D9|FARMERS_MARKET+BAKERY|HIGH,9,FARMERS_MARKET,BAKERY,,HIGH,12,843,False,True,False,0,143,2,1,5,24,6,0,12
D9|FARMERS_MARKET+PIZZA_SHOP|LOW,9,FARMERS_MARKET,PIZZA_SHOP,,LOW,11,663,False,True,False,2,143,5,1,3,24,6,8,12
D9|FARMERS_MARKET+PIZZA_SHOP|BASE,9,FARMERS_MARKET,PIZZA_SHOP,,BASE,11,1063,False,True,False,2,143,6,1,3,24,6,8,12
D9|FARMERS_MARKET+PIZZA_SHOP|HIGH,9,FARMERS_MARKET,PIZZA_SHOP,,HIGH,12,1463,False,True,False,2,143,7,1,3,24,6,8,12
D9|FARMERS_MARKET+BRUNCH_SPOT|LOW,9,FARMERS_MARKET,BRUNCH_SPOT,,LOW,11,623,False,True,False,8,143,2,1,4,30,6,0,12
D9|FARMERS_MARKET+BRUNCH_SPOT|BASE,9,FARMERS_MARKET,BRUNCH_SPOT,,BASE,11,623,False,True,False,8,143,2,1,4,30,6,0,12
D9|FARMERS_MARKET+BRUNCH_SPOT|HIGH,9,FARMERS_MARKET,BRUNCH_SPOT,,HIGH,12,923,False,True,False,8,143,2,1,5,30,6,0,12
D9|FARMERS_MARKET+YARN_STORE|LOW,9,FARMERS_MARKET,YARN_STORE,,LOW,11,543,False,True,False,0,143,2,4,3,24,6,0,12
D9|FARMERS_MARKET+YARN_STORE|BASE,9,FARMERS_MARKET,YARN_STORE,,BASE,11,1043,False,True,False,0,143,2,5,3,24,6,0,12
D9|FARMERS_MARKET+YARN_STORE|HIGH,9,FARMERS_MARKET,YARN_STORE,,HIGH,12,1543,False,True,False,0,143,2,6,3,24,6,0,12
D9|FARMERS_MARKET+ICE_CREAM_SHOP|LOW,9,FARMERS_MARKET,ICE_CREAM_SHOP,,LOW,11,593,False,True,False,5,143,5,1,3,30,6,0,12
D9|FARMERS_MARKET+ICE_CREAM_SHOP|BASE,9,FARMERS_MARKET,ICE_CREAM_SHOP,,BASE,11,993,False,True,False,5,143,6,1,3,30,6,0,12
D9|FARMERS_MARKET+ICE_CREAM_SHOP|HIGH,9,FARMERS_MARKET,ICE_CREAM_SHOP,,HIGH,12,1393,False,True,False,5,143,7,1,3,30,6,0,12
D9|FARMERS_MARKET+PET_CAFE|LOW,9,FARMERS_MARKET,PET_CAFE,,LOW,11,583,False,True,False,4,143,2,1,3,24,18,0,12
D9|FARMERS_MARKET+PET_CAFE|BASE,9,FARMERS_MARKET,PET_CAFE,,BASE,11,583,False,True,False,4,143,2,1,3,24,18,0,12
D9|FARMERS_MARKET+PET_CAFE|HIGH,9,FARMERS_MARKET,PET_CAFE,,HIGH,12,663,False,True,False,4,143,2,1,3,24,22,0,12
D9|FARMERS_MARKET+SMOOTHIE_SHOP|LOW,9,FARMERS_MARKET,SMOOTHIE_SHOP,,LOW,11,593,False,True,False,5,143,5,1,3,30,6,0,12
D9|FARMERS_MARKET+SMOOTHIE_SHOP|BASE,9,FARMERS_MARKET,SMOOTHIE_SHOP,,BASE,11,993,False,True,False,5,143,6,1,3,30,6,0,12
D9|FARMERS_MARKET+SMOOTHIE_SHOP|HIGH,9,FARMERS_MARKET,SMOOTHIE_SHOP,,HIGH,12,1393,False,True,False,5,143,7,1,3,30,6,0,12
D9|FARMERS_MARKET+FARMERS_MARKET|LOW,9,FARMERS_MARKET,FARMERS_MARKET,,LOW,11,423,False,True,False,8,143,2,1,3,28,6,0,12
D9|FARMERS_MARKET+FARMERS_MARKET|BASE,9,FARMERS_MARKET,FARMERS_MARKET,,BASE,11,623,False,True,False,8,143,2,1,3,30,6,0,12
D9|FARMERS_MARKET+FARMERS_MARKET|HIGH,9,FARMERS_MARKET,FARMERS_MARKET,,HIGH,12,823,False,True,False,8,143,2,1,3,32,6,0,12
D10|BAKERY+BAKERY+BAKERY|LOW,10,BAKERY,BAKERY,BAKERY,LOW,11,208,False,False,False,12,88,2,1,6,0,0,0,12
D10|BAKERY+BAKERY+BAKERY|BASE,10,BAKERY,BAKERY,BAKERY,BASE,11,208,False,False,False,12,88,2,1,6,0,0,0,12
D10|BAKERY+BAKERY+BAKERY|HIGH,10,BAKERY,BAKERY,BAKERY,HIGH,12,2748,True,True,False,36,88,2,1,7,0,0,0,12
D10|BAKERY+BAKERY+PIZZA_SHOP|LOW,10,BAKERY,BAKERY,PIZZA_SHOP,LOW,11,838,False,False,False,5,88,3,1,6,0,0,6,12
D10|BAKERY+BAKERY+PIZZA_SHOP|BASE,10,BAKERY,BAKERY,PIZZA_SHOP,BASE,11,1228,False,False,False,4,88,4,1,6,0,0,6,12
D10|BAKERY+BAKERY+PIZZA_SHOP|HIGH,10,BAKERY,BAKERY,PIZZA_SHOP,HIGH,12,1628,False,False,False,4,88,5,1,6,0,0,6,12
D10|BAKERY+BAKERY+BRUNCH_SPOT|LOW,10,BAKERY,BAKERY,BRUNCH_SPOT,LOW,11,1288,False,False,False,0,88,2,1,6,12,0,0,12
D10|BAKERY+BAKERY+BRUNCH_SPOT|BASE,10,BAKERY,BAKERY,BRUNCH_SPOT,BASE,11,1288,False,False,False,0,88,2,1,6,12,0,0,12
D10|BAKERY+BAKERY+BRUNCH_SPOT|HIGH,10,BAKERY,BAKERY,BRUNCH_SPOT,HIGH,12,3828,True,True,False,24,88,2,1,7,12,0,0,12
D10|BAKERY+BAKERY+YARN_STORE|LOW,10,BAKERY,BAKERY,YARN_STORE,LOW,11,698,False,False,False,11,88,2,2,6,0,0,0,12
D10|BAKERY+BAKERY+YARN_STORE|BASE,10,BAKERY,BAKERY,YARN_STORE,BASE,11,1188,False,False,False,10,88,2,3,6,0,0,0,12
D10|BAKERY+BAKERY+YARN_STORE|HIGH,10,BAKERY,BAKERY,YARN_STORE,HIGH,12,3928,True,True,False,34,88,2,4,6,0,0,0,12
D10|BAKERY+BAKERY+ICE_CREAM_SHOP|LOW,10,BAKERY,BAKERY,ICE_CREAM_SHOP,LOW,11,1688,False,False,False,0,88,3,1,6,12,0,0,12
D10|BAKERY+BAKERY+ICE_CREAM_SHOP|BASE,10,BAKERY,BAKERY,ICE_CREAM_SHOP,BASE,11,2088,False,False,False,0,88,4,1,6,12,0,0,12
D10|BAKERY+BAKERY+ICE_CREAM_SHOP|HIGH,10,BAKERY,BAKERY,ICE_CREAM_SHOP,HIGH,12,2488,False,False,False,0,88,5,1,6,12,0,0,12
D10|BAKERY+BAKERY+PET_CAFE|LOW,10,BAKERY,BAKERY,PET_CAFE,LOW,11,308,False,False,False,2,88,2,1,6,0,10,0,12
D10|BAKERY+BAKERY+PET_CAFE|BASE,10,BAKERY,BAKERY,PET_CAFE,BASE,11,368,False,False,False,0,88,2,1,6,0,14,0,12
D10|BAKERY+BAKERY+PET_CAFE|HIGH,10,BAKERY,BAKERY,PET_CAFE,HIGH,12,448,False,False,False,0,88,2,1,6,0,18,0,12
D10|BAKERY+BAKERY+SMOOTHIE_SHOP|LOW,10,BAKERY,BAKERY,SMOOTHIE_SHOP,LOW,11,1688,False,False,False,0,88,3,1,6,12,0,0,12
D10|BAKERY+BAKERY+SMOOTHIE_SHOP|BASE,10,BAKERY,BAKERY,SMOOTHIE_SHOP,BASE,11,2088,False,False,False,0,88,4,1,6,12,0,0,12
D10|BAKERY+BAKERY+SMOOTHIE_SHOP|HIGH,10,BAKERY,BAKERY,SMOOTHIE_SHOP,HIGH,12,2488,False,False,False,0,88,5,1,6,12,0,0,12
D10|BAKERY+BAKERY+FARMERS_MARKET|LOW,10,BAKERY,BAKERY,FARMERS_MARKET,LOW,11,1208,False,False,False,0,88,2,1,6,10,6,0,12
D10|BAKERY+BAKERY+FARMERS_MARKET|BASE,10,BAKERY,BAKERY,FARMERS_MARKET,BASE,11,1408,False,False,False,0,88,2,1,6,12,6,0,12
D10|BAKERY+BAKERY+FARMERS_MARKET|HIGH,10,BAKERY,BAKERY,FARMERS_MARKET,HIGH,12,3838,True,True,False,23,88,2,1,6,14,6,0,12
D10|BAKERY+PIZZA_SHOP+BAKERY|LOW,10,BAKERY,PIZZA_SHOP,BAKERY,LOW,11,578,False,False,False,9,88,7,1,4,0,0,8,12
D10|BAKERY+PIZZA_SHOP+BAKERY|BASE,10,BAKERY,PIZZA_SHOP,BAKERY,BASE,11,578,False,False,False,9,88,7,1,4,0,0,8,12
D10|BAKERY+PIZZA_SHOP+BAKERY|HIGH,10,BAKERY,PIZZA_SHOP,BAKERY,HIGH,12,3118,True,True,False,33,88,7,1,5,0,0,8,12
D10|BAKERY+PIZZA_SHOP+PIZZA_SHOP|LOW,10,BAKERY,PIZZA_SHOP,PIZZA_SHOP,LOW,11,1128,False,False,False,4,88,8,1,4,0,0,12,12
D10|BAKERY+PIZZA_SHOP+PIZZA_SHOP|BASE,10,BAKERY,PIZZA_SHOP,PIZZA_SHOP,BASE,11,1518,False,False,False,3,88,9,1,4,0,0,12,12
D10|BAKERY+PIZZA_SHOP+PIZZA_SHOP|HIGH,10,BAKERY,PIZZA_SHOP,PIZZA_SHOP,HIGH,12,3858,True,True,False,27,88,9,1,4,0,0,14,12
D10|BAKERY+PIZZA_SHOP+BRUNCH_SPOT|LOW,10,BAKERY,PIZZA_SHOP,BRUNCH_SPOT,LOW,11,3908,True,True,False,22,88,7,1,4,12,0,8,12
D10|BAKERY+PIZZA_SHOP+BRUNCH_SPOT|BASE,10,BAKERY,PIZZA_SHOP,BRUNCH_SPOT,BASE,11,3908,True,True,False,22,88,7,1,4,12,0,8,12
D10|BAKERY+PIZZA_SHOP+BRUNCH_SPOT|HIGH,10,BAKERY,PIZZA_SHOP,BRUNCH_SPOT,HIGH,12,4208,True,True,False,22,88,7,1,5,12,0,8,12
D10|BAKERY+PIZZA_SHOP+YARN_STORE|LOW,10,BAKERY,PIZZA_SHOP,YARN_STORE,LOW,11,1068,False,False,False,8,88,7,2,4,0,0,8,12
D10|BAKERY+PIZZA_SHOP+YARN_STORE|BASE,10,BAKERY,PIZZA_SHOP,YARN_STORE,BASE,11,1558,False,False,False,7,88,7,3,4,0,0,8,12
D10|BAKERY+PIZZA_SHOP+YARN_STORE|HIGH,10,BAKERY,PIZZA_SHOP,YARN_STORE,HIGH,12,4298,True,True,False,31,88,7,4,4,0,0,8,12
D10|BAKERY+PIZZA_SHOP+ICE_CREAM_SHOP|LOW,10,BAKERY,PIZZA_SHOP,ICE_CREAM_SHOP,LOW,11,4298,True,True,False,21,88,8,1,4,12,0,8,12
D10|BAKERY+PIZZA_SHOP+ICE_CREAM_SHOP|BASE,10,BAKERY,PIZZA_SHOP,ICE_CREAM_SHOP,BASE,11,4688,True,True,False,20,88,9,1,4,12,0,8,12
D10|BAKERY+PIZZA_SHOP+ICE_CREAM_SHOP|HIGH,10,BAKERY,PIZZA_SHOP,ICE_CREAM_SHOP,HIGH,12,4888,True,True,False,20,88,9,1,4,14,0,8,12
D10|BAKERY+PIZZA_SHOP+PET_CAFE|LOW,10,BAKERY,PIZZA_SHOP,PET_CAFE,LOW,11,688,False,False,False,0,88,7,1,4,0,10,8,12
D10|BAKERY+PIZZA_SHOP+PET_CAFE|BASE,10,BAKERY,PIZZA_SHOP,PET_CAFE,BASE,11,2978,True,True,False,21,88,7,1,4,0,14,8,12
D10|BAKERY+PIZZA_SHOP+PET_CAFE|HIGH,10,BAKERY,PIZZA_SHOP,PET_CAFE,HIGH,12,3058,True,True,False,21,88,7,1,4,0,18,8,12
D10|BAKERY+PIZZA_SHOP+SMOOTHIE_SHOP|LOW,10,BAKERY,PIZZA_SHOP,SMOOTHIE_SHOP,LOW,11,4298,True,True,False,21,88,8,1,4,12,0,8,12
D10|BAKERY+PIZZA_SHOP+SMOOTHIE_SHOP|BASE,10,BAKERY,PIZZA_SHOP,SMOOTHIE_SHOP,BASE,11,4688,True,True,False,20,88,9,1,4,12,0,8,12
D10|BAKERY+PIZZA_SHOP+SMOOTHIE_SHOP|HIGH,10,BAKERY,PIZZA_SHOP,SMOOTHIE_SHOP,HIGH,12,4888,True,True,False,20,88,9,1,4,14,0,8,12
D10|BAKERY+PIZZA_SHOP+FARMERS_MARKET|LOW,10,BAKERY,PIZZA_SHOP,FARMERS_MARKET,LOW,11,3798,True,True,False,19,88,7,1,4,10,6,8,12
D10|BAKERY+PIZZA_SHOP+FARMERS_MARKET|BASE,10,BAKERY,PIZZA_SHOP,FARMERS_MARKET,BASE,11,3978,True,True,False,17,88,7,1,4,12,6,8,12
D10|BAKERY+PIZZA_SHOP+FARMERS_MARKET|HIGH,10,BAKERY,PIZZA_SHOP,FARMERS_MARKET,HIGH,12,4178,True,True,False,17,88,7,1,4,14,6,8,12
D10|BAKERY+BRUNCH_SPOT+BAKERY|LOW,10,BAKERY,BRUNCH_SPOT,BAKERY,LOW,11,328,False,True,False,4,88,2,1,6,24,0,0,12
D10|BAKERY+BRUNCH_SPOT+BAKERY|BASE,10,BAKERY,BRUNCH_SPOT,BAKERY,BASE,11,328,False,True,False,4,88,2,1,6,24,0,0,12
D10|BAKERY+BRUNCH_SPOT+BAKERY|HIGH,10,BAKERY,BRUNCH_SPOT,BAKERY,HIGH,12,628,False,True,False,4,88,2,1,7,24,0,0,12
D10|BAKERY+BRUNCH_SPOT+PIZZA_SHOP|LOW,10,BAKERY,BRUNCH_SPOT,PIZZA_SHOP,LOW,11,988,False,True,False,0,88,3,1,6,24,0,6,12
D10|BAKERY+BRUNCH_SPOT+PIZZA_SHOP|BASE,10,BAKERY,BRUNCH_SPOT,PIZZA_SHOP,BASE,11,1388,False,True,False,0,88,4,1,6,24,0,6,12
D10|BAKERY+BRUNCH_SPOT+PIZZA_SHOP|HIGH,10,BAKERY,BRUNCH_SPOT,PIZZA_SHOP,HIGH,12,1788,False,True,False,0,88,5,1,6,24,0,6,12
D10|BAKERY+BRUNCH_SPOT+BRUNCH_SPOT|LOW,10,BAKERY,BRUNCH_SPOT,BRUNCH_SPOT,LOW,11,1088,False,True,False,0,88,2,1,6,32,0,0,12
D10|BAKERY+BRUNCH_SPOT+BRUNCH_SPOT|BASE,10,BAKERY,BRUNCH_SPOT,BRUNCH_SPOT,BASE,11,1088,False,True,False,0,88,2,1,6,32,0,0,12
D10|BAKERY+BRUNCH_SPOT+BRUNCH_SPOT|HIGH,10,BAKERY,BRUNCH_SPOT,BRUNCH_SPOT,HIGH,12,1388,False,True,False,0,88,2,1,7,32,0,0,12
D10|BAKERY+BRUNCH_SPOT+YARN_STORE|LOW,10,BAKERY,BRUNCH_SPOT,YARN_STORE,LOW,11,818,False,True,False,3,88,2,2,6,24,0,0,12
D10|BAKERY+BRUNCH_SPOT+YARN_STORE|BASE,10,BAKERY,BRUNCH_SPOT,YARN_STORE,BASE,11,1308,False,True,False,2,88,2,3,6,24,0,0,12
D10|BAKERY+BRUNCH_SPOT+YARN_STORE|HIGH,10,BAKERY,BRUNCH_SPOT,YARN_STORE,HIGH,12,1808,False,True,False,2,88,2,4,6,24,0,0,12
D10|BAKERY+BRUNCH_SPOT+ICE_CREAM_SHOP|LOW,10,BAKERY,BRUNCH_SPOT,ICE_CREAM_SHOP,LOW,11,1488,False,True,False,0,88,3,1,6,32,0,0,12
D10|BAKERY+BRUNCH_SPOT+ICE_CREAM_SHOP|BASE,10,BAKERY,BRUNCH_SPOT,ICE_CREAM_SHOP,BASE,11,1888,False,True,False,0,88,4,1,6,32,0,0,12
D10|BAKERY+BRUNCH_SPOT+ICE_CREAM_SHOP|HIGH,10,BAKERY,BRUNCH_SPOT,ICE_CREAM_SHOP,HIGH,12,2288,False,True,False,0,88,5,1,6,32,0,0,12
D10|BAKERY+BRUNCH_SPOT+PET_CAFE|LOW,10,BAKERY,BRUNCH_SPOT,PET_CAFE,LOW,11,488,False,True,False,0,88,2,1,6,24,10,0,12
D10|BAKERY+BRUNCH_SPOT+PET_CAFE|BASE,10,BAKERY,BRUNCH_SPOT,PET_CAFE,BASE,11,568,False,True,False,0,88,2,1,6,24,14,0,12
D10|BAKERY+BRUNCH_SPOT+PET_CAFE|HIGH,10,BAKERY,BRUNCH_SPOT,PET_CAFE,HIGH,12,648,False,True,False,0,88,2,1,6,24,18,0,12
D10|BAKERY+BRUNCH_SPOT+SMOOTHIE_SHOP|LOW,10,BAKERY,BRUNCH_SPOT,SMOOTHIE_SHOP,LOW,11,1488,False,True,False,0,88,3,1,6,32,0,0,12
D10|BAKERY+BRUNCH_SPOT+SMOOTHIE_SHOP|BASE,10,BAKERY,BRUNCH_SPOT,SMOOTHIE_SHOP,BASE,11,1888,False,True,False,0,88,4,1,6,32,0,0,12
D10|BAKERY+BRUNCH_SPOT+SMOOTHIE_SHOP|HIGH,10,BAKERY,BRUNCH_SPOT,SMOOTHIE_SHOP,HIGH,12,2288,False,True,False,0,88,5,1,6,32,0,0,12
D10|BAKERY+BRUNCH_SPOT+FARMERS_MARKET|LOW,10,BAKERY,BRUNCH_SPOT,FARMERS_MARKET,LOW,11,1008,False,True,False,0,88,2,1,6,30,6,0,12
D10|BAKERY+BRUNCH_SPOT+FARMERS_MARKET|BASE,10,BAKERY,BRUNCH_SPOT,FARMERS_MARKET,BASE,11,1208,False,True,False,0,88,2,1,6,32,6,0,12
D10|BAKERY+BRUNCH_SPOT+FARMERS_MARKET|HIGH,10,BAKERY,BRUNCH_SPOT,FARMERS_MARKET,HIGH,12,1408,False,True,False,0,88,2,1,6,34,6,0,12
D10|BAKERY+YARN_STORE+BAKERY|LOW,10,BAKERY,YARN_STORE,BAKERY,LOW,11,698,False,False,False,11,88,2,6,4,0,0,0,12
D10|BAKERY+YARN_STORE+BAKERY|BASE,10,BAKERY,YARN_STORE,BAKERY,BASE,11,698,False,False,False,11,88,2,6,4,0,0,0,12
D10|BAKERY+YARN_STORE+BAKERY|HIGH,10,BAKERY,YARN_STORE,BAKERY,HIGH,12,3238,True,True,False,35,88,2,6,5,0,0,0,12
D10|BAKERY+YARN_STORE+PIZZA_SHOP|LOW,10,BAKERY,YARN_STORE,PIZZA_SHOP,LOW,11,1328,False,False,False,4,88,3,6,4,0,0,6,12
D10|BAKERY+YARN_STORE+PIZZA_SHOP|BASE,10,BAKERY,YARN_STORE,PIZZA_SHOP,BASE,11,1718,False,False,False,3,88,4,6,4,0,0,6,12
D10|BAKERY+YARN_STORE+PIZZA_SHOP|HIGH,10,BAKERY,YARN_STORE,PIZZA_SHOP,HIGH,12,2118,False,False,False,3,88,5,6,4,0,0,6,12
D10|BAKERY+YARN_STORE+BRUNCH_SPOT|LOW,10,BAKERY,YARN_STORE,BRUNCH_SPOT,LOW,11,1788,False,False,False,0,88,2,6,4,12,0,0,12
D10|BAKERY+YARN_STORE+BRUNCH_SPOT|BASE,10,BAKERY,YARN_STORE,BRUNCH_SPOT,BASE,11,1788,False,False,False,0,88,2,6,4,12,0,0,12
D10|BAKERY+YARN_STORE+BRUNCH_SPOT|HIGH,10,BAKERY,YARN_STORE,BRUNCH_SPOT,HIGH,12,4328,True,True,False,24,88,2,6,5,12,0,0,12
D10|BAKERY+YARN_STORE+YARN_STORE|LOW,10,BAKERY,YARN_STORE,YARN_STORE,LOW,11,1188,False,False,False,10,88,2,7,4,0,0,0,12
D10|BAKERY+YARN_STORE+YARN_STORE|BASE,10,BAKERY,YARN_STORE,YARN_STORE,BASE,11,1678,False,False,False,9,88,2,8,4,0,0,0,12
D10|BAKERY+YARN_STORE+YARN_STORE|HIGH,10,BAKERY,YARN_STORE,YARN_STORE,HIGH,11,1678,False,False,True,9,88,2,8,4,0,0,0,12
D10|BAKERY+YARN_STORE+ICE_CREAM_SHOP|LOW,10,BAKERY,YARN_STORE,ICE_CREAM_SHOP,LOW,11,2188,False,False,False,0,88,3,6,4,12,0,0,12
D10|BAKERY+YARN_STORE+ICE_CREAM_SHOP|BASE,10,BAKERY,YARN_STORE,ICE_CREAM_SHOP,BASE,11,2588,False,False,False,0,88,4,6,4,12,0,0,12
D10|BAKERY+YARN_STORE+ICE_CREAM_SHOP|HIGH,10,BAKERY,YARN_STORE,ICE_CREAM_SHOP,HIGH,12,2988,False,False,False,0,88,5,6,4,12,0,0,12
D10|BAKERY+YARN_STORE+PET_CAFE|LOW,10,BAKERY,YARN_STORE,PET_CAFE,LOW,11,798,False,False,False,1,88,2,6,4,0,10,0,12
D10|BAKERY+YARN_STORE+PET_CAFE|BASE,10,BAKERY,YARN_STORE,PET_CAFE,BASE,11,868,False,False,False,0,88,2,6,4,0,14,0,12
D10|BAKERY+YARN_STORE+PET_CAFE|HIGH,10,BAKERY,YARN_STORE,PET_CAFE,HIGH,12,948,False,False,False,0,88,2,6,4,0,18,0,12
D10|BAKERY+YARN_STORE+SMOOTHIE_SHOP|LOW,10,BAKERY,YARN_STORE,SMOOTHIE_SHOP,LOW,11,2188,False,False,False,0,88,3,6,4,12,0,0,12
D10|BAKERY+YARN_STORE+SMOOTHIE_SHOP|BASE,10,BAKERY,YARN_STORE,SMOOTHIE_SHOP,BASE,11,2588,False,False,False,0,88,4,6,4,12,0,0,12
D10|BAKERY+YARN_STORE+SMOOTHIE_SHOP|HIGH,10,BAKERY,YARN_STORE,SMOOTHIE_SHOP,HIGH,12,2988,False,False,False,0,88,5,6,4,12,0,0,12
D10|BAKERY+YARN_STORE+FARMERS_MARKET|LOW,10,BAKERY,YARN_STORE,FARMERS_MARKET,LOW,11,1708,False,False,False,0,88,2,6,4,10,6,0,12
D10|BAKERY+YARN_STORE+FARMERS_MARKET|BASE,10,BAKERY,YARN_STORE,FARMERS_MARKET,BASE,11,1908,False,False,False,0,88,2,6,4,12,6,0,12
D10|BAKERY+YARN_STORE+FARMERS_MARKET|HIGH,10,BAKERY,YARN_STORE,FARMERS_MARKET,HIGH,12,4338,True,True,False,23,88,2,6,4,14,6,0,12
D10|BAKERY+ICE_CREAM_SHOP+BAKERY|LOW,10,BAKERY,ICE_CREAM_SHOP,BAKERY,LOW,11,708,False,True,False,2,88,7,1,4,24,0,0,12
D10|BAKERY+ICE_CREAM_SHOP+BAKERY|BASE,10,BAKERY,ICE_CREAM_SHOP,BAKERY,BASE,11,708,False,True,False,2,88,7,1,4,24,0,0,12
D10|BAKERY+ICE_CREAM_SHOP+BAKERY|HIGH,10,BAKERY,ICE_CREAM_SHOP,BAKERY,HIGH,12,1008,False,True,False,2,88,7,1,5,24,0,0,12
D10|BAKERY+ICE_CREAM_SHOP+PIZZA_SHOP|LOW,10,BAKERY,ICE_CREAM_SHOP,PIZZA_SHOP,LOW,11,1388,False,True,False,0,88,8,1,4,24,0,6,12
D10|BAKERY+ICE_CREAM_SHOP+PIZZA_SHOP|BASE,10,BAKERY,ICE_CREAM_SHOP,PIZZA_SHOP,BASE,11,1788,False,True,False,0,88,9,1,4,24,0,6,12
D10|BAKERY+ICE_CREAM_SHOP+PIZZA_SHOP|HIGH,10,BAKERY,ICE_CREAM_SHOP,PIZZA_SHOP,HIGH,12,1988,False,True,False,0,88,9,1,4,26,0,6,12
D10|BAKERY+ICE_CREAM_SHOP+BRUNCH_SPOT|LOW,10,BAKERY,ICE_CREAM_SHOP,BRUNCH_SPOT,LOW,11,1488,False,True,False,0,88,7,1,4,32,0,0,12
D10|BAKERY+ICE_CREAM_SHOP+BRUNCH_SPOT|BASE,10,BAKERY,ICE_CREAM_SHOP,BRUNCH_SPOT,BASE,11,1488,False,True,False,0,88,7,1,4,32,0,0,12
D10|BAKERY+ICE_CREAM_SHOP+BRUNCH_SPOT|HIGH,10,BAKERY,ICE_CREAM_SHOP,BRUNCH_SPOT,HIGH,12,1788,False,True,False,0,88,7,1,5,32,0,0,12
D10|BAKERY+ICE_CREAM_SHOP+YARN_STORE|LOW,10,BAKERY,ICE_CREAM_SHOP,YARN_STORE,LOW,11,1198,False,True,False,1,88,7,2,4,24,0,0,12
D10|BAKERY+ICE_CREAM_SHOP+YARN_STORE|BASE,10,BAKERY,ICE_CREAM_SHOP,YARN_STORE,BASE,11,1688,False,True,False,0,88,7,3,4,24,0,0,12
D10|BAKERY+ICE_CREAM_SHOP+YARN_STORE|HIGH,10,BAKERY,ICE_CREAM_SHOP,YARN_STORE,HIGH,12,2188,False,True,False,0,88,7,4,4,24,0,0,12
D10|BAKERY+ICE_CREAM_SHOP+ICE_CREAM_SHOP|LOW,10,BAKERY,ICE_CREAM_SHOP,ICE_CREAM_SHOP,LOW,11,1888,False,True,False,0,88,8,1,4,32,0,0,12
D10|BAKERY+ICE_CREAM_SHOP+ICE_CREAM_SHOP|BASE,10,BAKERY,ICE_CREAM_SHOP,ICE_CREAM_SHOP,BASE,11,2288,False,True,False,0,88,9,1,4,32,0,0,12
D10|BAKERY+ICE_CREAM_SHOP+ICE_CREAM_SHOP|HIGH,10,BAKERY,ICE_CREAM_SHOP,ICE_CREAM_SHOP,HIGH,12,2488,False,True,False,0,88,9,1,4,34,0,0,12
D10|BAKERY+ICE_CREAM_SHOP+PET_CAFE|LOW,10,BAKERY,ICE_CREAM_SHOP,PET_CAFE,LOW,11,888,False,True,False,0,88,7,1,4,24,10,0,12
D10|BAKERY+ICE_CREAM_SHOP+PET_CAFE|BASE,10,BAKERY,ICE_CREAM_SHOP,PET_CAFE,BASE,11,968,False,True,False,0,88,7,1,4,24,14,0,12
D10|BAKERY+ICE_CREAM_SHOP+PET_CAFE|HIGH,10,BAKERY,ICE_CREAM_SHOP,PET_CAFE,HIGH,12,1048,False,True,False,0,88,7,1,4,24,18,0,12
D10|BAKERY+ICE_CREAM_SHOP+SMOOTHIE_SHOP|LOW,10,BAKERY,ICE_CREAM_SHOP,SMOOTHIE_SHOP,LOW,11,1888,False,True,False,0,88,8,1,4,32,0,0,12
D10|BAKERY+ICE_CREAM_SHOP+SMOOTHIE_SHOP|BASE,10,BAKERY,ICE_CREAM_SHOP,SMOOTHIE_SHOP,BASE,11,2288,False,True,False,0,88,9,1,4,32,0,0,12
D10|BAKERY+ICE_CREAM_SHOP+SMOOTHIE_SHOP|HIGH,10,BAKERY,ICE_CREAM_SHOP,SMOOTHIE_SHOP,HIGH,12,2488,False,True,False,0,88,9,1,4,34,0,0,12
D10|BAKERY+ICE_CREAM_SHOP+FARMERS_MARKET|LOW,10,BAKERY,ICE_CREAM_SHOP,FARMERS_MARKET,LOW,11,1408,False,True,False,0,88,7,1,4,30,6,0,12
D10|BAKERY+ICE_CREAM_SHOP+FARMERS_MARKET|BASE,10,BAKERY,ICE_CREAM_SHOP,FARMERS_MARKET,BASE,11,1608,False,True,False,0,88,7,1,4,32,6,0,12
D10|BAKERY+ICE_CREAM_SHOP+FARMERS_MARKET|HIGH,10,BAKERY,ICE_CREAM_SHOP,FARMERS_MARKET,HIGH,12,1808,False,True,False,0,88,7,1,4,34,6,0,12
D10|BAKERY+PET_CAFE+BAKERY|LOW,10,BAKERY,PET_CAFE,BAKERY,LOW,11,498,False,False,False,11,88,2,1,5,0,14,0,12
D10|BAKERY+PET_CAFE+BAKERY|BASE,10,BAKERY,PET_CAFE,BAKERY,BASE,11,788,False,False,False,10,88,2,1,6,0,14,0,12
D10|BAKERY+PET_CAFE+BAKERY|HIGH,10,BAKERY,PET_CAFE,BAKERY,HIGH,12,3328,True,True,False,34,88,2,1,7,0,14,0,12
D10|BAKERY+PET_CAFE+PIZZA_SHOP|LOW,10,BAKERY,PET_CAFE,PIZZA_SHOP,LOW,11,838,False,False,False,5,88,3,1,4,0,14,6,12
D10|BAKERY+PET_CAFE+PIZZA_SHOP|BASE,10,BAKERY,PET_CAFE,PIZZA_SHOP,BASE,11,1228,False,False,False,4,88,4,1,4,0,14,6,12
D10|BAKERY+PET_CAFE+PIZZA_SHOP|HIGH,10,BAKERY,PET_CAFE,PIZZA_SHOP,HIGH,12,1628,False,False,False,4,88,5,1,4,0,14,6,12
D10|BAKERY+PET_CAFE+BRUNCH_SPOT|LOW,10,BAKERY,PET_CAFE,BRUNCH_SPOT,LOW,11,3828,True,True,False,24,88,2,1,5,12,14,0,12
D10|BAKERY+PET_CAFE+BRUNCH_SPOT|BASE,10,BAKERY,PET_CAFE,BRUNCH_SPOT,BASE,11,4118,True,True,False,23,88,2,1,6,12,14,0,12
D10|BAKERY+PET_CAFE+BRUNCH_SPOT|HIGH,10,BAKERY,PET_CAFE,BRUNCH_SPOT,HIGH,12,4418,True,True,False,23,88,2,1,7,12,14,0,12
D10|BAKERY+PET_CAFE+YARN_STORE|LOW,10,BAKERY,PET_CAFE,YARN_STORE,LOW,11,698,False,False,False,11,88,2,2,4,0,14,0,12
D10|BAKERY+PET_CAFE+YARN_STORE|BASE,10,BAKERY,PET_CAFE,YARN_STORE,BASE,11,1188,False,False,False,10,88,2,3,4,0,14,0,12
D10|BAKERY+PET_CAFE+YARN_STORE|HIGH,10,BAKERY,PET_CAFE,YARN_STORE,HIGH,12,3928,True,True,False,34,88,2,4,4,0,14,0,12
D10|BAKERY+PET_CAFE+ICE_CREAM_SHOP|LOW,10,BAKERY,PET_CAFE,ICE_CREAM_SHOP,LOW,11,3928,True,True,False,24,88,3,1,4,12,14,0,12
D10|BAKERY+PET_CAFE+ICE_CREAM_SHOP|BASE,10,BAKERY,PET_CAFE,ICE_CREAM_SHOP,BASE,11,4318,True,True,False,23,88,4,1,4,12,14,0,12
D10|BAKERY+PET_CAFE+ICE_CREAM_SHOP|HIGH,10,BAKERY,PET_CAFE,ICE_CREAM_SHOP,HIGH,12,4718,True,True,False,23,88,5,1,4,12,14,0,12
D10|BAKERY+PET_CAFE+PET_CAFE|LOW,10,BAKERY,PET_CAFE,PET_CAFE,LOW,11,268,False,False,False,6,88,2,1,4,0,20,0,12
D10|BAKERY+PET_CAFE+PET_CAFE|BASE,10,BAKERY,PET_CAFE,PET_CAFE,BASE,11,2558,True,True,False,27,88,2,1,4,0,24,0,12
D10|BAKERY+PET_CAFE+PET_CAFE|HIGH,10,BAKERY,PET_CAFE,PET_CAFE,HIGH,12,2638,True,True,False,27,88,2,1,4,0,28,0,12
D10|BAKERY+PET_CAFE+SMOOTHIE_SHOP|LOW,10,BAKERY,PET_CAFE,SMOOTHIE_SHOP,LOW,11,3928,True,True,False,24,88,3,1,4,12,14,0,12
D10|BAKERY+PET_CAFE+SMOOTHIE_SHOP|BASE,10,BAKERY,PET_CAFE,SMOOTHIE_SHOP,BASE,11,4318,True,True,False,23,88,4,1,4,12,14,0,12
D10|BAKERY+PET_CAFE+SMOOTHIE_SHOP|HIGH,10,BAKERY,PET_CAFE,SMOOTHIE_SHOP,HIGH,12,4718,True,True,False,23,88,5,1,4,12,14,0,12
D10|BAKERY+PET_CAFE+FARMERS_MARKET|LOW,10,BAKERY,PET_CAFE,FARMERS_MARKET,LOW,11,3398,True,True,False,23,88,2,1,4,10,18,0,12
D10|BAKERY+PET_CAFE+FARMERS_MARKET|BASE,10,BAKERY,PET_CAFE,FARMERS_MARKET,BASE,11,3578,True,True,False,21,88,2,1,4,12,18,0,12
D10|BAKERY+PET_CAFE+FARMERS_MARKET|HIGH,10,BAKERY,PET_CAFE,FARMERS_MARKET,HIGH,12,3778,True,True,False,21,88,2,1,4,14,18,0,12
D10|BAKERY+SMOOTHIE_SHOP+BAKERY|LOW,10,BAKERY,SMOOTHIE_SHOP,BAKERY,LOW,11,708,False,True,False,2,88,7,1,4,24,0,0,12
D10|BAKERY+SMOOTHIE_SHOP+BAKERY|BASE,10,BAKERY,SMOOTHIE_SHOP,BAKERY,BASE,11,708,False,True,False,2,88,7,1,4,24,0,0,12
D10|BAKERY+SMOOTHIE_SHOP+BAKERY|HIGH,10,BAKERY,SMOOTHIE_SHOP,BAKERY,HIGH,12,1008,False,True,False,2,88,7,1,5,24,0,0,12
D10|BAKERY+SMOOTHIE_SHOP+PIZZA_SHOP|LOW,10,BAKERY,SMOOTHIE_SHOP,PIZZA_SHOP,LOW,11,1388,False,True,False,0,88,8,1,4,24,0,6,12
D10|BAKERY+SMOOTHIE_SHOP+PIZZA_SHOP|BASE,10,BAKERY,SMOOTHIE_SHOP,PIZZA_SHOP,BASE,11,1788,False,True,False,0,88,9,1,4,24,0,6,12
D10|BAKERY+SMOOTHIE_SHOP+PIZZA_SHOP|HIGH,10,BAKERY,SMOOTHIE_SHOP,PIZZA_SHOP,HIGH,12,1988,False,True,False,0,88,9,1,4,26,0,6,12
D10|BAKERY+SMOOTHIE_SHOP+BRUNCH_SPOT|LOW,10,BAKERY,SMOOTHIE_SHOP,BRUNCH_SPOT,LOW,11,1488,False,True,False,0,88,7,1,4,32,0,0,12
D10|BAKERY+SMOOTHIE_SHOP+BRUNCH_SPOT|BASE,10,BAKERY,SMOOTHIE_SHOP,BRUNCH_SPOT,BASE,11,1488,False,True,False,0,88,7,1,4,32,0,0,12
D10|BAKERY+SMOOTHIE_SHOP+BRUNCH_SPOT|HIGH,10,BAKERY,SMOOTHIE_SHOP,BRUNCH_SPOT,HIGH,12,1788,False,True,False,0,88,7,1,5,32,0,0,12
D10|BAKERY+SMOOTHIE_SHOP+YARN_STORE|LOW,10,BAKERY,SMOOTHIE_SHOP,YARN_STORE,LOW,11,1198,False,True,False,1,88,7,2,4,24,0,0,12
D10|BAKERY+SMOOTHIE_SHOP+YARN_STORE|BASE,10,BAKERY,SMOOTHIE_SHOP,YARN_STORE,BASE,11,1688,False,True,False,0,88,7,3,4,24,0,0,12
D10|BAKERY+SMOOTHIE_SHOP+YARN_STORE|HIGH,10,BAKERY,SMOOTHIE_SHOP,YARN_STORE,HIGH,12,2188,False,True,False,0,88,7,4,4,24,0,0,12
D10|BAKERY+SMOOTHIE_SHOP+ICE_CREAM_SHOP|LOW,10,BAKERY,SMOOTHIE_SHOP,ICE_CREAM_SHOP,LOW,11,1888,False,True,False,0,88,8,1,4,32,0,0,12
D10|BAKERY+SMOOTHIE_SHOP+ICE_CREAM_SHOP|BASE,10,BAKERY,SMOOTHIE_SHOP,ICE_CREAM_SHOP,BASE,11,2288,False,True,False,0,88,9,1,4,32,0,0,12
D10|BAKERY+SMOOTHIE_SHOP+ICE_CREAM_SHOP|HIGH,10,BAKERY,SMOOTHIE_SHOP,ICE_CREAM_SHOP,HIGH,12,2488,False,True,False,0,88,9,1,4,34,0,0,12
D10|BAKERY+SMOOTHIE_SHOP+PET_CAFE|LOW,10,BAKERY,SMOOTHIE_SHOP,PET_CAFE,LOW,11,888,False,True,False,0,88,7,1,4,24,10,0,12
D10|BAKERY+SMOOTHIE_SHOP+PET_CAFE|BASE,10,BAKERY,SMOOTHIE_SHOP,PET_CAFE,BASE,11,968,False,True,False,0,88,7,1,4,24,14,0,12
D10|BAKERY+SMOOTHIE_SHOP+PET_CAFE|HIGH,10,BAKERY,SMOOTHIE_SHOP,PET_CAFE,HIGH,12,1048,False,True,False,0,88,7,1,4,24,18,0,12
D10|BAKERY+SMOOTHIE_SHOP+SMOOTHIE_SHOP|LOW,10,BAKERY,SMOOTHIE_SHOP,SMOOTHIE_SHOP,LOW,11,1888,False,True,False,0,88,8,1,4,32,0,0,12
D10|BAKERY+SMOOTHIE_SHOP+SMOOTHIE_SHOP|BASE,10,BAKERY,SMOOTHIE_SHOP,SMOOTHIE_SHOP,BASE,11,2288,False,True,False,0,88,9,1,4,32,0,0,12
D10|BAKERY+SMOOTHIE_SHOP+SMOOTHIE_SHOP|HIGH,10,BAKERY,SMOOTHIE_SHOP,SMOOTHIE_SHOP,HIGH,12,2488,False,True,False,0,88,9,1,4,34,0,0,12
D10|BAKERY+SMOOTHIE_SHOP+FARMERS_MARKET|LOW,10,BAKERY,SMOOTHIE_SHOP,FARMERS_MARKET,LOW,11,1408,False,True,False,0,88,7,1,4,30,6,0,12
D10|BAKERY+SMOOTHIE_SHOP+FARMERS_MARKET|BASE,10,BAKERY,SMOOTHIE_SHOP,FARMERS_MARKET,BASE,11,1608,False,True,False,0,88,7,1,4,32,6,0,12
D10|BAKERY+SMOOTHIE_SHOP+FARMERS_MARKET|HIGH,10,BAKERY,SMOOTHIE_SHOP,FARMERS_MARKET,HIGH,12,1808,False,True,False,0,88,7,1,4,34,6,0,12
D10|BAKERY+FARMERS_MARKET+BAKERY|LOW,10,BAKERY,FARMERS_MARKET,BAKERY,LOW,11,678,False,True,False,9,88,2,1,5,24,6,0,12
D10|BAKERY+FARMERS_MARKET+BAKERY|BASE,10,BAKERY,FARMERS_MARKET,BAKERY,BASE,11,968,False,True,False,8,88,2,1,6,24,6,0,12
D10|BAKERY+FARMERS_MARKET+BAKERY|HIGH,10,BAKERY,FARMERS_MARKET,BAKERY,HIGH,12,1268,False,True,False,8,88,2,1,7,24,6,0,12
D10|BAKERY+FARMERS_MARKET+PIZZA_SHOP|LOW,10,BAKERY,FARMERS_MARKET,PIZZA_SHOP,LOW,11,1018,False,True,False,3,88,3,1,4,24,6,6,12
D10|BAKERY+FARMERS_MARKET+PIZZA_SHOP|BASE,10,BAKERY,FARMERS_MARKET,PIZZA_SHOP,BASE,11,1408,False,True,False,2,88,4,1,4,24,6,6,12
D10|BAKERY+FARMERS_MARKET+PIZZA_SHOP|HIGH,10,BAKERY,FARMERS_MARKET,PIZZA_SHOP,HIGH,12,1808,False,True,False,2,88,5,1,4,24,6,6,12
D10|BAKERY+FARMERS_MARKET+BRUNCH_SPOT|LOW,10,BAKERY,FARMERS_MARKET,BRUNCH_SPOT,LOW,11,1398,False,True,False,1,88,2,1,5,32,6,0,12
D10|BAKERY+FARMERS_MARKET+BRUNCH_SPOT|BASE,10,BAKERY,FARMERS_MARKET,BRUNCH_SPOT,BASE,11,1688,False,True,False,0,88,2,1,6,32,6,0,12
D10|BAKERY+FARMERS_MARKET+BRUNCH_SPOT|HIGH,10,BAKERY,FARMERS_MARKET,BRUNCH_SPOT,HIGH,12,1988,False,True,False,0,88,2,1,7,32,6,0,12
D10|BAKERY+FARMERS_MARKET+YARN_STORE|LOW,10,BAKERY,FARMERS_MARKET,YARN_STORE,LOW,11,878,False,True,False,9,88,2,2,4,24,6,0,12
D10|BAKERY+FARMERS_MARKET+YARN_STORE|BASE,10,BAKERY,FARMERS_MARKET,YARN_STORE,BASE,11,1368,False,True,False,8,88,2,3,4,24,6,0,12
D10|BAKERY+FARMERS_MARKET+YARN_STORE|HIGH,10,BAKERY,FARMERS_MARKET,YARN_STORE,HIGH,12,1868,False,True,False,8,88,2,4,4,24,6,0,12
D10|BAKERY+FARMERS_MARKET+ICE_CREAM_SHOP|LOW,10,BAKERY,FARMERS_MARKET,ICE_CREAM_SHOP,LOW,11,1498,False,True,False,1,88,3,1,4,32,6,0,12
D10|BAKERY+FARMERS_MARKET+ICE_CREAM_SHOP|BASE,10,BAKERY,FARMERS_MARKET,ICE_CREAM_SHOP,BASE,11,1888,False,True,False,0,88,4,1,4,32,6,0,12
D10|BAKERY+FARMERS_MARKET+ICE_CREAM_SHOP|HIGH,10,BAKERY,FARMERS_MARKET,ICE_CREAM_SHOP,HIGH,12,2288,False,True,False,0,88,5,1,4,32,6,0,12
D10|BAKERY+FARMERS_MARKET+PET_CAFE|LOW,10,BAKERY,FARMERS_MARKET,PET_CAFE,LOW,11,468,False,True,False,2,88,2,1,4,24,14,0,12
D10|BAKERY+FARMERS_MARKET+PET_CAFE|BASE,10,BAKERY,FARMERS_MARKET,PET_CAFE,BASE,11,528,False,True,False,0,88,2,1,4,24,18,0,12
D10|BAKERY+FARMERS_MARKET+PET_CAFE|HIGH,10,BAKERY,FARMERS_MARKET,PET_CAFE,HIGH,12,608,False,True,False,0,88,2,1,4,24,22,0,12
D10|BAKERY+FARMERS_MARKET+SMOOTHIE_SHOP|LOW,10,BAKERY,FARMERS_MARKET,SMOOTHIE_SHOP,LOW,11,1498,False,True,False,1,88,3,1,4,32,6,0,12
D10|BAKERY+FARMERS_MARKET+SMOOTHIE_SHOP|BASE,10,BAKERY,FARMERS_MARKET,SMOOTHIE_SHOP,BASE,11,1888,False,True,False,0,88,4,1,4,32,6,0,12
D10|BAKERY+FARMERS_MARKET+SMOOTHIE_SHOP|HIGH,10,BAKERY,FARMERS_MARKET,SMOOTHIE_SHOP,HIGH,12,2288,False,True,False,0,88,5,1,4,32,6,0,12
D10|BAKERY+FARMERS_MARKET+FARMERS_MARKET|LOW,10,BAKERY,FARMERS_MARKET,FARMERS_MARKET,LOW,11,928,False,True,False,4,88,2,1,4,30,6,0,12
D10|BAKERY+FARMERS_MARKET+FARMERS_MARKET|BASE,10,BAKERY,FARMERS_MARKET,FARMERS_MARKET,BASE,11,1108,False,True,False,2,88,2,1,4,32,6,0,12
D10|BAKERY+FARMERS_MARKET+FARMERS_MARKET|HIGH,10,BAKERY,FARMERS_MARKET,FARMERS_MARKET,HIGH,12,1308,False,True,False,2,88,2,1,4,34,6,0,12
D10|PIZZA_SHOP+BAKERY+BAKERY|LOW,10,PIZZA_SHOP,BAKERY,BAKERY,LOW,11,588,False,False,False,10,88,10,1,1,0,0,8,12
D10|PIZZA_SHOP+BAKERY+BAKERY|BASE,10,PIZZA_SHOP,BAKERY,BAKERY,BASE,11,588,False,False,False,10,88,10,1,1,0,0,8,12
D10|PIZZA_SHOP+BAKERY+BAKERY|HIGH,10,PIZZA_SHOP,BAKERY,BAKERY,HIGH,12,3128,True,True,False,34,88,10,1,2,0,0,8,12
D10|PIZZA_SHOP+BAKERY+PIZZA_SHOP|LOW,10,PIZZA_SHOP,BAKERY,PIZZA_SHOP,LOW,11,748,False,False,False,6,88,10,1,1,0,0,12,12
D10|PIZZA_SHOP+BAKERY+PIZZA_SHOP|BASE,10,PIZZA_SHOP,BAKERY,PIZZA_SHOP,BASE,11,1138,False,False,False,5,88,11,1,1,0,0,12,12
D10|PIZZA_SHOP+BAKERY+PIZZA_SHOP|HIGH,10,PIZZA_SHOP,BAKERY,PIZZA_SHOP,HIGH,12,3778,True,True,False,29,88,12,1,1,0,0,12,12
D10|PIZZA_SHOP+BAKERY+BRUNCH_SPOT|LOW,10,PIZZA_SHOP,BAKERY,BRUNCH_SPOT,LOW,11,3918,True,True,False,23,88,10,1,1,12,0,8,12
D10|PIZZA_SHOP+BAKERY+BRUNCH_SPOT|BASE,10,PIZZA_SHOP,BAKERY,BRUNCH_SPOT,BASE,11,3918,True,True,False,23,88,10,1,1,12,0,8,12
D10|PIZZA_SHOP+BAKERY+BRUNCH_SPOT|HIGH,10,PIZZA_SHOP,BAKERY,BRUNCH_SPOT,HIGH,12,4218,True,True,False,23,88,10,1,2,12,0,8,12
D10|PIZZA_SHOP+BAKERY+YARN_STORE|LOW,10,PIZZA_SHOP,BAKERY,YARN_STORE,LOW,11,1078,False,False,False,9,88,10,2,1,0,0,8,12
D10|PIZZA_SHOP+BAKERY+YARN_STORE|BASE,10,PIZZA_SHOP,BAKERY,YARN_STORE,BASE,11,1568,False,False,False,8,88,10,3,1,0,0,8,12
D10|PIZZA_SHOP+BAKERY+YARN_STORE|HIGH,10,PIZZA_SHOP,BAKERY,YARN_STORE,HIGH,12,4308,True,True,False,32,88,10,4,1,0,0,8,12
D10|PIZZA_SHOP+BAKERY+ICE_CREAM_SHOP|LOW,10,PIZZA_SHOP,BAKERY,ICE_CREAM_SHOP,LOW,11,3918,True,True,False,23,88,10,1,1,12,0,8,12
D10|PIZZA_SHOP+BAKERY+ICE_CREAM_SHOP|BASE,10,PIZZA_SHOP,BAKERY,ICE_CREAM_SHOP,BASE,11,4308,True,True,False,22,88,11,1,1,12,0,8,12
D10|PIZZA_SHOP+BAKERY+ICE_CREAM_SHOP|HIGH,10,PIZZA_SHOP,BAKERY,ICE_CREAM_SHOP,HIGH,12,4708,True,True,False,22,88,12,1,1,12,0,8,12
D10|PIZZA_SHOP+BAKERY+PET_CAFE|LOW,10,PIZZA_SHOP,BAKERY,PET_CAFE,LOW,11,688,False,False,False,0,88,10,1,1,0,10,8,12
D10|PIZZA_SHOP+BAKERY+PET_CAFE|BASE,10,PIZZA_SHOP,BAKERY,PET_CAFE,BASE,11,2978,True,True,False,21,88,10,1,1,0,14,8,12
D10|PIZZA_SHOP+BAKERY+PET_CAFE|HIGH,10,PIZZA_SHOP,BAKERY,PET_CAFE,HIGH,12,3058,True,True,False,21,88,10,1,1,0,18,8,12
D10|PIZZA_SHOP+BAKERY+SMOOTHIE_SHOP|LOW,10,PIZZA_SHOP,BAKERY,SMOOTHIE_SHOP,LOW,11,3918,True,True,False,23,88,10,1,1,12,0,8,12
D10|PIZZA_SHOP+BAKERY+SMOOTHIE_SHOP|BASE,10,PIZZA_SHOP,BAKERY,SMOOTHIE_SHOP,BASE,11,4308,True,True,False,22,88,11,1,1,12,0,8,12
D10|PIZZA_SHOP+BAKERY+SMOOTHIE_SHOP|HIGH,10,PIZZA_SHOP,BAKERY,SMOOTHIE_SHOP,HIGH,12,4708,True,True,False,22,88,12,1,1,12,0,8,12
D10|PIZZA_SHOP+BAKERY+FARMERS_MARKET|LOW,10,PIZZA_SHOP,BAKERY,FARMERS_MARKET,LOW,11,3798,True,True,False,19,88,10,1,1,10,6,8,12
D10|PIZZA_SHOP+BAKERY+FARMERS_MARKET|BASE,10,PIZZA_SHOP,BAKERY,FARMERS_MARKET,BASE,11,3978,True,True,False,17,88,10,1,1,12,6,8,12
D10|PIZZA_SHOP+BAKERY+FARMERS_MARKET|HIGH,10,PIZZA_SHOP,BAKERY,FARMERS_MARKET,HIGH,12,4178,True,True,False,17,88,10,1,1,14,6,8,12
D10|PIZZA_SHOP+PIZZA_SHOP+BAKERY|LOW,10,PIZZA_SHOP,PIZZA_SHOP,BAKERY,LOW,11,558,False,False,False,7,88,11,1,1,0,0,12,12
D10|PIZZA_SHOP+PIZZA_SHOP+BAKERY|BASE,10,PIZZA_SHOP,PIZZA_SHOP,BAKERY,BASE,11,558,False,False,False,7,88,11,1,1,0,0,12,12
D10|PIZZA_SHOP+PIZZA_SHOP+BAKERY|HIGH,10,PIZZA_SHOP,PIZZA_SHOP,BAKERY,HIGH,12,3098,True,True,False,31,88,11,1,2,0,0,12,12
D10|PIZZA_SHOP+PIZZA_SHOP+PIZZA_SHOP|LOW,10,PIZZA_SHOP,PIZZA_SHOP,PIZZA_SHOP,LOW,11,718,False,False,False,3,88,11,1,1,0,0,16,12
D10|PIZZA_SHOP+PIZZA_SHOP+PIZZA_SHOP|BASE,10,PIZZA_SHOP,PIZZA_SHOP,PIZZA_SHOP,BASE,11,1108,False,False,False,2,88,12,1,1,0,0,16,12
D10|PIZZA_SHOP+PIZZA_SHOP+PIZZA_SHOP|HIGH,10,PIZZA_SHOP,PIZZA_SHOP,PIZZA_SHOP,HIGH,12,3748,True,True,False,26,88,13,1,1,0,0,16,12
D10|PIZZA_SHOP+PIZZA_SHOP+BRUNCH_SPOT|LOW,10,PIZZA_SHOP,PIZZA_SHOP,BRUNCH_SPOT,LOW,11,3888,True,True,False,20,88,11,1,1,12,0,12,12
D10|PIZZA_SHOP+PIZZA_SHOP+BRUNCH_SPOT|BASE,10,PIZZA_SHOP,PIZZA_SHOP,BRUNCH_SPOT,BASE,11,3888,True,True,False,20,88,11,1,1,12,0,12,12
D10|PIZZA_SHOP+PIZZA_SHOP+BRUNCH_SPOT|HIGH,10,PIZZA_SHOP,PIZZA_SHOP,BRUNCH_SPOT,HIGH,12,4188,True,True,False,20,88,11,1,2,12,0,12,12
D10|PIZZA_SHOP+PIZZA_SHOP+YARN_STORE|LOW,10,PIZZA_SHOP,PIZZA_SHOP,YARN_STORE,LOW,11,1048,False,False,False,6,88,11,2,1,0,0,12,12
D10|PIZZA_SHOP+PIZZA_SHOP+YARN_STORE|BASE,10,PIZZA_SHOP,PIZZA_SHOP,YARN_STORE,BASE,11,1538,False,False,False,5,88,11,3,1,0,0,12,12
D10|PIZZA_SHOP+PIZZA_SHOP+YARN_STORE|HIGH,10,PIZZA_SHOP,PIZZA_SHOP,YARN_STORE,HIGH,12,4278,True,True,False,29,88,11,4,1,0,0,12,12
D10|PIZZA_SHOP+PIZZA_SHOP+ICE_CREAM_SHOP|LOW,10,PIZZA_SHOP,PIZZA_SHOP,ICE_CREAM_SHOP,LOW,11,3888,True,True,False,20,88,11,1,1,12,0,12,12
D10|PIZZA_SHOP+PIZZA_SHOP+ICE_CREAM_SHOP|BASE,10,PIZZA_SHOP,PIZZA_SHOP,ICE_CREAM_SHOP,BASE,11,4278,True,True,False,19,88,12,1,1,12,0,12,12
D10|PIZZA_SHOP+PIZZA_SHOP+ICE_CREAM_SHOP|HIGH,10,PIZZA_SHOP,PIZZA_SHOP,ICE_CREAM_SHOP,HIGH,12,4678,True,True,False,19,88,13,1,1,12,0,12,12
D10|PIZZA_SHOP+PIZZA_SHOP+PET_CAFE|LOW,10,PIZZA_SHOP,PIZZA_SHOP,PET_CAFE,LOW,11,2908,True,True,False,22,88,11,1,1,0,10,12,12
D10|PIZZA_SHOP+PIZZA_SHOP+PET_CAFE|BASE,10,PIZZA_SHOP,PIZZA_SHOP,PET_CAFE,BASE,11,2948,True,True,False,18,88,11,1,1,0,14,12,12
D10|PIZZA_SHOP+PIZZA_SHOP+PET_CAFE|HIGH,10,PIZZA_SHOP,PIZZA_SHOP,PET_CAFE,HIGH,12,3028,True,True,False,18,88,11,1,1,0,18,12,12
D10|PIZZA_SHOP+PIZZA_SHOP+SMOOTHIE_SHOP|LOW,10,PIZZA_SHOP,PIZZA_SHOP,SMOOTHIE_SHOP,LOW,11,3888,True,True,False,20,88,11,1,1,12,0,12,12
D10|PIZZA_SHOP+PIZZA_SHOP+SMOOTHIE_SHOP|BASE,10,PIZZA_SHOP,PIZZA_SHOP,SMOOTHIE_SHOP,BASE,11,4278,True,True,False,19,88,12,1,1,12,0,12,12
D10|PIZZA_SHOP+PIZZA_SHOP+SMOOTHIE_SHOP|HIGH,10,PIZZA_SHOP,PIZZA_SHOP,SMOOTHIE_SHOP,HIGH,12,4678,True,True,False,19,88,13,1,1,12,0,12,12
D10|PIZZA_SHOP+PIZZA_SHOP+FARMERS_MARKET|LOW,10,PIZZA_SHOP,PIZZA_SHOP,FARMERS_MARKET,LOW,11,3768,True,True,False,16,88,11,1,1,10,6,12,12
D10|PIZZA_SHOP+PIZZA_SHOP+FARMERS_MARKET|BASE,10,PIZZA_SHOP,PIZZA_SHOP,FARMERS_MARKET,BASE,11,3948,True,True,False,14,88,11,1,1,12,6,12,12
D10|PIZZA_SHOP+PIZZA_SHOP+FARMERS_MARKET|HIGH,10,PIZZA_SHOP,PIZZA_SHOP,FARMERS_MARKET,HIGH,12,4148,True,True,False,14,88,11,1,1,14,6,12,12
D10|PIZZA_SHOP+BRUNCH_SPOT+BAKERY|LOW,10,PIZZA_SHOP,BRUNCH_SPOT,BAKERY,LOW,11,728,False,True,False,4,88,10,1,1,24,0,8,12
D10|PIZZA_SHOP+BRUNCH_SPOT+BAKERY|BASE,10,PIZZA_SHOP,BRUNCH_SPOT,BAKERY,BASE,11,728,False,True,False,4,88,10,1,1,24,0,8,12
D10|PIZZA_SHOP+BRUNCH_SPOT+BAKERY|HIGH,10,PIZZA_SHOP,BRUNCH_SPOT,BAKERY,HIGH,12,1028,False,True,False,4,88,10,1,2,24,0,8,12
D10|PIZZA_SHOP+BRUNCH_SPOT+PIZZA_SHOP|LOW,10,PIZZA_SHOP,BRUNCH_SPOT,PIZZA_SHOP,LOW,11,888,False,True,False,0,88,10,1,1,24,0,12,12
D10|PIZZA_SHOP+BRUNCH_SPOT+PIZZA_SHOP|BASE,10,PIZZA_SHOP,BRUNCH_SPOT,PIZZA_SHOP,BASE,11,1288,False,True,False,0,88,11,1,1,24,0,12,12
D10|PIZZA_SHOP+BRUNCH_SPOT+PIZZA_SHOP|HIGH,10,PIZZA_SHOP,BRUNCH_SPOT,PIZZA_SHOP,HIGH,12,1688,False,True,False,0,88,12,1,1,24,0,12,12
D10|PIZZA_SHOP+BRUNCH_SPOT+BRUNCH_SPOT|LOW,10,PIZZA_SHOP,BRUNCH_SPOT,BRUNCH_SPOT,LOW,11,1488,False,True,False,0,88,10,1,1,32,0,8,12
D10|PIZZA_SHOP+BRUNCH_SPOT+BRUNCH_SPOT|BASE,10,PIZZA_SHOP,BRUNCH_SPOT,BRUNCH_SPOT,BASE,11,1488,False,True,False,0,88,10,1,1,32,0,8,12
D10|PIZZA_SHOP+BRUNCH_SPOT+BRUNCH_SPOT|HIGH,10,PIZZA_SHOP,BRUNCH_SPOT,BRUNCH_SPOT,HIGH,12,1788,False,True,False,0,88,10,1,2,32,0,8,12
D10|PIZZA_SHOP+BRUNCH_SPOT+YARN_STORE|LOW,10,PIZZA_SHOP,BRUNCH_SPOT,YARN_STORE,LOW,11,1218,False,True,False,3,88,10,2,1,24,0,8,12
D10|PIZZA_SHOP+BRUNCH_SPOT+YARN_STORE|BASE,10,PIZZA_SHOP,BRUNCH_SPOT,YARN_STORE,BASE,11,1708,False,True,False,2,88,10,3,1,24,0,8,12
D10|PIZZA_SHOP+BRUNCH_SPOT+YARN_STORE|HIGH,10,PIZZA_SHOP,BRUNCH_SPOT,YARN_STORE,HIGH,12,2208,False,True,False,2,88,10,4,1,24,0,8,12
D10|PIZZA_SHOP+BRUNCH_SPOT+ICE_CREAM_SHOP|LOW,10,PIZZA_SHOP,BRUNCH_SPOT,ICE_CREAM_SHOP,LOW,11,1488,False,True,False,0,88,10,1,1,32,0,8,12
D10|PIZZA_SHOP+BRUNCH_SPOT+ICE_CREAM_SHOP|BASE,10,PIZZA_SHOP,BRUNCH_SPOT,ICE_CREAM_SHOP,BASE,11,1888,False,True,False,0,88,11,1,1,32,0,8,12
D10|PIZZA_SHOP+BRUNCH_SPOT+ICE_CREAM_SHOP|HIGH,10,PIZZA_SHOP,BRUNCH_SPOT,ICE_CREAM_SHOP,HIGH,12,2288,False,True,False,0,88,12,1,1,32,0,8,12
D10|PIZZA_SHOP+BRUNCH_SPOT+PET_CAFE|LOW,10,PIZZA_SHOP,BRUNCH_SPOT,PET_CAFE,LOW,11,888,False,True,False,0,88,10,1,1,24,10,8,12
D10|PIZZA_SHOP+BRUNCH_SPOT+PET_CAFE|BASE,10,PIZZA_SHOP,BRUNCH_SPOT,PET_CAFE,BASE,11,968,False,True,False,0,88,10,1,1,24,14,8,12
D10|PIZZA_SHOP+BRUNCH_SPOT+PET_CAFE|HIGH,10,PIZZA_SHOP,BRUNCH_SPOT,PET_CAFE,HIGH,12,1048,False,True,False,0,88,10,1,1,24,18,8,12
D10|PIZZA_SHOP+BRUNCH_SPOT+SMOOTHIE_SHOP|LOW,10,PIZZA_SHOP,BRUNCH_SPOT,SMOOTHIE_SHOP,LOW,11,1488,False,True,False,0,88,10,1,1,32,0,8,12
D10|PIZZA_SHOP+BRUNCH_SPOT+SMOOTHIE_SHOP|BASE,10,PIZZA_SHOP,BRUNCH_SPOT,SMOOTHIE_SHOP,BASE,11,1888,False,True,False,0,88,11,1,1,32,0,8,12
D10|PIZZA_SHOP+BRUNCH_SPOT+SMOOTHIE_SHOP|HIGH,10,PIZZA_SHOP,BRUNCH_SPOT,SMOOTHIE_SHOP,HIGH,12,2288,False,True,False,0,88,12,1,1,32,0,8,12
D10|PIZZA_SHOP+BRUNCH_SPOT+FARMERS_MARKET|LOW,10,PIZZA_SHOP,BRUNCH_SPOT,FARMERS_MARKET,LOW,11,1408,False,True,False,0,88,10,1,1,30,6,8,12
D10|PIZZA_SHOP+BRUNCH_SPOT+FARMERS_MARKET|BASE,10,PIZZA_SHOP,BRUNCH_SPOT,FARMERS_MARKET,BASE,11,1608,False,True,False,0,88,10,1,1,32,6,8,12
D10|PIZZA_SHOP+BRUNCH_SPOT+FARMERS_MARKET|HIGH,10,PIZZA_SHOP,BRUNCH_SPOT,FARMERS_MARKET,HIGH,12,1808,False,True,False,0,88,10,1,1,34,6,8,12
D10|PIZZA_SHOP+YARN_STORE+BAKERY|LOW,10,PIZZA_SHOP,YARN_STORE,BAKERY,LOW,11,1078,False,False,False,9,88,10,6,1,0,0,8,12
D10|PIZZA_SHOP+YARN_STORE+BAKERY|BASE,10,PIZZA_SHOP,YARN_STORE,BAKERY,BASE,11,1078,False,False,False,9,88,10,6,1,0,0,8,12
D10|PIZZA_SHOP+YARN_STORE+BAKERY|HIGH,10,PIZZA_SHOP,YARN_STORE,BAKERY,HIGH,12,3618,True,True,False,33,88,10,6,2,0,0,8,12
D10|PIZZA_SHOP+YARN_STORE+PIZZA_SHOP|LOW,10,PIZZA_SHOP,YARN_STORE,PIZZA_SHOP,LOW,11,1238,False,False,False,5,88,10,6,1,0,0,12,12
D10|PIZZA_SHOP+YARN_STORE+PIZZA_SHOP|BASE,10,PIZZA_SHOP,YARN_STORE,PIZZA_SHOP,BASE,11,1628,False,False,False,4,88,11,6,1,0,0,12,12
D10|PIZZA_SHOP+YARN_STORE+PIZZA_SHOP|HIGH,10,PIZZA_SHOP,YARN_STORE,PIZZA_SHOP,HIGH,12,4268,True,True,False,28,88,12,6,1,0,0,12,12
D10|PIZZA_SHOP+YARN_STORE+BRUNCH_SPOT|LOW,10,PIZZA_SHOP,YARN_STORE,BRUNCH_SPOT,LOW,11,4408,True,True,False,22,88,10,6,1,12,0,8,12
D10|PIZZA_SHOP+YARN_STORE+BRUNCH_SPOT|BASE,10,PIZZA_SHOP,YARN_STORE,BRUNCH_SPOT,BASE,11,4408,True,True,False,22,88,10,6,1,12,0,8,12
D10|PIZZA_SHOP+YARN_STORE+BRUNCH_SPOT|HIGH,10,PIZZA_SHOP,YARN_STORE,BRUNCH_SPOT,HIGH,12,4708,True,True,False,22,88,10,6,2,12,0,8,12
D10|PIZZA_SHOP+YARN_STORE+YARN_STORE|LOW,10,PIZZA_SHOP,YARN_STORE,YARN_STORE,LOW,11,1568,False,False,False,8,88,10,7,1,0,0,8,12
D10|PIZZA_SHOP+YARN_STORE+YARN_STORE|BASE,10,PIZZA_SHOP,YARN_STORE,YARN_STORE,BASE,11,2058,False,False,False,7,88,10,8,1,0,0,8,12
D10|PIZZA_SHOP+YARN_STORE+YARN_STORE|HIGH,10,PIZZA_SHOP,YARN_STORE,YARN_STORE,HIGH,12,2158,False,False,False,7,88,10,8,1,0,0,10,12
D10|PIZZA_SHOP+YARN_STORE+ICE_CREAM_SHOP|LOW,10,PIZZA_SHOP,YARN_STORE,ICE_CREAM_SHOP,LOW,11,4408,True,True,False,22,88,10,6,1,12,0,8,12
D10|PIZZA_SHOP+YARN_STORE+ICE_CREAM_SHOP|BASE,10,PIZZA_SHOP,YARN_STORE,ICE_CREAM_SHOP,BASE,11,4798,True,True,False,21,88,11,6,1,12,0,8,12
D10|PIZZA_SHOP+YARN_STORE+ICE_CREAM_SHOP|HIGH,10,PIZZA_SHOP,YARN_STORE,ICE_CREAM_SHOP,HIGH,12,5198,True,True,False,21,88,12,6,1,12,0,8,12
D10|PIZZA_SHOP+YARN_STORE+PET_CAFE|LOW,10,PIZZA_SHOP,YARN_STORE,PET_CAFE,LOW,11,3428,True,True,False,24,88,10,6,1,0,10,8,12
D10|PIZZA_SHOP+YARN_STORE+PET_CAFE|BASE,10,PIZZA_SHOP,YARN_STORE,PET_CAFE,BASE,11,3468,True,True,False,20,88,10,6,1,0,14,8,12
D10|PIZZA_SHOP+YARN_STORE+PET_CAFE|HIGH,10,PIZZA_SHOP,YARN_STORE,PET_CAFE,HIGH,12,3548,True,True,False,20,88,10,6,1,0,18,8,12
D10|PIZZA_SHOP+YARN_STORE+SMOOTHIE_SHOP|LOW,10,PIZZA_SHOP,YARN_STORE,SMOOTHIE_SHOP,LOW,11,4408,True,True,False,22,88,10,6,1,12,0,8,12
D10|PIZZA_SHOP+YARN_STORE+SMOOTHIE_SHOP|BASE,10,PIZZA_SHOP,YARN_STORE,SMOOTHIE_SHOP,BASE,11,4798,True,True,False,21,88,11,6,1,12,0,8,12
D10|PIZZA_SHOP+YARN_STORE+SMOOTHIE_SHOP|HIGH,10,PIZZA_SHOP,YARN_STORE,SMOOTHIE_SHOP,HIGH,12,5198,True,True,False,21,88,12,6,1,12,0,8,12
D10|PIZZA_SHOP+YARN_STORE+FARMERS_MARKET|LOW,10,PIZZA_SHOP,YARN_STORE,FARMERS_MARKET,LOW,11,4288,True,True,False,18,88,10,6,1,10,6,8,12
D10|PIZZA_SHOP+YARN_STORE+FARMERS_MARKET|BASE,10,PIZZA_SHOP,YARN_STORE,FARMERS_MARKET,BASE,11,4468,True,True,False,16,88,10,6,1,12,6,8,12
D10|PIZZA_SHOP+YARN_STORE+FARMERS_MARKET|HIGH,10,PIZZA_SHOP,YARN_STORE,FARMERS_MARKET,HIGH,12,4668,True,True,False,16,88,10,6,1,14,6,8,12
D10|PIZZA_SHOP+ICE_CREAM_SHOP+BAKERY|LOW,10,PIZZA_SHOP,ICE_CREAM_SHOP,BAKERY,LOW,11,728,False,True,False,4,88,11,1,1,24,0,8,12
D10|PIZZA_SHOP+ICE_CREAM_SHOP+BAKERY|BASE,10,PIZZA_SHOP,ICE_CREAM_SHOP,BAKERY,BASE,11,728,False,True,False,4,88,11,1,1,24,0,8,12
D10|PIZZA_SHOP+ICE_CREAM_SHOP+BAKERY|HIGH,10,PIZZA_SHOP,ICE_CREAM_SHOP,BAKERY,HIGH,12,1028,False,True,False,4,88,11,1,2,24,0,8,12
D10|PIZZA_SHOP+ICE_CREAM_SHOP+PIZZA_SHOP|LOW,10,PIZZA_SHOP,ICE_CREAM_SHOP,PIZZA_SHOP,LOW,11,888,False,True,False,0,88,11,1,1,24,0,12,12
D10|PIZZA_SHOP+ICE_CREAM_SHOP+PIZZA_SHOP|BASE,10,PIZZA_SHOP,ICE_CREAM_SHOP,PIZZA_SHOP,BASE,11,1288,False,True,False,0,88,12,1,1,24,0,12,12
D10|PIZZA_SHOP+ICE_CREAM_SHOP+PIZZA_SHOP|HIGH,10,PIZZA_SHOP,ICE_CREAM_SHOP,PIZZA_SHOP,HIGH,12,1688,False,True,False,0,88,13,1,1,24,0,12,12
D10|PIZZA_SHOP+ICE_CREAM_SHOP+BRUNCH_SPOT|LOW,10,PIZZA_SHOP,ICE_CREAM_SHOP,BRUNCH_SPOT,LOW,11,1488,False,True,False,0,88,11,1,1,32,0,8,12
D10|PIZZA_SHOP+ICE_CREAM_SHOP+BRUNCH_SPOT|BASE,10,PIZZA_SHOP,ICE_CREAM_SHOP,BRUNCH_SPOT,BASE,11,1488,False,True,False,0,88,11,1,1,32,0,8,12
D10|PIZZA_SHOP+ICE_CREAM_SHOP+BRUNCH_SPOT|HIGH,10,PIZZA_SHOP,ICE_CREAM_SHOP,BRUNCH_SPOT,HIGH,12,1788,False,True,False,0,88,11,1,2,32,0,8,12
D10|PIZZA_SHOP+ICE_CREAM_SHOP+YARN_STORE|LOW,10,PIZZA_SHOP,ICE_CREAM_SHOP,YARN_STORE,LOW,11,1218,False,True,False,3,88,11,2,1,24,0,8,12
D10|PIZZA_SHOP+ICE_CREAM_SHOP+YARN_STORE|BASE,10,PIZZA_SHOP,ICE_CREAM_SHOP,YARN_STORE,BASE,11,1708,False,True,False,2,88,11,3,1,24,0,8,12
D10|PIZZA_SHOP+ICE_CREAM_SHOP+YARN_STORE|HIGH,10,PIZZA_SHOP,ICE_CREAM_SHOP,YARN_STORE,HIGH,12,2208,False,True,False,2,88,11,4,1,24,0,8,12
D10|PIZZA_SHOP+ICE_CREAM_SHOP+ICE_CREAM_SHOP|LOW,10,PIZZA_SHOP,ICE_CREAM_SHOP,ICE_CREAM_SHOP,LOW,11,1488,False,True,False,0,88,11,1,1,32,0,8,12
D10|PIZZA_SHOP+ICE_CREAM_SHOP+ICE_CREAM_SHOP|BASE,10,PIZZA_SHOP,ICE_CREAM_SHOP,ICE_CREAM_SHOP,BASE,11,1888,False,True,False,0,88,12,1,1,32,0,8,12
D10|PIZZA_SHOP+ICE_CREAM_SHOP+ICE_CREAM_SHOP|HIGH,10,PIZZA_SHOP,ICE_CREAM_SHOP,ICE_CREAM_SHOP,HIGH,12,2288,False,True,False,0,88,13,1,1,32,0,8,12
D10|PIZZA_SHOP+ICE_CREAM_SHOP+PET_CAFE|LOW,10,PIZZA_SHOP,ICE_CREAM_SHOP,PET_CAFE,LOW,11,888,False,True,False,0,88,11,1,1,24,10,8,12
D10|PIZZA_SHOP+ICE_CREAM_SHOP+PET_CAFE|BASE,10,PIZZA_SHOP,ICE_CREAM_SHOP,PET_CAFE,BASE,11,968,False,True,False,0,88,11,1,1,24,14,8,12
D10|PIZZA_SHOP+ICE_CREAM_SHOP+PET_CAFE|HIGH,10,PIZZA_SHOP,ICE_CREAM_SHOP,PET_CAFE,HIGH,12,1048,False,True,False,0,88,11,1,1,24,18,8,12
D10|PIZZA_SHOP+ICE_CREAM_SHOP+SMOOTHIE_SHOP|LOW,10,PIZZA_SHOP,ICE_CREAM_SHOP,SMOOTHIE_SHOP,LOW,11,1488,False,True,False,0,88,11,1,1,32,0,8,12
D10|PIZZA_SHOP+ICE_CREAM_SHOP+SMOOTHIE_SHOP|BASE,10,PIZZA_SHOP,ICE_CREAM_SHOP,SMOOTHIE_SHOP,BASE,11,1888,False,True,False,0,88,12,1,1,32,0,8,12
D10|PIZZA_SHOP+ICE_CREAM_SHOP+SMOOTHIE_SHOP|HIGH,10,PIZZA_SHOP,ICE_CREAM_SHOP,SMOOTHIE_SHOP,HIGH,12,2288,False,True,False,0,88,13,1,1,32,0,8,12
D10|PIZZA_SHOP+ICE_CREAM_SHOP+FARMERS_MARKET|LOW,10,PIZZA_SHOP,ICE_CREAM_SHOP,FARMERS_MARKET,LOW,11,1408,False,True,False,0,88,11,1,1,30,6,8,12
D10|PIZZA_SHOP+ICE_CREAM_SHOP+FARMERS_MARKET|BASE,10,PIZZA_SHOP,ICE_CREAM_SHOP,FARMERS_MARKET,BASE,11,1608,False,True,False,0,88,11,1,1,32,6,8,12
D10|PIZZA_SHOP+ICE_CREAM_SHOP+FARMERS_MARKET|HIGH,10,PIZZA_SHOP,ICE_CREAM_SHOP,FARMERS_MARKET,HIGH,12,1808,False,True,False,0,88,11,1,1,34,6,8,12
D10|PIZZA_SHOP+PET_CAFE+BAKERY|LOW,10,PIZZA_SHOP,PET_CAFE,BAKERY,LOW,11,558,False,True,False,7,88,10,1,1,0,14,8,12
D10|PIZZA_SHOP+PET_CAFE+BAKERY|BASE,10,PIZZA_SHOP,PET_CAFE,BAKERY,BASE,11,558,False,True,False,7,88,10,1,1,0,14,8,12
D10|PIZZA_SHOP+PET_CAFE+BAKERY|HIGH,10,PIZZA_SHOP,PET_CAFE,BAKERY,HIGH,12,858,False,True,False,7,88,10,1,2,0,14,8,12
D10|PIZZA_SHOP+PET_CAFE+PIZZA_SHOP|LOW,10,PIZZA_SHOP,PET_CAFE,PIZZA_SHOP,LOW,11,718,False,True,False,3,88,10,1,1,0,14,12,12
D10|PIZZA_SHOP+PET_CAFE+PIZZA_SHOP|BASE,10,PIZZA_SHOP,PET_CAFE,PIZZA_SHOP,BASE,11,1108,False,True,False,2,88,11,1,1,0,14,12,12
D10|PIZZA_SHOP+PET_CAFE+PIZZA_SHOP|HIGH,10,PIZZA_SHOP,PET_CAFE,PIZZA_SHOP,HIGH,12,1508,False,True,False,2,88,12,1,1,0,14,12,12
D10|PIZZA_SHOP+PET_CAFE+BRUNCH_SPOT|LOW,10,PIZZA_SHOP,PET_CAFE,BRUNCH_SPOT,LOW,11,1688,False,True,False,0,88,10,1,1,12,14,8,12
D10|PIZZA_SHOP+PET_CAFE+BRUNCH_SPOT|BASE,10,PIZZA_SHOP,PET_CAFE,BRUNCH_SPOT,BASE,11,1688,False,True,False,0,88,10,1,1,12,14,8,12
D10|PIZZA_SHOP+PET_CAFE+BRUNCH_SPOT|HIGH,10,PIZZA_SHOP,PET_CAFE,BRUNCH_SPOT,HIGH,12,1988,False,True,False,0,88,10,1,2,12,14,8,12
D10|PIZZA_SHOP+PET_CAFE+YARN_STORE|LOW,10,PIZZA_SHOP,PET_CAFE,YARN_STORE,LOW,11,1048,False,True,False,6,88,10,2,1,0,14,8,12
D10|PIZZA_SHOP+PET_CAFE+YARN_STORE|BASE,10,PIZZA_SHOP,PET_CAFE,YARN_STORE,BASE,11,1538,False,True,False,5,88,10,3,1,0,14,8,12
D10|PIZZA_SHOP+PET_CAFE+YARN_STORE|HIGH,10,PIZZA_SHOP,PET_CAFE,YARN_STORE,HIGH,12,2038,False,True,False,5,88,10,4,1,0,14,8,12
D10|PIZZA_SHOP+PET_CAFE+ICE_CREAM_SHOP|LOW,10,PIZZA_SHOP,PET_CAFE,ICE_CREAM_SHOP,LOW,11,1688,False,True,False,0,88,10,1,1,12,14,8,12
D10|PIZZA_SHOP+PET_CAFE+ICE_CREAM_SHOP|BASE,10,PIZZA_SHOP,PET_CAFE,ICE_CREAM_SHOP,BASE,11,2088,False,True,False,0,88,11,1,1,12,14,8,12
D10|PIZZA_SHOP+PET_CAFE+ICE_CREAM_SHOP|HIGH,10,PIZZA_SHOP,PET_CAFE,ICE_CREAM_SHOP,HIGH,12,2488,False,True,False,0,88,12,1,1,12,14,8,12
D10|PIZZA_SHOP+PET_CAFE+PET_CAFE|LOW,10,PIZZA_SHOP,PET_CAFE,PET_CAFE,LOW,11,618,False,True,False,1,88,10,1,1,0,20,8,12
D10|PIZZA_SHOP+PET_CAFE+PET_CAFE|BASE,10,PIZZA_SHOP,PET_CAFE,PET_CAFE,BASE,11,688,False,True,False,0,88,10,1,1,0,24,8,12
D10|PIZZA_SHOP+PET_CAFE+PET_CAFE|HIGH,10,PIZZA_SHOP,PET_CAFE,PET_CAFE,HIGH,12,768,False,True,False,0,88,10,1,1,0,28,8,12
D10|PIZZA_SHOP+PET_CAFE+SMOOTHIE_SHOP|LOW,10,PIZZA_SHOP,PET_CAFE,SMOOTHIE_SHOP,LOW,11,1688,False,True,False,0,88,10,1,1,12,14,8,12
D10|PIZZA_SHOP+PET_CAFE+SMOOTHIE_SHOP|BASE,10,PIZZA_SHOP,PET_CAFE,SMOOTHIE_SHOP,BASE,11,2088,False,True,False,0,88,11,1,1,12,14,8,12
D10|PIZZA_SHOP+PET_CAFE+SMOOTHIE_SHOP|HIGH,10,PIZZA_SHOP,PET_CAFE,SMOOTHIE_SHOP,HIGH,12,2488,False,True,False,0,88,12,1,1,12,14,8,12
D10|PIZZA_SHOP+PET_CAFE+FARMERS_MARKET|LOW,10,PIZZA_SHOP,PET_CAFE,FARMERS_MARKET,LOW,11,1568,False,True,False,0,88,10,1,1,10,18,8,12
D10|PIZZA_SHOP+PET_CAFE+FARMERS_MARKET|BASE,10,PIZZA_SHOP,PET_CAFE,FARMERS_MARKET,BASE,11,1768,False,True,False,0,88,10,1,1,12,18,8,12
D10|PIZZA_SHOP+PET_CAFE+FARMERS_MARKET|HIGH,10,PIZZA_SHOP,PET_CAFE,FARMERS_MARKET,HIGH,12,1968,False,True,False,0,88,10,1,1,14,18,8,12
D10|PIZZA_SHOP+SMOOTHIE_SHOP+BAKERY|LOW,10,PIZZA_SHOP,SMOOTHIE_SHOP,BAKERY,LOW,11,728,False,True,False,4,88,11,1,1,24,0,8,12
D10|PIZZA_SHOP+SMOOTHIE_SHOP+BAKERY|BASE,10,PIZZA_SHOP,SMOOTHIE_SHOP,BAKERY,BASE,11,728,False,True,False,4,88,11,1,1,24,0,8,12
D10|PIZZA_SHOP+SMOOTHIE_SHOP+BAKERY|HIGH,10,PIZZA_SHOP,SMOOTHIE_SHOP,BAKERY,HIGH,12,1028,False,True,False,4,88,11,1,2,24,0,8,12
D10|PIZZA_SHOP+SMOOTHIE_SHOP+PIZZA_SHOP|LOW,10,PIZZA_SHOP,SMOOTHIE_SHOP,PIZZA_SHOP,LOW,11,888,False,True,False,0,88,11,1,1,24,0,12,12
D10|PIZZA_SHOP+SMOOTHIE_SHOP+PIZZA_SHOP|BASE,10,PIZZA_SHOP,SMOOTHIE_SHOP,PIZZA_SHOP,BASE,11,1288,False,True,False,0,88,12,1,1,24,0,12,12
D10|PIZZA_SHOP+SMOOTHIE_SHOP+PIZZA_SHOP|HIGH,10,PIZZA_SHOP,SMOOTHIE_SHOP,PIZZA_SHOP,HIGH,12,1688,False,True,False,0,88,13,1,1,24,0,12,12
D10|PIZZA_SHOP+SMOOTHIE_SHOP+BRUNCH_SPOT|LOW,10,PIZZA_SHOP,SMOOTHIE_SHOP,BRUNCH_SPOT,LOW,11,1488,False,True,False,0,88,11,1,1,32,0,8,12
D10|PIZZA_SHOP+SMOOTHIE_SHOP+BRUNCH_SPOT|BASE,10,PIZZA_SHOP,SMOOTHIE_SHOP,BRUNCH_SPOT,BASE,11,1488,False,True,False,0,88,11,1,1,32,0,8,12
D10|PIZZA_SHOP+SMOOTHIE_SHOP+BRUNCH_SPOT|HIGH,10,PIZZA_SHOP,SMOOTHIE_SHOP,BRUNCH_SPOT,HIGH,12,1788,False,True,False,0,88,11,1,2,32,0,8,12
D10|PIZZA_SHOP+SMOOTHIE_SHOP+YARN_STORE|LOW,10,PIZZA_SHOP,SMOOTHIE_SHOP,YARN_STORE,LOW,11,1218,False,True,False,3,88,11,2,1,24,0,8,12
D10|PIZZA_SHOP+SMOOTHIE_SHOP+YARN_STORE|BASE,10,PIZZA_SHOP,SMOOTHIE_SHOP,YARN_STORE,BASE,11,1708,False,True,False,2,88,11,3,1,24,0,8,12
D10|PIZZA_SHOP+SMOOTHIE_SHOP+YARN_STORE|HIGH,10,PIZZA_SHOP,SMOOTHIE_SHOP,YARN_STORE,HIGH,12,2208,False,True,False,2,88,11,4,1,24,0,8,12
D10|PIZZA_SHOP+SMOOTHIE_SHOP+ICE_CREAM_SHOP|LOW,10,PIZZA_SHOP,SMOOTHIE_SHOP,ICE_CREAM_SHOP,LOW,11,1488,False,True,False,0,88,11,1,1,32,0,8,12
D10|PIZZA_SHOP+SMOOTHIE_SHOP+ICE_CREAM_SHOP|BASE,10,PIZZA_SHOP,SMOOTHIE_SHOP,ICE_CREAM_SHOP,BASE,11,1888,False,True,False,0,88,12,1,1,32,0,8,12
D10|PIZZA_SHOP+SMOOTHIE_SHOP+ICE_CREAM_SHOP|HIGH,10,PIZZA_SHOP,SMOOTHIE_SHOP,ICE_CREAM_SHOP,HIGH,12,2288,False,True,False,0,88,13,1,1,32,0,8,12
D10|PIZZA_SHOP+SMOOTHIE_SHOP+PET_CAFE|LOW,10,PIZZA_SHOP,SMOOTHIE_SHOP,PET_CAFE,LOW,11,888,False,True,False,0,88,11,1,1,24,10,8,12
D10|PIZZA_SHOP+SMOOTHIE_SHOP+PET_CAFE|BASE,10,PIZZA_SHOP,SMOOTHIE_SHOP,PET_CAFE,BASE,11,968,False,True,False,0,88,11,1,1,24,14,8,12
D10|PIZZA_SHOP+SMOOTHIE_SHOP+PET_CAFE|HIGH,10,PIZZA_SHOP,SMOOTHIE_SHOP,PET_CAFE,HIGH,12,1048,False,True,False,0,88,11,1,1,24,18,8,12
D10|PIZZA_SHOP+SMOOTHIE_SHOP+SMOOTHIE_SHOP|LOW,10,PIZZA_SHOP,SMOOTHIE_SHOP,SMOOTHIE_SHOP,LOW,11,1488,False,True,False,0,88,11,1,1,32,0,8,12
D10|PIZZA_SHOP+SMOOTHIE_SHOP+SMOOTHIE_SHOP|BASE,10,PIZZA_SHOP,SMOOTHIE_SHOP,SMOOTHIE_SHOP,BASE,11,1888,False,True,False,0,88,12,1,1,32,0,8,12
D10|PIZZA_SHOP+SMOOTHIE_SHOP+SMOOTHIE_SHOP|HIGH,10,PIZZA_SHOP,SMOOTHIE_SHOP,SMOOTHIE_SHOP,HIGH,12,2288,False,True,False,0,88,13,1,1,32,0,8,12
D10|PIZZA_SHOP+SMOOTHIE_SHOP+FARMERS_MARKET|LOW,10,PIZZA_SHOP,SMOOTHIE_SHOP,FARMERS_MARKET,LOW,11,1408,False,True,False,0,88,11,1,1,30,6,8,12
D10|PIZZA_SHOP+SMOOTHIE_SHOP+FARMERS_MARKET|BASE,10,PIZZA_SHOP,SMOOTHIE_SHOP,FARMERS_MARKET,BASE,11,1608,False,True,False,0,88,11,1,1,32,6,8,12
D10|PIZZA_SHOP+SMOOTHIE_SHOP+FARMERS_MARKET|HIGH,10,PIZZA_SHOP,SMOOTHIE_SHOP,FARMERS_MARKET,HIGH,12,1808,False,True,False,0,88,11,1,1,34,6,8,12
D10|PIZZA_SHOP+FARMERS_MARKET+BAKERY|LOW,10,PIZZA_SHOP,FARMERS_MARKET,BAKERY,LOW,11,768,False,True,False,8,88,10,1,1,24,6,8,12
D10|PIZZA_SHOP+FARMERS_MARKET+BAKERY|BASE,10,PIZZA_SHOP,FARMERS_MARKET,BAKERY,BASE,11,768,False,True,False,8,88,10,1,1,24,6,8,12
D10|PIZZA_SHOP+FARMERS_MARKET+BAKERY|HIGH,10,PIZZA_SHOP,FARMERS_MARKET,BAKERY,HIGH,12,1068,False,True,False,8,88,10,1,2,24,6,8,12
D10|PIZZA_SHOP+FARMERS_MARKET+PIZZA_SHOP|LOW,10,PIZZA_SHOP,FARMERS_MARKET,PIZZA_SHOP,LOW,11,928,False,True,False,4,88,10,1,1,24,6,12,12
D10|PIZZA_SHOP+FARMERS_MARKET+PIZZA_SHOP|BASE,10,PIZZA_SHOP,FARMERS_MARKET,PIZZA_SHOP,BASE,11,1318,False,True,False,3,88,11,1,1,24,6,12,12
D10|PIZZA_SHOP+FARMERS_MARKET+PIZZA_SHOP|HIGH,10,PIZZA_SHOP,FARMERS_MARKET,PIZZA_SHOP,HIGH,12,1718,False,True,False,3,88,12,1,1,24,6,12,12
D10|PIZZA_SHOP+FARMERS_MARKET+BRUNCH_SPOT|LOW,10,PIZZA_SHOP,FARMERS_MARKET,BRUNCH_SPOT,LOW,11,1488,False,True,False,0,88,10,1,1,32,6,8,12
D10|PIZZA_SHOP+FARMERS_MARKET+BRUNCH_SPOT|BASE,10,PIZZA_SHOP,FARMERS_MARKET,BRUNCH_SPOT,BASE,11,1488,False,True,False,0,88,10,1,1,32,6,8,12
D10|PIZZA_SHOP+FARMERS_MARKET+BRUNCH_SPOT|HIGH,10,PIZZA_SHOP,FARMERS_MARKET,BRUNCH_SPOT,HIGH,12,1788,False,True,False,0,88,10,1,2,32,6,8,12
D10|PIZZA_SHOP+FARMERS_MARKET+YARN_STORE|LOW,10,PIZZA_SHOP,FARMERS_MARKET,YARN_STORE,LOW,11,1258,False,True,False,7,88,10,2,1,24,6,8,12
D10|PIZZA_SHOP+FARMERS_MARKET+YARN_STORE|BASE,10,PIZZA_SHOP,FARMERS_MARKET,YARN_STORE,BASE,11,1748,False,True,False,6,88,10,3,1,24,6,8,12
D10|PIZZA_SHOP+FARMERS_MARKET+YARN_STORE|HIGH,10,PIZZA_SHOP,FARMERS_MARKET,YARN_STORE,HIGH,12,2248,False,True,False,6,88,10,4,1,24,6,8,12
D10|PIZZA_SHOP+FARMERS_MARKET+ICE_CREAM_SHOP|LOW,10,PIZZA_SHOP,FARMERS_MARKET,ICE_CREAM_SHOP,LOW,11,1488,False,True,False,0,88,10,1,1,32,6,8,12
D10|PIZZA_SHOP+FARMERS_MARKET+ICE_CREAM_SHOP|BASE,10,PIZZA_SHOP,FARMERS_MARKET,ICE_CREAM_SHOP,BASE,11,1888,False,True,False,0,88,11,1,1,32,6,8,12
D10|PIZZA_SHOP+FARMERS_MARKET+ICE_CREAM_SHOP|HIGH,10,PIZZA_SHOP,FARMERS_MARKET,ICE_CREAM_SHOP,HIGH,12,2288,False,True,False,0,88,12,1,1,32,6,8,12
D10|PIZZA_SHOP+FARMERS_MARKET+PET_CAFE|LOW,10,PIZZA_SHOP,FARMERS_MARKET,PET_CAFE,LOW,11,848,False,True,False,0,88,10,1,1,24,14,8,12
D10|PIZZA_SHOP+FARMERS_MARKET+PET_CAFE|BASE,10,PIZZA_SHOP,FARMERS_MARKET,PET_CAFE,BASE,11,928,False,True,False,0,88,10,1,1,24,18,8,12
D10|PIZZA_SHOP+FARMERS_MARKET+PET_CAFE|HIGH,10,PIZZA_SHOP,FARMERS_MARKET,PET_CAFE,HIGH,11,928,False,True,True,0,88,10,1,1,24,18,8,12
D10|PIZZA_SHOP+FARMERS_MARKET+SMOOTHIE_SHOP|LOW,10,PIZZA_SHOP,FARMERS_MARKET,SMOOTHIE_SHOP,LOW,11,1488,False,True,False,0,88,10,1,1,32,6,8,12
D10|PIZZA_SHOP+FARMERS_MARKET+SMOOTHIE_SHOP|BASE,10,PIZZA_SHOP,FARMERS_MARKET,SMOOTHIE_SHOP,BASE,11,1888,False,True,False,0,88,11,1,1,32,6,8,12
D10|PIZZA_SHOP+FARMERS_MARKET+SMOOTHIE_SHOP|HIGH,10,PIZZA_SHOP,FARMERS_MARKET,SMOOTHIE_SHOP,HIGH,12,2288,False,True,False,0,88,12,1,1,32,6,8,12
D10|PIZZA_SHOP+FARMERS_MARKET+FARMERS_MARKET|LOW,10,PIZZA_SHOP,FARMERS_MARKET,FARMERS_MARKET,LOW,11,1308,False,True,False,2,88,10,1,1,30,6,8,12
D10|PIZZA_SHOP+FARMERS_MARKET+FARMERS_MARKET|BASE,10,PIZZA_SHOP,FARMERS_MARKET,FARMERS_MARKET,BASE,11,1488,False,True,False,0,88,10,1,1,32,6,8,12
D10|PIZZA_SHOP+FARMERS_MARKET+FARMERS_MARKET|HIGH,10,PIZZA_SHOP,FARMERS_MARKET,FARMERS_MARKET,HIGH,12,1688,False,True,False,0,88,10,1,1,34,6,8,12
D10|BRUNCH_SPOT+BAKERY+BAKERY|LOW,10,BRUNCH_SPOT,BAKERY,BAKERY,LOW,11,168,False,True,False,8,88,2,1,6,24,0,0,12
D10|BRUNCH_SPOT+BAKERY+BAKERY|BASE,10,BRUNCH_SPOT,BAKERY,BAKERY,BASE,11,168,False,True,False,8,88,2,1,6,24,0,0,12
D10|BRUNCH_SPOT+BAKERY+BAKERY|HIGH,10,BRUNCH_SPOT,BAKERY,BAKERY,HIGH,12,468,False,True,False,8,88,2,1,7,24,0,0,12
D10|BRUNCH_SPOT+BAKERY+PIZZA_SHOP|LOW,10,BRUNCH_SPOT,BAKERY,PIZZA_SHOP,LOW,11,798,False,True,False,1,88,3,1,6,24,0,6,12
D10|BRUNCH_SPOT+BAKERY+PIZZA_SHOP|BASE,10,BRUNCH_SPOT,BAKERY,PIZZA_SHOP,BASE,11,1188,False,True,False,0,88,4,1,6,24,0,6,12
D10|BRUNCH_SPOT+BAKERY+PIZZA_SHOP|HIGH,10,BRUNCH_SPOT,BAKERY,PIZZA_SHOP,HIGH,12,1588,False,True,False,0,88,5,1,6,24,0,6,12
D10|BRUNCH_SPOT+BAKERY+BRUNCH_SPOT|LOW,10,BRUNCH_SPOT,BAKERY,BRUNCH_SPOT,LOW,11,888,False,True,False,0,88,2,1,6,32,0,0,12
D10|BRUNCH_SPOT+BAKERY+BRUNCH_SPOT|BASE,10,BRUNCH_SPOT,BAKERY,BRUNCH_SPOT,BASE,11,888,False,True,False,0,88,2,1,6,32,0,0,12
D10|BRUNCH_SPOT+BAKERY+BRUNCH_SPOT|HIGH,10,BRUNCH_SPOT,BAKERY,BRUNCH_SPOT,HIGH,12,1188,False,True,False,0,88,2,1,7,32,0,0,12
D10|BRUNCH_SPOT+BAKERY+YARN_STORE|LOW,10,BRUNCH_SPOT,BAKERY,YARN_STORE,LOW,11,658,False,True,False,7,88,2,2,6,24,0,0,12
D10|BRUNCH_SPOT+BAKERY+YARN_STORE|BASE,10,BRUNCH_SPOT,BAKERY,YARN_STORE,BASE,11,1148,False,True,False,6,88,2,3,6,24,0,0,12
D10|BRUNCH_SPOT+BAKERY+YARN_STORE|HIGH,10,BRUNCH_SPOT,BAKERY,YARN_STORE,HIGH,12,1648,False,True,False,6,88,2,4,6,24,0,0,12
D10|BRUNCH_SPOT+BAKERY+ICE_CREAM_SHOP|LOW,10,BRUNCH_SPOT,BAKERY,ICE_CREAM_SHOP,LOW,11,1288,False,True,False,0,88,3,1,6,32,0,0,12
D10|BRUNCH_SPOT+BAKERY+ICE_CREAM_SHOP|BASE,10,BRUNCH_SPOT,BAKERY,ICE_CREAM_SHOP,BASE,11,1688,False,True,False,0,88,4,1,6,32,0,0,12
D10|BRUNCH_SPOT+BAKERY+ICE_CREAM_SHOP|HIGH,10,BRUNCH_SPOT,BAKERY,ICE_CREAM_SHOP,HIGH,12,2088,False,True,False,0,88,5,1,6,32,0,0,12
D10|BRUNCH_SPOT+BAKERY+PET_CAFE|LOW,10,BRUNCH_SPOT,BAKERY,PET_CAFE,LOW,11,288,False,True,False,0,88,2,1,6,24,10,0,12
D10|BRUNCH_SPOT+BAKERY+PET_CAFE|BASE,10,BRUNCH_SPOT,BAKERY,PET_CAFE,BASE,11,368,False,True,False,0,88,2,1,6,24,14,0,12
D10|BRUNCH_SPOT+BAKERY+PET_CAFE|HIGH,10,BRUNCH_SPOT,BAKERY,PET_CAFE,HIGH,12,448,False,True,False,0,88,2,1,6,24,18,0,12
D10|BRUNCH_SPOT+BAKERY+SMOOTHIE_SHOP|LOW,10,BRUNCH_SPOT,BAKERY,SMOOTHIE_SHOP,LOW,11,1288,False,True,False,0,88,3,1,6,32,0,0,12
D10|BRUNCH_SPOT+BAKERY+SMOOTHIE_SHOP|BASE,10,BRUNCH_SPOT,BAKERY,SMOOTHIE_SHOP,BASE,11,1688,False,True,False,0,88,4,1,6,32,0,0,12
D10|BRUNCH_SPOT+BAKERY+SMOOTHIE_SHOP|HIGH,10,BRUNCH_SPOT,BAKERY,SMOOTHIE_SHOP,HIGH,12,2088,False,True,False,0,88,5,1,6,32,0,0,12
D10|BRUNCH_SPOT+BAKERY+FARMERS_MARKET|LOW,10,BRUNCH_SPOT,BAKERY,FARMERS_MARKET,LOW,11,808,False,True,False,0,88,2,1,6,30,6,0,12
D10|BRUNCH_SPOT+BAKERY+FARMERS_MARKET|BASE,10,BRUNCH_SPOT,BAKERY,FARMERS_MARKET,BASE,11,1008,False,True,False,0,88,2,1,6,32,6,0,12
D10|BRUNCH_SPOT+BAKERY+FARMERS_MARKET|HIGH,10,BRUNCH_SPOT,BAKERY,FARMERS_MARKET,HIGH,12,1208,False,True,False,0,88,2,1,6,34,6,0,12
D10|BRUNCH_SPOT+PIZZA_SHOP+BAKERY|LOW,10,BRUNCH_SPOT,PIZZA_SHOP,BAKERY,LOW,11,528,False,True,False,4,88,7,1,4,24,0,8,12
D10|BRUNCH_SPOT+PIZZA_SHOP+BAKERY|BASE,10,BRUNCH_SPOT,PIZZA_SHOP,BAKERY,BASE,11,528,False,True,False,4,88,7,1,4,24,0,8,12
D10|BRUNCH_SPOT+PIZZA_SHOP+BAKERY|HIGH,10,BRUNCH_SPOT,PIZZA_SHOP,BAKERY,HIGH,12,828,False,True,False,4,88,7,1,5,24,0,8,12
D10|BRUNCH_SPOT+PIZZA_SHOP+PIZZA_SHOP|LOW,10,BRUNCH_SPOT,PIZZA_SHOP,PIZZA_SHOP,LOW,11,1088,False,True,False,0,88,8,1,4,24,0,12,12
D10|BRUNCH_SPOT+PIZZA_SHOP+PIZZA_SHOP|BASE,10,BRUNCH_SPOT,PIZZA_SHOP,PIZZA_SHOP,BASE,11,1488,False,True,False,0,88,9,1,4,24,0,12,12
D10|BRUNCH_SPOT+PIZZA_SHOP+PIZZA_SHOP|HIGH,10,BRUNCH_SPOT,PIZZA_SHOP,PIZZA_SHOP,HIGH,12,1688,False,True,False,0,88,9,1,4,26,0,12,12
D10|BRUNCH_SPOT+PIZZA_SHOP+BRUNCH_SPOT|LOW,10,BRUNCH_SPOT,PIZZA_SHOP,BRUNCH_SPOT,LOW,11,1288,False,True,False,0,88,7,1,4,32,0,8,12
D10|BRUNCH_SPOT+PIZZA_SHOP+BRUNCH_SPOT|BASE,10,BRUNCH_SPOT,PIZZA_SHOP,BRUNCH_SPOT,BASE,11,1288,False,True,False,0,88,7,1,4,32,0,8,12
D10|BRUNCH_SPOT+PIZZA_SHOP+BRUNCH_SPOT|HIGH,10,BRUNCH_SPOT,PIZZA_SHOP,BRUNCH_SPOT,HIGH,12,1588,False,True,False,0,88,7,1,5,32,0,8,12
D10|BRUNCH_SPOT+PIZZA_SHOP+YARN_STORE|LOW,10,BRUNCH_SPOT,PIZZA_SHOP,YARN_STORE,LOW,11,1018,False,True,False,3,88,7,2,4,24,0,8,12
D10|BRUNCH_SPOT+PIZZA_SHOP+YARN_STORE|BASE,10,BRUNCH_SPOT,PIZZA_SHOP,YARN_STORE,BASE,11,1508,False,True,False,2,88,7,3,4,24,0,8,12
D10|BRUNCH_SPOT+PIZZA_SHOP+YARN_STORE|HIGH,10,BRUNCH_SPOT,PIZZA_SHOP,YARN_STORE,HIGH,12,2008,False,True,False,2,88,7,4,4,24,0,8,12
D10|BRUNCH_SPOT+PIZZA_SHOP+ICE_CREAM_SHOP|LOW,10,BRUNCH_SPOT,PIZZA_SHOP,ICE_CREAM_SHOP,LOW,11,1688,False,True,False,0,88,8,1,4,32,0,8,12
D10|BRUNCH_SPOT+PIZZA_SHOP+ICE_CREAM_SHOP|BASE,10,BRUNCH_SPOT,PIZZA_SHOP,ICE_CREAM_SHOP,BASE,11,2088,False,True,False,0,88,9,1,4,32,0,8,12
D10|BRUNCH_SPOT+PIZZA_SHOP+ICE_CREAM_SHOP|HIGH,10,BRUNCH_SPOT,PIZZA_SHOP,ICE_CREAM_SHOP,HIGH,12,2288,False,True,False,0,88,9,1,4,34,0,8,12
D10|BRUNCH_SPOT+PIZZA_SHOP+PET_CAFE|LOW,10,BRUNCH_SPOT,PIZZA_SHOP,PET_CAFE,LOW,11,688,False,True,False,0,88,7,1,4,24,10,8,12
D10|BRUNCH_SPOT+PIZZA_SHOP+PET_CAFE|BASE,10,BRUNCH_SPOT,PIZZA_SHOP,PET_CAFE,BASE,11,768,False,True,False,0,88,7,1,4,24,14,8,12
D10|BRUNCH_SPOT+PIZZA_SHOP+PET_CAFE|HIGH,10,BRUNCH_SPOT,PIZZA_SHOP,PET_CAFE,HIGH,12,848,False,True,False,0,88,7,1,4,24,18,8,12
D10|BRUNCH_SPOT+PIZZA_SHOP+SMOOTHIE_SHOP|LOW,10,BRUNCH_SPOT,PIZZA_SHOP,SMOOTHIE_SHOP,LOW,11,1688,False,True,False,0,88,8,1,4,32,0,8,12
D10|BRUNCH_SPOT+PIZZA_SHOP+SMOOTHIE_SHOP|BASE,10,BRUNCH_SPOT,PIZZA_SHOP,SMOOTHIE_SHOP,BASE,11,2088,False,True,False,0,88,9,1,4,32,0,8,12
D10|BRUNCH_SPOT+PIZZA_SHOP+SMOOTHIE_SHOP|HIGH,10,BRUNCH_SPOT,PIZZA_SHOP,SMOOTHIE_SHOP,HIGH,12,2288,False,True,False,0,88,9,1,4,34,0,8,12
D10|BRUNCH_SPOT+PIZZA_SHOP+FARMERS_MARKET|LOW,10,BRUNCH_SPOT,PIZZA_SHOP,FARMERS_MARKET,LOW,11,1208,False,True,False,0,88,7,1,4,30,6,8,12
D10|BRUNCH_SPOT+PIZZA_SHOP+FARMERS_MARKET|BASE,10,BRUNCH_SPOT,PIZZA_SHOP,FARMERS_MARKET,BASE,11,1408,False,True,False,0,88,7,1,4,32,6,8,12
D10|BRUNCH_SPOT+PIZZA_SHOP+FARMERS_MARKET|HIGH,10,BRUNCH_SPOT,PIZZA_SHOP,FARMERS_MARKET,HIGH,12,1608,False,True,False,0,88,7,1,4,34,6,8,12
D10|BRUNCH_SPOT+BRUNCH_SPOT+BAKERY|LOW,10,BRUNCH_SPOT,BRUNCH_SPOT,BAKERY,LOW,11,398,False,True,False,11,88,2,1,6,32,0,0,12
D10|BRUNCH_SPOT+BRUNCH_SPOT+BAKERY|BASE,10,BRUNCH_SPOT,BRUNCH_SPOT,BAKERY,BASE,11,398,False,True,False,11,88,2,1,6,32,0,0,12
D10|BRUNCH_SPOT+BRUNCH_SPOT+BAKERY|HIGH,10,BRUNCH_SPOT,BRUNCH_SPOT,BAKERY,HIGH,12,698,False,True,False,11,88,2,1,7,32,0,0,12
D10|BRUNCH_SPOT+BRUNCH_SPOT+PIZZA_SHOP|LOW,10,BRUNCH_SPOT,BRUNCH_SPOT,PIZZA_SHOP,LOW,11,1028,False,True,False,4,88,3,1,6,32,0,6,12
D10|BRUNCH_SPOT+BRUNCH_SPOT+PIZZA_SHOP|BASE,10,BRUNCH_SPOT,BRUNCH_SPOT,PIZZA_SHOP,BASE,11,1418,False,True,False,3,88,4,1,6,32,0,6,12
D10|BRUNCH_SPOT+BRUNCH_SPOT+PIZZA_SHOP|HIGH,10,BRUNCH_SPOT,BRUNCH_SPOT,PIZZA_SHOP,HIGH,12,1818,False,True,False,3,88,5,1,6,32,0,6,12
D10|BRUNCH_SPOT+BRUNCH_SPOT+BRUNCH_SPOT|LOW,10,BRUNCH_SPOT,BRUNCH_SPOT,BRUNCH_SPOT,LOW,11,758,False,True,False,7,88,2,1,6,36,0,0,12
D10|BRUNCH_SPOT+BRUNCH_SPOT+BRUNCH_SPOT|BASE,10,BRUNCH_SPOT,BRUNCH_SPOT,BRUNCH_SPOT,BASE,11,758,False,True,False,7,88,2,1,6,36,0,0,12
D10|BRUNCH_SPOT+BRUNCH_SPOT+BRUNCH_SPOT|HIGH,10,BRUNCH_SPOT,BRUNCH_SPOT,BRUNCH_SPOT,HIGH,12,1058,False,True,False,7,88,2,1,7,36,0,0,12
D10|BRUNCH_SPOT+BRUNCH_SPOT+YARN_STORE|LOW,10,BRUNCH_SPOT,BRUNCH_SPOT,YARN_STORE,LOW,11,888,False,True,False,10,88,2,2,6,32,0,0,12
D10|BRUNCH_SPOT+BRUNCH_SPOT+YARN_STORE|BASE,10,BRUNCH_SPOT,BRUNCH_SPOT,YARN_STORE,BASE,11,1378,False,True,False,9,88,2,3,6,32,0,0,12
D10|BRUNCH_SPOT+BRUNCH_SPOT+YARN_STORE|HIGH,10,BRUNCH_SPOT,BRUNCH_SPOT,YARN_STORE,HIGH,12,1878,False,True,False,9,88,2,4,6,32,0,0,12
D10|BRUNCH_SPOT+BRUNCH_SPOT+ICE_CREAM_SHOP|LOW,10,BRUNCH_SPOT,BRUNCH_SPOT,ICE_CREAM_SHOP,LOW,11,1148,False,True,False,6,88,3,1,6,36,0,0,12
D10|BRUNCH_SPOT+BRUNCH_SPOT+ICE_CREAM_SHOP|BASE,10,BRUNCH_SPOT,BRUNCH_SPOT,ICE_CREAM_SHOP,BASE,11,1538,False,True,False,5,88,4,1,6,36,0,0,12
D10|BRUNCH_SPOT+BRUNCH_SPOT+ICE_CREAM_SHOP|HIGH,10,BRUNCH_SPOT,BRUNCH_SPOT,ICE_CREAM_SHOP,HIGH,12,1938,False,True,False,5,88,5,1,6,36,0,0,12
D10|BRUNCH_SPOT+BRUNCH_SPOT+PET_CAFE|LOW,10,BRUNCH_SPOT,BRUNCH_SPOT,PET_CAFE,LOW,11,498,False,True,False,1,88,2,1,6,32,10,0,12
D10|BRUNCH_SPOT+BRUNCH_SPOT+PET_CAFE|BASE,10,BRUNCH_SPOT,BRUNCH_SPOT,PET_CAFE,BASE,11,568,False,True,False,0,88,2,1,6,32,14,0,12
D10|BRUNCH_SPOT+BRUNCH_SPOT+PET_CAFE|HIGH,10,BRUNCH_SPOT,BRUNCH_SPOT,PET_CAFE,HIGH,12,648,False,True,False,0,88,2,1,6,32,18,0,12
D10|BRUNCH_SPOT+BRUNCH_SPOT+SMOOTHIE_SHOP|LOW,10,BRUNCH_SPOT,BRUNCH_SPOT,SMOOTHIE_SHOP,LOW,11,1148,False,True,False,6,88,3,1,6,36,0,0,12
D10|BRUNCH_SPOT+BRUNCH_SPOT+SMOOTHIE_SHOP|BASE,10,BRUNCH_SPOT,BRUNCH_SPOT,SMOOTHIE_SHOP,BASE,11,1538,False,True,False,5,88,4,1,6,36,0,0,12
D10|BRUNCH_SPOT+BRUNCH_SPOT+SMOOTHIE_SHOP|HIGH,10,BRUNCH_SPOT,BRUNCH_SPOT,SMOOTHIE_SHOP,HIGH,12,1938,False,True,False,5,88,5,1,6,36,0,0,12
D10|BRUNCH_SPOT+BRUNCH_SPOT+FARMERS_MARKET|LOW,10,BRUNCH_SPOT,BRUNCH_SPOT,FARMERS_MARKET,LOW,11,638,False,True,False,3,88,2,1,6,34,6,0,12
D10|BRUNCH_SPOT+BRUNCH_SPOT+FARMERS_MARKET|BASE,10,BRUNCH_SPOT,BRUNCH_SPOT,FARMERS_MARKET,BASE,11,818,False,True,False,1,88,2,1,6,36,6,0,12
D10|BRUNCH_SPOT+BRUNCH_SPOT+FARMERS_MARKET|HIGH,10,BRUNCH_SPOT,BRUNCH_SPOT,FARMERS_MARKET,HIGH,12,1018,False,True,False,1,88,2,1,6,38,6,0,12
D10|BRUNCH_SPOT+YARN_STORE+BAKERY|LOW,10,BRUNCH_SPOT,YARN_STORE,BAKERY,LOW,11,638,False,True,False,5,88,2,6,4,24,0,0,12
D10|BRUNCH_SPOT+YARN_STORE+BAKERY|BASE,10,BRUNCH_SPOT,YARN_STORE,BAKERY,BASE,11,638,False,True,False,5,88,2,6,4,24,0,0,12
D10|BRUNCH_SPOT+YARN_STORE+BAKERY|HIGH,10,BRUNCH_SPOT,YARN_STORE,BAKERY,HIGH,12,938,False,True,False,5,88,2,6,5,24,0,0,12
D10|BRUNCH_SPOT+YARN_STORE+PIZZA_SHOP|LOW,10,BRUNCH_SPOT,YARN_STORE,PIZZA_SHOP,LOW,11,1288,False,True,False,0,88,3,6,4,24,0,6,12
D10|BRUNCH_SPOT+YARN_STORE+PIZZA_SHOP|BASE,10,BRUNCH_SPOT,YARN_STORE,PIZZA_SHOP,BASE,11,1688,False,True,False,0,88,4,6,4,24,0,6,12
D10|BRUNCH_SPOT+YARN_STORE+PIZZA_SHOP|HIGH,10,BRUNCH_SPOT,YARN_STORE,PIZZA_SHOP,HIGH,12,2088,False,True,False,0,88,5,6,4,24,0,6,12
D10|BRUNCH_SPOT+YARN_STORE+BRUNCH_SPOT|LOW,10,BRUNCH_SPOT,YARN_STORE,BRUNCH_SPOT,LOW,11,1388,False,True,False,0,88,2,6,4,32,0,0,12
D10|BRUNCH_SPOT+YARN_STORE+BRUNCH_SPOT|BASE,10,BRUNCH_SPOT,YARN_STORE,BRUNCH_SPOT,BASE,11,1388,False,True,False,0,88,2,6,4,32,0,0,12
D10|BRUNCH_SPOT+YARN_STORE+BRUNCH_SPOT|HIGH,10,BRUNCH_SPOT,YARN_STORE,BRUNCH_SPOT,HIGH,12,1688,False,True,False,0,88,2,6,5,32,0,0,12
D10|BRUNCH_SPOT+YARN_STORE+YARN_STORE|LOW,10,BRUNCH_SPOT,YARN_STORE,YARN_STORE,LOW,11,1128,False,True,False,4,88,2,7,4,24,0,0,12
D10|BRUNCH_SPOT+YARN_STORE+YARN_STORE|BASE,10,BRUNCH_SPOT,YARN_STORE,YARN_STORE,BASE,11,1618,False,True,False,3,88,2,8,4,24,0,0,12
D10|BRUNCH_SPOT+YARN_STORE+YARN_STORE|HIGH,10,BRUNCH_SPOT,YARN_STORE,YARN_STORE,HIGH,12,1818,False,True,False,3,88,2,8,4,26,0,0,12
D10|BRUNCH_SPOT+YARN_STORE+ICE_CREAM_SHOP|LOW,10,BRUNCH_SPOT,YARN_STORE,ICE_CREAM_SHOP,LOW,11,1788,False,True,False,0,88,3,6,4,32,0,0,12
D10|BRUNCH_SPOT+YARN_STORE+ICE_CREAM_SHOP|BASE,10,BRUNCH_SPOT,YARN_STORE,ICE_CREAM_SHOP,BASE,11,2188,False,True,False,0,88,4,6,4,32,0,0,12
D10|BRUNCH_SPOT+YARN_STORE+ICE_CREAM_SHOP|HIGH,10,BRUNCH_SPOT,YARN_STORE,ICE_CREAM_SHOP,HIGH,12,2588,False,True,False,0,88,5,6,4,32,0,0,12
D10|BRUNCH_SPOT+YARN_STORE+PET_CAFE|LOW,10,BRUNCH_SPOT,YARN_STORE,PET_CAFE,LOW,11,788,False,True,False,0,88,2,6,4,24,10,0,12
D10|BRUNCH_SPOT+YARN_STORE+PET_CAFE|BASE,10,BRUNCH_SPOT,YARN_STORE,PET_CAFE,BASE,11,868,False,True,False,0,88,2,6,4,24,14,0,12
D10|BRUNCH_SPOT+YARN_STORE+PET_CAFE|HIGH,10,BRUNCH_SPOT,YARN_STORE,PET_CAFE,HIGH,12,948,False,True,False,0,88,2,6,4,24,18,0,12
D10|BRUNCH_SPOT+YARN_STORE+SMOOTHIE_SHOP|LOW,10,BRUNCH_SPOT,YARN_STORE,SMOOTHIE_SHOP,LOW,11,1788,False,True,False,0,88,3,6,4,32,0,0,12
D10|BRUNCH_SPOT+YARN_STORE+SMOOTHIE_SHOP|BASE,10,BRUNCH_SPOT,YARN_STORE,SMOOTHIE_SHOP,BASE,11,2188,False,True,False,0,88,4,6,4,32,0,0,12
D10|BRUNCH_SPOT+YARN_STORE+SMOOTHIE_SHOP|HIGH,10,BRUNCH_SPOT,YARN_STORE,SMOOTHIE_SHOP,HIGH,12,2588,False,True,False,0,88,5,6,4,32,0,0,12
D10|BRUNCH_SPOT+YARN_STORE+FARMERS_MARKET|LOW,10,BRUNCH_SPOT,YARN_STORE,FARMERS_MARKET,LOW,11,1308,False,True,False,0,88,2,6,4,30,6,0,12
D10|BRUNCH_SPOT+YARN_STORE+FARMERS_MARKET|BASE,10,BRUNCH_SPOT,YARN_STORE,FARMERS_MARKET,BASE,11,1508,False,True,False,0,88,2,6,4,32,6,0,12
D10|BRUNCH_SPOT+YARN_STORE+FARMERS_MARKET|HIGH,10,BRUNCH_SPOT,YARN_STORE,FARMERS_MARKET,HIGH,12,1708,False,True,False,0,88,2,6,4,34,6,0,12
D10|BRUNCH_SPOT+ICE_CREAM_SHOP+BAKERY|LOW,10,BRUNCH_SPOT,ICE_CREAM_SHOP,BAKERY,LOW,11,798,False,True,False,11,88,7,1,4,32,0,0,12
D10|BRUNCH_SPOT+ICE_CREAM_SHOP+BAKERY|BASE,10,BRUNCH_SPOT,ICE_CREAM_SHOP,BAKERY,BASE,11,798,False,True,False,11,88,7,1,4,32,0,0,12
D10|BRUNCH_SPOT+ICE_CREAM_SHOP+BAKERY|HIGH,10,BRUNCH_SPOT,ICE_CREAM_SHOP,BAKERY,HIGH,12,1098,False,True,False,11,88,7,1,5,32,0,0,12
D10|BRUNCH_SPOT+ICE_CREAM_SHOP+PIZZA_SHOP|LOW,10,BRUNCH_SPOT,ICE_CREAM_SHOP,PIZZA_SHOP,LOW,11,1438,False,True,False,5,88,8,1,4,32,0,6,12
D10|BRUNCH_SPOT+ICE_CREAM_SHOP+PIZZA_SHOP|BASE,10,BRUNCH_SPOT,ICE_CREAM_SHOP,PIZZA_SHOP,BASE,11,1828,False,True,False,4,88,9,1,4,32,0,6,12
D10|BRUNCH_SPOT+ICE_CREAM_SHOP+PIZZA_SHOP|HIGH,10,BRUNCH_SPOT,ICE_CREAM_SHOP,PIZZA_SHOP,HIGH,12,2028,False,True,False,4,88,9,1,4,34,0,6,12
D10|BRUNCH_SPOT+ICE_CREAM_SHOP+BRUNCH_SPOT|LOW,10,BRUNCH_SPOT,ICE_CREAM_SHOP,BRUNCH_SPOT,LOW,11,1168,False,True,False,8,88,7,1,4,36,0,0,12
D10|BRUNCH_SPOT+ICE_CREAM_SHOP+BRUNCH_SPOT|BASE,10,BRUNCH_SPOT,ICE_CREAM_SHOP,BRUNCH_SPOT,BASE,11,1168,False,True,False,8,88,7,1,4,36,0,0,12
D10|BRUNCH_SPOT+ICE_CREAM_SHOP+BRUNCH_SPOT|HIGH,10,BRUNCH_SPOT,ICE_CREAM_SHOP,BRUNCH_SPOT,HIGH,12,1468,False,True,False,8,88,7,1,5,36,0,0,12
D10|BRUNCH_SPOT+ICE_CREAM_SHOP+YARN_STORE|LOW,10,BRUNCH_SPOT,ICE_CREAM_SHOP,YARN_STORE,LOW,11,1298,False,True,False,11,88,7,2,4,32,0,0,12
D10|BRUNCH_SPOT+ICE_CREAM_SHOP+YARN_STORE|BASE,10,BRUNCH_SPOT,ICE_CREAM_SHOP,YARN_STORE,BASE,11,1788,False,True,False,10,88,7,3,4,32,0,0,12
D10|BRUNCH_SPOT+ICE_CREAM_SHOP+YARN_STORE|HIGH,10,BRUNCH_SPOT,ICE_CREAM_SHOP,YARN_STORE,HIGH,12,2288,False,True,False,10,88,7,4,4,32,0,0,12
D10|BRUNCH_SPOT+ICE_CREAM_SHOP+ICE_CREAM_SHOP|LOW,10,BRUNCH_SPOT,ICE_CREAM_SHOP,ICE_CREAM_SHOP,LOW,11,1558,False,True,False,7,88,8,1,4,36,0,0,12
D10|BRUNCH_SPOT+ICE_CREAM_SHOP+ICE_CREAM_SHOP|BASE,10,BRUNCH_SPOT,ICE_CREAM_SHOP,ICE_CREAM_SHOP,BASE,11,1948,False,True,False,6,88,9,1,4,36,0,0,12
D10|BRUNCH_SPOT+ICE_CREAM_SHOP+ICE_CREAM_SHOP|HIGH,10,BRUNCH_SPOT,ICE_CREAM_SHOP,ICE_CREAM_SHOP,HIGH,12,2148,False,True,False,6,88,9,1,4,38,0,0,12
D10|BRUNCH_SPOT+ICE_CREAM_SHOP+PET_CAFE|LOW,10,BRUNCH_SPOT,ICE_CREAM_SHOP,PET_CAFE,LOW,11,908,False,True,False,2,88,7,1,4,32,10,0,12
D10|BRUNCH_SPOT+ICE_CREAM_SHOP+PET_CAFE|BASE,10,BRUNCH_SPOT,ICE_CREAM_SHOP,PET_CAFE,BASE,11,968,False,True,False,0,88,7,1,4,32,14,0,12
D10|BRUNCH_SPOT+ICE_CREAM_SHOP+PET_CAFE|HIGH,10,BRUNCH_SPOT,ICE_CREAM_SHOP,PET_CAFE,HIGH,12,1048,False,True,False,0,88,7,1,4,32,18,0,12
D10|BRUNCH_SPOT+ICE_CREAM_SHOP+SMOOTHIE_SHOP|LOW,10,BRUNCH_SPOT,ICE_CREAM_SHOP,SMOOTHIE_SHOP,LOW,11,1558,False,True,False,7,88,8,1,4,36,0,0,12
D10|BRUNCH_SPOT+ICE_CREAM_SHOP+SMOOTHIE_SHOP|BASE,10,BRUNCH_SPOT,ICE_CREAM_SHOP,SMOOTHIE_SHOP,BASE,11,1948,False,True,False,6,88,9,1,4,36,0,0,12
D10|BRUNCH_SPOT+ICE_CREAM_SHOP+SMOOTHIE_SHOP|HIGH,10,BRUNCH_SPOT,ICE_CREAM_SHOP,SMOOTHIE_SHOP,HIGH,12,2148,False,True,False,6,88,9,1,4,38,0,0,12
D10|BRUNCH_SPOT+ICE_CREAM_SHOP+FARMERS_MARKET|LOW,10,BRUNCH_SPOT,ICE_CREAM_SHOP,FARMERS_MARKET,LOW,11,1048,False,True,False,4,88,7,1,4,34,6,0,12
D10|BRUNCH_SPOT+ICE_CREAM_SHOP+FARMERS_MARKET|BASE,10,BRUNCH_SPOT,ICE_CREAM_SHOP,FARMERS_MARKET,BASE,11,1228,False,True,False,2,88,7,1,4,36,6,0,12
D10|BRUNCH_SPOT+ICE_CREAM_SHOP+FARMERS_MARKET|HIGH,10,BRUNCH_SPOT,ICE_CREAM_SHOP,FARMERS_MARKET,HIGH,12,1428,False,True,False,2,88,7,1,4,38,6,0,12
D10|BRUNCH_SPOT+PET_CAFE+BAKERY|LOW,10,BRUNCH_SPOT,PET_CAFE,BAKERY,LOW,11,508,False,True,False,12,88,2,1,5,24,14,0,12
D10|BRUNCH_SPOT+PET_CAFE+BAKERY|BASE,10,BRUNCH_SPOT,PET_CAFE,BAKERY,BASE,11,808,False,True,False,12,88,2,1,6,24,14,0,12
D10|BRUNCH_SPOT+PET_CAFE+BAKERY|HIGH,10,BRUNCH_SPOT,PET_CAFE,BAKERY,HIGH,12,1108,False,True,False,12,88,2,1,7,24,14,0,12
D10|BRUNCH_SPOT+PET_CAFE+PIZZA_SHOP|LOW,10,BRUNCH_SPOT,PET_CAFE,PIZZA_SHOP,LOW,11,888,False,True,False,10,88,3,1,4,24,14,6,12
D10|BRUNCH_SPOT+PET_CAFE+PIZZA_SHOP|BASE,10,BRUNCH_SPOT,PET_CAFE,PIZZA_SHOP,BASE,11,1278,False,True,False,9,88,4,1,4,24,14,6,12
D10|BRUNCH_SPOT+PET_CAFE+PIZZA_SHOP|HIGH,10,BRUNCH_SPOT,PET_CAFE,PIZZA_SHOP,HIGH,12,1678,False,True,False,9,88,5,1,4,24,14,6,12
D10|BRUNCH_SPOT+PET_CAFE+BRUNCH_SPOT|LOW,10,BRUNCH_SPOT,PET_CAFE,BRUNCH_SPOT,LOW,11,1268,False,True,False,8,88,2,1,5,32,14,0,12
D10|BRUNCH_SPOT+PET_CAFE+BRUNCH_SPOT|BASE,10,BRUNCH_SPOT,PET_CAFE,BRUNCH_SPOT,BASE,11,1558,False,True,False,7,88,2,1,6,32,14,0,12
D10|BRUNCH_SPOT+PET_CAFE+BRUNCH_SPOT|HIGH,10,BRUNCH_SPOT,PET_CAFE,BRUNCH_SPOT,HIGH,12,1858,False,True,False,7,88,2,1,7,32,14,0,12
D10|BRUNCH_SPOT+PET_CAFE+YARN_STORE|LOW,10,BRUNCH_SPOT,PET_CAFE,YARN_STORE,LOW,11,708,False,True,False,12,88,2,2,4,24,14,0,12
D10|BRUNCH_SPOT+PET_CAFE+YARN_STORE|BASE,10,BRUNCH_SPOT,PET_CAFE,YARN_STORE,BASE,11,1208,False,True,False,12,88,2,3,4,24,14,0,12
D10|BRUNCH_SPOT+PET_CAFE+YARN_STORE|HIGH,10,BRUNCH_SPOT,PET_CAFE,YARN_STORE,HIGH,12,1708,False,True,False,12,88,2,4,4,24,14,0,12
D10|BRUNCH_SPOT+PET_CAFE+ICE_CREAM_SHOP|LOW,10,BRUNCH_SPOT,PET_CAFE,ICE_CREAM_SHOP,LOW,11,1368,False,True,False,8,88,3,1,4,32,14,0,12
D10|BRUNCH_SPOT+PET_CAFE+ICE_CREAM_SHOP|BASE,10,BRUNCH_SPOT,PET_CAFE,ICE_CREAM_SHOP,BASE,11,1758,False,True,False,7,88,4,1,4,32,14,0,12
D10|BRUNCH_SPOT+PET_CAFE+ICE_CREAM_SHOP|HIGH,10,BRUNCH_SPOT,PET_CAFE,ICE_CREAM_SHOP,HIGH,12,2158,False,True,False,7,88,5,1,4,32,14,0,12
D10|BRUNCH_SPOT+PET_CAFE+PET_CAFE|LOW,10,BRUNCH_SPOT,PET_CAFE,PET_CAFE,LOW,11,318,False,True,False,11,88,2,1,4,24,20,0,12
D10|BRUNCH_SPOT+PET_CAFE+PET_CAFE|BASE,10,BRUNCH_SPOT,PET_CAFE,PET_CAFE,BASE,11,358,False,True,False,7,88,2,1,4,24,24,0,12
D10|BRUNCH_SPOT+PET_CAFE+PET_CAFE|HIGH,10,BRUNCH_SPOT,PET_CAFE,PET_CAFE,HIGH,12,438,False,True,False,7,88,2,1,4,24,28,0,12
D10|BRUNCH_SPOT+PET_CAFE+SMOOTHIE_SHOP|LOW,10,BRUNCH_SPOT,PET_CAFE,SMOOTHIE_SHOP,LOW,11,1368,False,True,False,8,88,3,1,4,32,14,0,12
D10|BRUNCH_SPOT+PET_CAFE+SMOOTHIE_SHOP|BASE,10,BRUNCH_SPOT,PET_CAFE,SMOOTHIE_SHOP,BASE,11,1758,False,True,False,7,88,4,1,4,32,14,0,12
D10|BRUNCH_SPOT+PET_CAFE+SMOOTHIE_SHOP|HIGH,10,BRUNCH_SPOT,PET_CAFE,SMOOTHIE_SHOP,HIGH,12,2158,False,True,False,7,88,5,1,4,32,14,0,12
D10|BRUNCH_SPOT+PET_CAFE+FARMERS_MARKET|LOW,10,BRUNCH_SPOT,PET_CAFE,FARMERS_MARKET,LOW,11,838,False,True,False,7,88,2,1,4,30,18,0,12
D10|BRUNCH_SPOT+PET_CAFE+FARMERS_MARKET|BASE,10,BRUNCH_SPOT,PET_CAFE,FARMERS_MARKET,BASE,11,1018,False,True,False,5,88,2,1,4,32,18,0,12
D10|BRUNCH_SPOT+PET_CAFE+FARMERS_MARKET|HIGH,10,BRUNCH_SPOT,PET_CAFE,FARMERS_MARKET,HIGH,12,1218,False,True,False,5,88,2,1,4,34,18,0,12
D10|BRUNCH_SPOT+SMOOTHIE_SHOP+BAKERY|LOW,10,BRUNCH_SPOT,SMOOTHIE_SHOP,BAKERY,LOW,11,798,False,True,False,11,88,7,1,4,32,0,0,12
D10|BRUNCH_SPOT+SMOOTHIE_SHOP+BAKERY|BASE,10,BRUNCH_SPOT,SMOOTHIE_SHOP,BAKERY,BASE,11,798,False,True,False,11,88,7,1,4,32,0,0,12
D10|BRUNCH_SPOT+SMOOTHIE_SHOP+BAKERY|HIGH,10,BRUNCH_SPOT,SMOOTHIE_SHOP,BAKERY,HIGH,12,1098,False,True,False,11,88,7,1,5,32,0,0,12
D10|BRUNCH_SPOT+SMOOTHIE_SHOP+PIZZA_SHOP|LOW,10,BRUNCH_SPOT,SMOOTHIE_SHOP,PIZZA_SHOP,LOW,11,1438,False,True,False,5,88,8,1,4,32,0,6,12
D10|BRUNCH_SPOT+SMOOTHIE_SHOP+PIZZA_SHOP|BASE,10,BRUNCH_SPOT,SMOOTHIE_SHOP,PIZZA_SHOP,BASE,11,1828,False,True,False,4,88,9,1,4,32,0,6,12
D10|BRUNCH_SPOT+SMOOTHIE_SHOP+PIZZA_SHOP|HIGH,10,BRUNCH_SPOT,SMOOTHIE_SHOP,PIZZA_SHOP,HIGH,12,2028,False,True,False,4,88,9,1,4,34,0,6,12
D10|BRUNCH_SPOT+SMOOTHIE_SHOP+BRUNCH_SPOT|LOW,10,BRUNCH_SPOT,SMOOTHIE_SHOP,BRUNCH_SPOT,LOW,11,1168,False,True,False,8,88,7,1,4,36,0,0,12
D10|BRUNCH_SPOT+SMOOTHIE_SHOP+BRUNCH_SPOT|BASE,10,BRUNCH_SPOT,SMOOTHIE_SHOP,BRUNCH_SPOT,BASE,11,1168,False,True,False,8,88,7,1,4,36,0,0,12
D10|BRUNCH_SPOT+SMOOTHIE_SHOP+BRUNCH_SPOT|HIGH,10,BRUNCH_SPOT,SMOOTHIE_SHOP,BRUNCH_SPOT,HIGH,12,1468,False,True,False,8,88,7,1,5,36,0,0,12
D10|BRUNCH_SPOT+SMOOTHIE_SHOP+YARN_STORE|LOW,10,BRUNCH_SPOT,SMOOTHIE_SHOP,YARN_STORE,LOW,11,1298,False,True,False,11,88,7,2,4,32,0,0,12
D10|BRUNCH_SPOT+SMOOTHIE_SHOP+YARN_STORE|BASE,10,BRUNCH_SPOT,SMOOTHIE_SHOP,YARN_STORE,BASE,11,1788,False,True,False,10,88,7,3,4,32,0,0,12
D10|BRUNCH_SPOT+SMOOTHIE_SHOP+YARN_STORE|HIGH,10,BRUNCH_SPOT,SMOOTHIE_SHOP,YARN_STORE,HIGH,12,2288,False,True,False,10,88,7,4,4,32,0,0,12
D10|BRUNCH_SPOT+SMOOTHIE_SHOP+ICE_CREAM_SHOP|LOW,10,BRUNCH_SPOT,SMOOTHIE_SHOP,ICE_CREAM_SHOP,LOW,11,1558,False,True,False,7,88,8,1,4,36,0,0,12
D10|BRUNCH_SPOT+SMOOTHIE_SHOP+ICE_CREAM_SHOP|BASE,10,BRUNCH_SPOT,SMOOTHIE_SHOP,ICE_CREAM_SHOP,BASE,11,1948,False,True,False,6,88,9,1,4,36,0,0,12
D10|BRUNCH_SPOT+SMOOTHIE_SHOP+ICE_CREAM_SHOP|HIGH,10,BRUNCH_SPOT,SMOOTHIE_SHOP,ICE_CREAM_SHOP,HIGH,12,2148,False,True,False,6,88,9,1,4,38,0,0,12
D10|BRUNCH_SPOT+SMOOTHIE_SHOP+PET_CAFE|LOW,10,BRUNCH_SPOT,SMOOTHIE_SHOP,PET_CAFE,LOW,11,908,False,True,False,2,88,7,1,4,32,10,0,12
D10|BRUNCH_SPOT+SMOOTHIE_SHOP+PET_CAFE|BASE,10,BRUNCH_SPOT,SMOOTHIE_SHOP,PET_CAFE,BASE,11,968,False,True,False,0,88,7,1,4,32,14,0,12
D10|BRUNCH_SPOT+SMOOTHIE_SHOP+PET_CAFE|HIGH,10,BRUNCH_SPOT,SMOOTHIE_SHOP,PET_CAFE,HIGH,12,1048,False,True,False,0,88,7,1,4,32,18,0,12
D10|BRUNCH_SPOT+SMOOTHIE_SHOP+SMOOTHIE_SHOP|LOW,10,BRUNCH_SPOT,SMOOTHIE_SHOP,SMOOTHIE_SHOP,LOW,11,1558,False,True,False,7,88,8,1,4,36,0,0,12
D10|BRUNCH_SPOT+SMOOTHIE_SHOP+SMOOTHIE_SHOP|BASE,10,BRUNCH_SPOT,SMOOTHIE_SHOP,SMOOTHIE_SHOP,BASE,11,1948,False,True,False,6,88,9,1,4,36,0,0,12
D10|BRUNCH_SPOT+SMOOTHIE_SHOP+SMOOTHIE_SHOP|HIGH,10,BRUNCH_SPOT,SMOOTHIE_SHOP,SMOOTHIE_SHOP,HIGH,12,2148,False,True,False,6,88,9,1,4,38,0,0,12
D10|BRUNCH_SPOT+SMOOTHIE_SHOP+FARMERS_MARKET|LOW,10,BRUNCH_SPOT,SMOOTHIE_SHOP,FARMERS_MARKET,LOW,11,1048,False,True,False,4,88,7,1,4,34,6,0,12
D10|BRUNCH_SPOT+SMOOTHIE_SHOP+FARMERS_MARKET|BASE,10,BRUNCH_SPOT,SMOOTHIE_SHOP,FARMERS_MARKET,BASE,11,1228,False,True,False,2,88,7,1,4,36,6,0,12
D10|BRUNCH_SPOT+SMOOTHIE_SHOP+FARMERS_MARKET|HIGH,10,BRUNCH_SPOT,SMOOTHIE_SHOP,FARMERS_MARKET,HIGH,12,1428,False,True,False,2,88,7,1,4,38,6,0,12
D10|BRUNCH_SPOT+FARMERS_MARKET+BAKERY|LOW,10,BRUNCH_SPOT,FARMERS_MARKET,BAKERY,LOW,11,708,False,True,False,12,88,2,1,5,32,6,0,12
D10|BRUNCH_SPOT+FARMERS_MARKET+BAKERY|BASE,10,BRUNCH_SPOT,FARMERS_MARKET,BAKERY,BASE,11,998,False,True,False,11,88,2,1,6,32,6,0,12
D10|BRUNCH_SPOT+FARMERS_MARKET+BAKERY|HIGH,10,BRUNCH_SPOT,FARMERS_MARKET,BAKERY,HIGH,12,1298,False,True,False,11,88,2,1,7,32,6,0,12
D10|BRUNCH_SPOT+FARMERS_MARKET+PIZZA_SHOP|LOW,10,BRUNCH_SPOT,FARMERS_MARKET,PIZZA_SHOP,LOW,11,1048,False,True,False,6,88,3,1,4,32,6,6,12
D10|BRUNCH_SPOT+FARMERS_MARKET+PIZZA_SHOP|BASE,10,BRUNCH_SPOT,FARMERS_MARKET,PIZZA_SHOP,BASE,11,1438,False,True,False,5,88,4,1,4,32,6,6,12
D10|BRUNCH_SPOT+FARMERS_MARKET+PIZZA_SHOP|HIGH,10,BRUNCH_SPOT,FARMERS_MARKET,PIZZA_SHOP,HIGH,12,1838,False,True,False,5,88,5,1,4,32,6,6,12
D10|BRUNCH_SPOT+FARMERS_MARKET+BRUNCH_SPOT|LOW,10,BRUNCH_SPOT,FARMERS_MARKET,BRUNCH_SPOT,LOW,11,1068,False,True,False,8,88,2,1,5,36,6,0,12
D10|BRUNCH_SPOT+FARMERS_MARKET+BRUNCH_SPOT|BASE,10,BRUNCH_SPOT,FARMERS_MARKET,BRUNCH_SPOT,BASE,11,1358,False,True,False,7,88,2,1,6,36,6,0,12
D10|BRUNCH_SPOT+FARMERS_MARKET+BRUNCH_SPOT|HIGH,10,BRUNCH_SPOT,FARMERS_MARKET,BRUNCH_SPOT,HIGH,12,1658,False,True,False,7,88,2,1,7,36,6,0,12
D10|BRUNCH_SPOT+FARMERS_MARKET+YARN_STORE|LOW,10,BRUNCH_SPOT,FARMERS_MARKET,YARN_STORE,LOW,11,908,False,True,False,12,88,2,2,4,32,6,0,12
D10|BRUNCH_SPOT+FARMERS_MARKET+YARN_STORE|BASE,10,BRUNCH_SPOT,FARMERS_MARKET,YARN_STORE,BASE,11,1398,False,True,False,11,88,2,3,4,32,6,0,12
D10|BRUNCH_SPOT+FARMERS_MARKET+YARN_STORE|HIGH,10,BRUNCH_SPOT,FARMERS_MARKET,YARN_STORE,HIGH,12,1898,False,True,False,11,88,2,4,4,32,6,0,12
D10|BRUNCH_SPOT+FARMERS_MARKET+ICE_CREAM_SHOP|LOW,10,BRUNCH_SPOT,FARMERS_MARKET,ICE_CREAM_SHOP,LOW,11,1168,False,True,False,8,88,3,1,4,36,6,0,12
D10|BRUNCH_SPOT+FARMERS_MARKET+ICE_CREAM_SHOP|BASE,10,BRUNCH_SPOT,FARMERS_MARKET,ICE_CREAM_SHOP,BASE,11,1558,False,True,False,7,88,4,1,4,36,6,0,12
D10|BRUNCH_SPOT+FARMERS_MARKET+ICE_CREAM_SHOP|HIGH,10,BRUNCH_SPOT,FARMERS_MARKET,ICE_CREAM_SHOP,HIGH,12,1958,False,True,False,7,88,5,1,4,36,6,0,12
D10|BRUNCH_SPOT+FARMERS_MARKET+PET_CAFE|LOW,10,BRUNCH_SPOT,FARMERS_MARKET,PET_CAFE,LOW,11,498,False,True,False,5,88,2,1,4,32,14,0,12
D10|BRUNCH_SPOT+FARMERS_MARKET+PET_CAFE|BASE,10,BRUNCH_SPOT,FARMERS_MARKET,PET_CAFE,BASE,11,538,False,True,False,1,88,2,1,4,32,18,0,12
D10|BRUNCH_SPOT+FARMERS_MARKET+PET_CAFE|HIGH,10,BRUNCH_SPOT,FARMERS_MARKET,PET_CAFE,HIGH,12,618,False,True,False,1,88,2,1,4,32,22,0,12
D10|BRUNCH_SPOT+FARMERS_MARKET+SMOOTHIE_SHOP|LOW,10,BRUNCH_SPOT,FARMERS_MARKET,SMOOTHIE_SHOP,LOW,11,1168,False,True,False,8,88,3,1,4,36,6,0,12
D10|BRUNCH_SPOT+FARMERS_MARKET+SMOOTHIE_SHOP|BASE,10,BRUNCH_SPOT,FARMERS_MARKET,SMOOTHIE_SHOP,BASE,11,1558,False,True,False,7,88,4,1,4,36,6,0,12
D10|BRUNCH_SPOT+FARMERS_MARKET+SMOOTHIE_SHOP|HIGH,10,BRUNCH_SPOT,FARMERS_MARKET,SMOOTHIE_SHOP,HIGH,12,1958,False,True,False,7,88,5,1,4,36,6,0,12
D10|BRUNCH_SPOT+FARMERS_MARKET+FARMERS_MARKET|LOW,10,BRUNCH_SPOT,FARMERS_MARKET,FARMERS_MARKET,LOW,11,598,False,True,False,11,88,2,1,4,34,6,0,12
D10|BRUNCH_SPOT+FARMERS_MARKET+FARMERS_MARKET|BASE,10,BRUNCH_SPOT,FARMERS_MARKET,FARMERS_MARKET,BASE,11,778,False,True,False,9,88,2,1,4,36,6,0,12
D10|BRUNCH_SPOT+FARMERS_MARKET+FARMERS_MARKET|HIGH,10,BRUNCH_SPOT,FARMERS_MARKET,FARMERS_MARKET,HIGH,12,978,False,True,False,9,88,2,1,4,38,6,0,12
D10|YARN_STORE+BAKERY+BAKERY|LOW,10,YARN_STORE,BAKERY,BAKERY,LOW,11,208,False,False,False,12,88,2,8,1,0,0,0,12
D10|YARN_STORE+BAKERY+BAKERY|BASE,10,YARN_STORE,BAKERY,BAKERY,BASE,11,208,False,False,False,12,88,2,8,1,0,0,0,12
D10|YARN_STORE+BAKERY+BAKERY|HIGH,10,YARN_STORE,BAKERY,BAKERY,HIGH,12,2748,True,True,False,36,88,2,8,2,0,0,0,12
D10|YARN_STORE+BAKERY+PIZZA_SHOP|LOW,10,YARN_STORE,BAKERY,PIZZA_SHOP,LOW,11,838,False,False,False,5,88,3,8,1,0,0,6,12
D10|YARN_STORE+BAKERY+PIZZA_SHOP|BASE,10,YARN_STORE,BAKERY,PIZZA_SHOP,BASE,11,1228,False,False,False,4,88,4,8,1,0,0,6,12
D10|YARN_STORE+BAKERY+PIZZA_SHOP|HIGH,10,YARN_STORE,BAKERY,PIZZA_SHOP,HIGH,12,1628,False,False,False,4,88,5,8,1,0,0,6,12
D10|YARN_STORE+BAKERY+BRUNCH_SPOT|LOW,10,YARN_STORE,BAKERY,BRUNCH_SPOT,LOW,11,1288,False,False,False,0,88,2,8,1,12,0,0,12
D10|YARN_STORE+BAKERY+BRUNCH_SPOT|BASE,10,YARN_STORE,BAKERY,BRUNCH_SPOT,BASE,11,1288,False,False,False,0,88,2,8,1,12,0,0,12
D10|YARN_STORE+BAKERY+BRUNCH_SPOT|HIGH,10,YARN_STORE,BAKERY,BRUNCH_SPOT,HIGH,12,3828,True,True,False,24,88,2,8,2,12,0,0,12
D10|YARN_STORE+BAKERY+YARN_STORE|LOW,10,YARN_STORE,BAKERY,YARN_STORE,LOW,11,2168,False,False,False,8,88,2,12,1,0,0,0,12
D10|YARN_STORE+BAKERY+YARN_STORE|BASE,10,YARN_STORE,BAKERY,YARN_STORE,BASE,11,2658,False,False,False,7,88,2,13,1,0,0,0,12
D10|YARN_STORE+BAKERY+YARN_STORE|HIGH,10,YARN_STORE,BAKERY,YARN_STORE,HIGH,11,2658,False,False,True,7,88,2,13,1,0,0,0,12
D10|YARN_STORE+BAKERY+ICE_CREAM_SHOP|LOW,10,YARN_STORE,BAKERY,ICE_CREAM_SHOP,LOW,11,1688,False,False,False,0,88,3,8,1,12,0,0,12
D10|YARN_STORE+BAKERY+ICE_CREAM_SHOP|BASE,10,YARN_STORE,BAKERY,ICE_CREAM_SHOP,BASE,11,2088,False,False,False,0,88,4,8,1,12,0,0,12
D10|YARN_STORE+BAKERY+ICE_CREAM_SHOP|HIGH,10,YARN_STORE,BAKERY,ICE_CREAM_SHOP,HIGH,12,2488,False,False,False,0,88,5,8,1,12,0,0,12
D10|YARN_STORE+BAKERY+PET_CAFE|LOW,10,YARN_STORE,BAKERY,PET_CAFE,LOW,11,308,False,False,False,2,88,2,8,1,0,10,0,12
D10|YARN_STORE+BAKERY+PET_CAFE|BASE,10,YARN_STORE,BAKERY,PET_CAFE,BASE,11,368,False,False,False,0,88,2,8,1,0,14,0,12
D10|YARN_STORE+BAKERY+PET_CAFE|HIGH,10,YARN_STORE,BAKERY,PET_CAFE,HIGH,12,448,False,False,False,0,88,2,8,1,0,18,0,12
D10|YARN_STORE+BAKERY+SMOOTHIE_SHOP|LOW,10,YARN_STORE,BAKERY,SMOOTHIE_SHOP,LOW,11,1688,False,False,False,0,88,3,8,1,12,0,0,12
D10|YARN_STORE+BAKERY+SMOOTHIE_SHOP|BASE,10,YARN_STORE,BAKERY,SMOOTHIE_SHOP,BASE,11,2088,False,False,False,0,88,4,8,1,12,0,0,12
D10|YARN_STORE+BAKERY+SMOOTHIE_SHOP|HIGH,10,YARN_STORE,BAKERY,SMOOTHIE_SHOP,HIGH,12,2488,False,False,False,0,88,5,8,1,12,0,0,12
D10|YARN_STORE+BAKERY+FARMERS_MARKET|LOW,10,YARN_STORE,BAKERY,FARMERS_MARKET,LOW,11,1208,False,False,False,0,88,2,8,1,10,6,0,12
D10|YARN_STORE+BAKERY+FARMERS_MARKET|BASE,10,YARN_STORE,BAKERY,FARMERS_MARKET,BASE,11,1408,False,False,False,0,88,2,8,1,12,6,0,12
D10|YARN_STORE+BAKERY+FARMERS_MARKET|HIGH,10,YARN_STORE,BAKERY,FARMERS_MARKET,HIGH,12,3838,True,True,False,23,88,2,8,1,14,6,0,12
D10|YARN_STORE+PIZZA_SHOP+BAKERY|LOW,10,YARN_STORE,PIZZA_SHOP,BAKERY,LOW,11,578,False,False,False,9,88,7,8,1,0,0,8,12
D10|YARN_STORE+PIZZA_SHOP+BAKERY|BASE,10,YARN_STORE,PIZZA_SHOP,BAKERY,BASE,11,578,False,False,False,9,88,7,8,1,0,0,8,12
D10|YARN_STORE+PIZZA_SHOP+BAKERY|HIGH,10,YARN_STORE,PIZZA_SHOP,BAKERY,HIGH,12,3118,True,True,False,33,88,7,8,2,0,0,8,12
D10|YARN_STORE+PIZZA_SHOP+PIZZA_SHOP|LOW,10,YARN_STORE,PIZZA_SHOP,PIZZA_SHOP,LOW,11,1128,False,False,False,4,88,8,8,1,0,0,12,12
D10|YARN_STORE+PIZZA_SHOP+PIZZA_SHOP|BASE,10,YARN_STORE,PIZZA_SHOP,PIZZA_SHOP,BASE,11,1518,False,False,False,3,88,9,8,1,0,0,12,12
D10|YARN_STORE+PIZZA_SHOP+PIZZA_SHOP|HIGH,10,YARN_STORE,PIZZA_SHOP,PIZZA_SHOP,HIGH,12,1618,False,False,False,3,88,9,8,1,0,0,14,12
D10|YARN_STORE+PIZZA_SHOP+BRUNCH_SPOT|LOW,10,YARN_STORE,PIZZA_SHOP,BRUNCH_SPOT,LOW,11,3908,True,True,False,22,88,7,8,1,12,0,8,12
D10|YARN_STORE+PIZZA_SHOP+BRUNCH_SPOT|BASE,10,YARN_STORE,PIZZA_SHOP,BRUNCH_SPOT,BASE,11,3908,True,True,False,22,88,7,8,1,12,0,8,12
D10|YARN_STORE+PIZZA_SHOP+BRUNCH_SPOT|HIGH,10,YARN_STORE,PIZZA_SHOP,BRUNCH_SPOT,HIGH,12,4208,True,True,False,22,88,7,8,2,12,0,8,12
D10|YARN_STORE+PIZZA_SHOP+YARN_STORE|LOW,10,YARN_STORE,PIZZA_SHOP,YARN_STORE,LOW,11,2538,False,False,False,5,88,7,12,1,0,0,8,12
D10|YARN_STORE+PIZZA_SHOP+YARN_STORE|BASE,10,YARN_STORE,PIZZA_SHOP,YARN_STORE,BASE,11,3028,False,False,False,4,88,7,13,1,0,0,8,12
D10|YARN_STORE+PIZZA_SHOP+YARN_STORE|HIGH,10,YARN_STORE,PIZZA_SHOP,YARN_STORE,HIGH,12,3128,False,False,False,4,88,7,13,1,0,0,10,12
D10|YARN_STORE+PIZZA_SHOP+ICE_CREAM_SHOP|LOW,10,YARN_STORE,PIZZA_SHOP,ICE_CREAM_SHOP,LOW,11,4298,True,True,False,21,88,8,8,1,12,0,8,12
D10|YARN_STORE+PIZZA_SHOP+ICE_CREAM_SHOP|BASE,10,YARN_STORE,PIZZA_SHOP,ICE_CREAM_SHOP,BASE,11,4688,True,True,False,20,88,9,8,1,12,0,8,12
D10|YARN_STORE+PIZZA_SHOP+ICE_CREAM_SHOP|HIGH,10,YARN_STORE,PIZZA_SHOP,ICE_CREAM_SHOP,HIGH,12,4888,True,True,False,20,88,9,8,1,14,0,8,12
D10|YARN_STORE+PIZZA_SHOP+PET_CAFE|LOW,10,YARN_STORE,PIZZA_SHOP,PET_CAFE,LOW,11,2938,True,True,False,25,88,7,8,1,0,10,8,12
D10|YARN_STORE+PIZZA_SHOP+PET_CAFE|BASE,10,YARN_STORE,PIZZA_SHOP,PET_CAFE,BASE,11,2988,True,True,False,22,88,7,8,1,0,14,8,12
D10|YARN_STORE+PIZZA_SHOP+PET_CAFE|HIGH,10,YARN_STORE,PIZZA_SHOP,PET_CAFE,HIGH,12,3068,True,True,False,22,88,7,8,1,0,18,8,12
D10|YARN_STORE+PIZZA_SHOP+SMOOTHIE_SHOP|LOW,10,YARN_STORE,PIZZA_SHOP,SMOOTHIE_SHOP,LOW,11,4298,True,True,False,21,88,8,8,1,12,0,8,12
D10|YARN_STORE+PIZZA_SHOP+SMOOTHIE_SHOP|BASE,10,YARN_STORE,PIZZA_SHOP,SMOOTHIE_SHOP,BASE,11,4688,True,True,False,20,88,9,8,1,12,0,8,12
D10|YARN_STORE+PIZZA_SHOP+SMOOTHIE_SHOP|HIGH,10,YARN_STORE,PIZZA_SHOP,SMOOTHIE_SHOP,HIGH,12,4888,True,True,False,20,88,9,8,1,14,0,8,12
D10|YARN_STORE+PIZZA_SHOP+FARMERS_MARKET|LOW,10,YARN_STORE,PIZZA_SHOP,FARMERS_MARKET,LOW,11,3808,True,True,False,20,88,7,8,1,10,6,8,12
D10|YARN_STORE+PIZZA_SHOP+FARMERS_MARKET|BASE,10,YARN_STORE,PIZZA_SHOP,FARMERS_MARKET,BASE,11,3988,True,True,False,18,88,7,8,1,12,6,8,12
D10|YARN_STORE+PIZZA_SHOP+FARMERS_MARKET|HIGH,10,YARN_STORE,PIZZA_SHOP,FARMERS_MARKET,HIGH,12,4188,True,True,False,18,88,7,8,1,14,6,8,12
D10|YARN_STORE+BRUNCH_SPOT+BAKERY|LOW,10,YARN_STORE,BRUNCH_SPOT,BAKERY,LOW,11,328,False,True,False,4,88,2,8,1,24,0,0,12
D10|YARN_STORE+BRUNCH_SPOT+BAKERY|BASE,10,YARN_STORE,BRUNCH_SPOT,BAKERY,BASE,11,328,False,True,False,4,88,2,8,1,24,0,0,12
D10|YARN_STORE+BRUNCH_SPOT+BAKERY|HIGH,10,YARN_STORE,BRUNCH_SPOT,BAKERY,HIGH,12,628,False,True,False,4,88,2,8,2,24,0,0,12
D10|YARN_STORE+BRUNCH_SPOT+PIZZA_SHOP|LOW,10,YARN_STORE,BRUNCH_SPOT,PIZZA_SHOP,LOW,11,988,False,True,False,0,88,3,8,1,24,0,6,12
D10|YARN_STORE+BRUNCH_SPOT+PIZZA_SHOP|BASE,10,YARN_STORE,BRUNCH_SPOT,PIZZA_SHOP,BASE,11,1388,False,True,False,0,88,4,8,1,24,0,6,12
D10|YARN_STORE+BRUNCH_SPOT+PIZZA_SHOP|HIGH,10,YARN_STORE,BRUNCH_SPOT,PIZZA_SHOP,HIGH,12,1788,False,True,False,0,88,5,8,1,24,0,6,12
D10|YARN_STORE+BRUNCH_SPOT+BRUNCH_SPOT|LOW,10,YARN_STORE,BRUNCH_SPOT,BRUNCH_SPOT,LOW,11,1088,False,True,False,0,88,2,8,1,32,0,0,12
D10|YARN_STORE+BRUNCH_SPOT+BRUNCH_SPOT|BASE,10,YARN_STORE,BRUNCH_SPOT,BRUNCH_SPOT,BASE,11,1088,False,True,False,0,88,2,8,1,32,0,0,12
D10|YARN_STORE+BRUNCH_SPOT+BRUNCH_SPOT|HIGH,10,YARN_STORE,BRUNCH_SPOT,BRUNCH_SPOT,HIGH,12,1388,False,True,False,0,88,2,8,2,32,0,0,12
D10|YARN_STORE+BRUNCH_SPOT+YARN_STORE|LOW,10,YARN_STORE,BRUNCH_SPOT,YARN_STORE,LOW,11,2288,False,True,False,0,88,2,12,1,24,0,0,12
D10|YARN_STORE+BRUNCH_SPOT+YARN_STORE|BASE,10,YARN_STORE,BRUNCH_SPOT,YARN_STORE,BASE,11,2788,False,True,False,0,88,2,13,1,24,0,0,12
D10|YARN_STORE+BRUNCH_SPOT+YARN_STORE|HIGH,10,YARN_STORE,BRUNCH_SPOT,YARN_STORE,HIGH,12,2988,False,True,False,0,88,2,13,1,26,0,0,12
D10|YARN_STORE+BRUNCH_SPOT+ICE_CREAM_SHOP|LOW,10,YARN_STORE,BRUNCH_SPOT,ICE_CREAM_SHOP,LOW,11,1488,False,True,False,0,88,3,8,1,32,0,0,12
D10|YARN_STORE+BRUNCH_SPOT+ICE_CREAM_SHOP|BASE,10,YARN_STORE,BRUNCH_SPOT,ICE_CREAM_SHOP,BASE,11,1888,False,True,False,0,88,4,8,1,32,0,0,12
D10|YARN_STORE+BRUNCH_SPOT+ICE_CREAM_SHOP|HIGH,10,YARN_STORE,BRUNCH_SPOT,ICE_CREAM_SHOP,HIGH,12,2288,False,True,False,0,88,5,8,1,32,0,0,12
D10|YARN_STORE+BRUNCH_SPOT+PET_CAFE|LOW,10,YARN_STORE,BRUNCH_SPOT,PET_CAFE,LOW,11,488,False,True,False,0,88,2,8,1,24,10,0,12
D10|YARN_STORE+BRUNCH_SPOT+PET_CAFE|BASE,10,YARN_STORE,BRUNCH_SPOT,PET_CAFE,BASE,11,568,False,True,False,0,88,2,8,1,24,14,0,12
D10|YARN_STORE+BRUNCH_SPOT+PET_CAFE|HIGH,10,YARN_STORE,BRUNCH_SPOT,PET_CAFE,HIGH,12,648,False,True,False,0,88,2,8,1,24,18,0,12
D10|YARN_STORE+BRUNCH_SPOT+SMOOTHIE_SHOP|LOW,10,YARN_STORE,BRUNCH_SPOT,SMOOTHIE_SHOP,LOW,11,1488,False,True,False,0,88,3,8,1,32,0,0,12
D10|YARN_STORE+BRUNCH_SPOT+SMOOTHIE_SHOP|BASE,10,YARN_STORE,BRUNCH_SPOT,SMOOTHIE_SHOP,BASE,11,1888,False,True,False,0,88,4,8,1,32,0,0,12
D10|YARN_STORE+BRUNCH_SPOT+SMOOTHIE_SHOP|HIGH,10,YARN_STORE,BRUNCH_SPOT,SMOOTHIE_SHOP,HIGH,12,2288,False,True,False,0,88,5,8,1,32,0,0,12
D10|YARN_STORE+BRUNCH_SPOT+FARMERS_MARKET|LOW,10,YARN_STORE,BRUNCH_SPOT,FARMERS_MARKET,LOW,11,1008,False,True,False,0,88,2,8,1,30,6,0,12
D10|YARN_STORE+BRUNCH_SPOT+FARMERS_MARKET|BASE,10,YARN_STORE,BRUNCH_SPOT,FARMERS_MARKET,BASE,11,1208,False,True,False,0,88,2,8,1,32,6,0,12
D10|YARN_STORE+BRUNCH_SPOT+FARMERS_MARKET|HIGH,10,YARN_STORE,BRUNCH_SPOT,FARMERS_MARKET,HIGH,12,1408,False,True,False,0,88,2,8,1,34,6,0,12
D10|YARN_STORE+YARN_STORE+BAKERY|LOW,10,YARN_STORE,YARN_STORE,BAKERY,LOW,11,1188,False,False,False,10,88,2,13,1,0,0,0,12
D10|YARN_STORE+YARN_STORE+BAKERY|BASE,10,YARN_STORE,YARN_STORE,BAKERY,BASE,11,1188,False,False,False,10,88,2,13,1,0,0,0,12
D10|YARN_STORE+YARN_STORE+BAKERY|HIGH,10,YARN_STORE,YARN_STORE,BAKERY,HIGH,12,3728,True,True,False,34,88,2,13,2,0,0,0,12
D10|YARN_STORE+YARN_STORE+PIZZA_SHOP|LOW,10,YARN_STORE,YARN_STORE,PIZZA_SHOP,LOW,11,1818,False,False,False,3,88,3,13,1,0,0,6,12
D10|YARN_STORE+YARN_STORE+PIZZA_SHOP|BASE,10,YARN_STORE,YARN_STORE,PIZZA_SHOP,BASE,11,2208,False,False,False,2,88,4,13,1,0,0,6,12
D10|YARN_STORE+YARN_STORE+PIZZA_SHOP|HIGH,10,YARN_STORE,YARN_STORE,PIZZA_SHOP,HIGH,12,2608,False,False,False,2,88,5,13,1,0,0,6,12
D10|YARN_STORE+YARN_STORE+BRUNCH_SPOT|LOW,10,YARN_STORE,YARN_STORE,BRUNCH_SPOT,LOW,11,2288,False,False,False,0,88,2,13,1,12,0,0,12
D10|YARN_STORE+YARN_STORE+BRUNCH_SPOT|BASE,10,YARN_STORE,YARN_STORE,BRUNCH_SPOT,BASE,11,2288,False,False,False,0,88,2,13,1,12,0,0,12
D10|YARN_STORE+YARN_STORE+BRUNCH_SPOT|HIGH,10,YARN_STORE,YARN_STORE,BRUNCH_SPOT,HIGH,12,4828,True,True,False,24,88,2,13,2,12,0,0,12
D10|YARN_STORE+YARN_STORE+YARN_STORE|LOW,10,YARN_STORE,YARN_STORE,YARN_STORE,LOW,11,1678,False,False,False,9,88,2,14,1,0,0,0,12
D10|YARN_STORE+YARN_STORE+YARN_STORE|BASE,10,YARN_STORE,YARN_STORE,YARN_STORE,BASE,11,2168,False,False,False,8,88,2,15,1,0,0,0,12
D10|YARN_STORE+YARN_STORE+YARN_STORE|HIGH,10,YARN_STORE,YARN_STORE,YARN_STORE,HIGH,11,2168,False,False,True,8,88,2,15,1,0,0,0,12
D10|YARN_STORE+YARN_STORE+ICE_CREAM_SHOP|LOW,10,YARN_STORE,YARN_STORE,ICE_CREAM_SHOP,LOW,11,2688,False,False,False,0,88,3,13,1,12,0,0,12
D10|YARN_STORE+YARN_STORE+ICE_CREAM_SHOP|BASE,10,YARN_STORE,YARN_STORE,ICE_CREAM_SHOP,BASE,11,3088,False,False,False,0,88,4,13,1,12,0,0,12
D10|YARN_STORE+YARN_STORE+ICE_CREAM_SHOP|HIGH,10,YARN_STORE,YARN_STORE,ICE_CREAM_SHOP,HIGH,12,3488,False,False,False,0,88,5,13,1,12,0,0,12
D10|YARN_STORE+YARN_STORE+PET_CAFE|LOW,10,YARN_STORE,YARN_STORE,PET_CAFE,LOW,11,1288,False,False,False,0,88,2,13,1,0,10,0,12
D10|YARN_STORE+YARN_STORE+PET_CAFE|BASE,10,YARN_STORE,YARN_STORE,PET_CAFE,BASE,11,1368,False,False,False,0,88,2,13,1,0,14,0,12
D10|YARN_STORE+YARN_STORE+PET_CAFE|HIGH,10,YARN_STORE,YARN_STORE,PET_CAFE,HIGH,12,1448,False,False,False,0,88,2,13,1,0,18,0,12
D10|YARN_STORE+YARN_STORE+SMOOTHIE_SHOP|LOW,10,YARN_STORE,YARN_STORE,SMOOTHIE_SHOP,LOW,11,2688,False,False,False,0,88,3,13,1,12,0,0,12
D10|YARN_STORE+YARN_STORE+SMOOTHIE_SHOP|BASE,10,YARN_STORE,YARN_STORE,SMOOTHIE_SHOP,BASE,11,3088,False,False,False,0,88,4,13,1,12,0,0,12
D10|YARN_STORE+YARN_STORE+SMOOTHIE_SHOP|HIGH,10,YARN_STORE,YARN_STORE,SMOOTHIE_SHOP,HIGH,12,3488,False,False,False,0,88,5,13,1,12,0,0,12
D10|YARN_STORE+YARN_STORE+FARMERS_MARKET|LOW,10,YARN_STORE,YARN_STORE,FARMERS_MARKET,LOW,11,4458,True,True,False,25,88,2,13,1,10,6,0,12
D10|YARN_STORE+YARN_STORE+FARMERS_MARKET|BASE,10,YARN_STORE,YARN_STORE,FARMERS_MARKET,BASE,11,4638,True,True,False,23,88,2,13,1,12,6,0,12
D10|YARN_STORE+YARN_STORE+FARMERS_MARKET|HIGH,10,YARN_STORE,YARN_STORE,FARMERS_MARKET,HIGH,12,4838,True,True,False,23,88,2,13,1,14,6,0,12
D10|YARN_STORE+ICE_CREAM_SHOP+BAKERY|LOW,10,YARN_STORE,ICE_CREAM_SHOP,BAKERY,LOW,11,768,False,True,False,8,88,7,8,1,24,0,0,12
D10|YARN_STORE+ICE_CREAM_SHOP+BAKERY|BASE,10,YARN_STORE,ICE_CREAM_SHOP,BAKERY,BASE,11,768,False,True,False,8,88,7,8,1,24,0,0,12
D10|YARN_STORE+ICE_CREAM_SHOP+BAKERY|HIGH,10,YARN_STORE,ICE_CREAM_SHOP,BAKERY,HIGH,12,1068,False,True,False,8,88,7,8,2,24,0,0,12
D10|YARN_STORE+ICE_CREAM_SHOP+PIZZA_SHOP|LOW,10,YARN_STORE,ICE_CREAM_SHOP,PIZZA_SHOP,LOW,11,1398,False,True,False,1,88,8,8,1,24,0,6,12
D10|YARN_STORE+ICE_CREAM_SHOP+PIZZA_SHOP|BASE,10,YARN_STORE,ICE_CREAM_SHOP,PIZZA_SHOP,BASE,11,1788,False,True,False,0,88,9,8,1,24,0,6,12
D10|YARN_STORE+ICE_CREAM_SHOP+PIZZA_SHOP|HIGH,10,YARN_STORE,ICE_CREAM_SHOP,PIZZA_SHOP,HIGH,12,1988,False,True,False,0,88,9,8,1,26,0,6,12
D10|YARN_STORE+ICE_CREAM_SHOP+BRUNCH_SPOT|LOW,10,YARN_STORE,ICE_CREAM_SHOP,BRUNCH_SPOT,LOW,11,1488,False,True,False,0,88,7,8,1,32,0,0,12
D10|YARN_STORE+ICE_CREAM_SHOP+BRUNCH_SPOT|BASE,10,YARN_STORE,ICE_CREAM_SHOP,BRUNCH_SPOT,BASE,11,1488,False,True,False,0,88,7,8,1,32,0,0,12
D10|YARN_STORE+ICE_CREAM_SHOP+BRUNCH_SPOT|HIGH,10,YARN_STORE,ICE_CREAM_SHOP,BRUNCH_SPOT,HIGH,12,1788,False,True,False,0,88,7,8,2,32,0,0,12
D10|YARN_STORE+ICE_CREAM_SHOP+YARN_STORE|LOW,10,YARN_STORE,ICE_CREAM_SHOP,YARN_STORE,LOW,11,2728,False,True,False,4,88,7,12,1,24,0,0,12
D10|YARN_STORE+ICE_CREAM_SHOP+YARN_STORE|BASE,10,YARN_STORE,ICE_CREAM_SHOP,YARN_STORE,BASE,11,3218,False,True,False,3,88,7,13,1,24,0,0,12
D10|YARN_STORE+ICE_CREAM_SHOP+YARN_STORE|HIGH,10,YARN_STORE,ICE_CREAM_SHOP,YARN_STORE,HIGH,12,3418,False,True,False,3,88,7,13,1,26,0,0,12
D10|YARN_STORE+ICE_CREAM_SHOP+ICE_CREAM_SHOP|LOW,10,YARN_STORE,ICE_CREAM_SHOP,ICE_CREAM_SHOP,LOW,11,1888,False,True,False,0,88,8,8,1,32,0,0,12
D10|YARN_STORE+ICE_CREAM_SHOP+ICE_CREAM_SHOP|BASE,10,YARN_STORE,ICE_CREAM_SHOP,ICE_CREAM_SHOP,BASE,11,2288,False,True,False,0,88,9,8,1,32,0,0,12
D10|YARN_STORE+ICE_CREAM_SHOP+ICE_CREAM_SHOP|HIGH,10,YARN_STORE,ICE_CREAM_SHOP,ICE_CREAM_SHOP,HIGH,12,2488,False,True,False,0,88,9,8,1,34,0,0,12
D10|YARN_STORE+ICE_CREAM_SHOP+PET_CAFE|LOW,10,YARN_STORE,ICE_CREAM_SHOP,PET_CAFE,LOW,11,888,False,True,False,0,88,7,8,1,24,10,0,12
D10|YARN_STORE+ICE_CREAM_SHOP+PET_CAFE|BASE,10,YARN_STORE,ICE_CREAM_SHOP,PET_CAFE,BASE,11,968,False,True,False,0,88,7,8,1,24,14,0,12
D10|YARN_STORE+ICE_CREAM_SHOP+PET_CAFE|HIGH,10,YARN_STORE,ICE_CREAM_SHOP,PET_CAFE,HIGH,12,1048,False,True,False,0,88,7,8,1,24,18,0,12
D10|YARN_STORE+ICE_CREAM_SHOP+SMOOTHIE_SHOP|LOW,10,YARN_STORE,ICE_CREAM_SHOP,SMOOTHIE_SHOP,LOW,11,1888,False,True,False,0,88,8,8,1,32,0,0,12
D10|YARN_STORE+ICE_CREAM_SHOP+SMOOTHIE_SHOP|BASE,10,YARN_STORE,ICE_CREAM_SHOP,SMOOTHIE_SHOP,BASE,11,2288,False,True,False,0,88,9,8,1,32,0,0,12
D10|YARN_STORE+ICE_CREAM_SHOP+SMOOTHIE_SHOP|HIGH,10,YARN_STORE,ICE_CREAM_SHOP,SMOOTHIE_SHOP,HIGH,12,2488,False,True,False,0,88,9,8,1,34,0,0,12
D10|YARN_STORE+ICE_CREAM_SHOP+FARMERS_MARKET|LOW,10,YARN_STORE,ICE_CREAM_SHOP,FARMERS_MARKET,LOW,11,1408,False,True,False,0,88,7,8,1,30,6,0,12
D10|YARN_STORE+ICE_CREAM_SHOP+FARMERS_MARKET|BASE,10,YARN_STORE,ICE_CREAM_SHOP,FARMERS_MARKET,BASE,11,1608,False,True,False,0,88,7,8,1,32,6,0,12
D10|YARN_STORE+ICE_CREAM_SHOP+FARMERS_MARKET|HIGH,10,YARN_STORE,ICE_CREAM_SHOP,FARMERS_MARKET,HIGH,12,1808,False,True,False,0,88,7,8,1,34,6,0,12
D10|YARN_STORE+PET_CAFE+BAKERY|LOW,10,YARN_STORE,PET_CAFE,BAKERY,LOW,11,198,False,False,False,11,88,2,8,1,0,14,0,12
D10|YARN_STORE+PET_CAFE+BAKERY|BASE,10,YARN_STORE,PET_CAFE,BAKERY,BASE,11,198,False,False,False,11,88,2,8,1,0,14,0,12
D10|YARN_STORE+PET_CAFE+BAKERY|HIGH,10,YARN_STORE,PET_CAFE,BAKERY,HIGH,12,2738,True,True,False,35,88,2,8,2,0,14,0,12
D10|YARN_STORE+PET_CAFE+PIZZA_SHOP|LOW,10,YARN_STORE,PET_CAFE,PIZZA_SHOP,LOW,11,3078,True,True,False,29,88,3,8,1,0,14,6,12
D10|YARN_STORE+PET_CAFE+PIZZA_SHOP|BASE,10,YARN_STORE,PET_CAFE,PIZZA_SHOP,BASE,11,3468,True,True,False,28,88,4,8,1,0,14,6,12
D10|YARN_STORE+PET_CAFE+PIZZA_SHOP|HIGH,10,YARN_STORE,PET_CAFE,PIZZA_SHOP,HIGH,12,3868,True,True,False,28,88,5,8,1,0,14,6,12
D10|YARN_STORE+PET_CAFE+BRUNCH_SPOT|LOW,10,YARN_STORE,PET_CAFE,BRUNCH_SPOT,LOW,11,3528,True,True,False,24,88,2,8,1,12,14,0,12
D10|YARN_STORE+PET_CAFE+BRUNCH_SPOT|BASE,10,YARN_STORE,PET_CAFE,BRUNCH_SPOT,BASE,11,3528,True,True,False,24,88,2,8,1,12,14,0,12
D10|YARN_STORE+PET_CAFE+BRUNCH_SPOT|HIGH,10,YARN_STORE,PET_CAFE,BRUNCH_SPOT,HIGH,12,3828,True,True,False,24,88,2,8,2,12,14,0,12
D10|YARN_STORE+PET_CAFE+YARN_STORE|LOW,10,YARN_STORE,PET_CAFE,YARN_STORE,LOW,11,2158,False,False,False,7,88,2,12,1,0,14,0,12
D10|YARN_STORE+PET_CAFE+YARN_STORE|BASE,10,YARN_STORE,PET_CAFE,YARN_STORE,BASE,11,2648,False,False,False,6,88,2,13,1,0,14,0,12
D10|YARN_STORE+PET_CAFE+YARN_STORE|HIGH,10,YARN_STORE,PET_CAFE,YARN_STORE,HIGH,11,2648,False,False,True,6,88,2,13,1,0,14,0,12
D10|YARN_STORE+PET_CAFE+ICE_CREAM_SHOP|LOW,10,YARN_STORE,PET_CAFE,ICE_CREAM_SHOP,LOW,11,3918,True,True,False,23,88,3,8,1,12,14,0,12
D10|YARN_STORE+PET_CAFE+ICE_CREAM_SHOP|BASE,10,YARN_STORE,PET_CAFE,ICE_CREAM_SHOP,BASE,11,4308,True,True,False,22,88,4,8,1,12,14,0,12
D10|YARN_STORE+PET_CAFE+ICE_CREAM_SHOP|HIGH,10,YARN_STORE,PET_CAFE,ICE_CREAM_SHOP,HIGH,12,4708,True,True,False,22,88,5,8,1,12,14,0,12
D10|YARN_STORE+PET_CAFE+PET_CAFE|LOW,10,YARN_STORE,PET_CAFE,PET_CAFE,LOW,11,2508,True,True,False,30,88,2,8,1,0,20,0,12
D10|YARN_STORE+PET_CAFE+PET_CAFE|BASE,10,YARN_STORE,PET_CAFE,PET_CAFE,BASE,11,2548,True,True,False,26,88,2,8,1,0,24,0,12
D10|YARN_STORE+PET_CAFE+PET_CAFE|HIGH,10,YARN_STORE,PET_CAFE,PET_CAFE,HIGH,12,2628,True,True,False,26,88,2,8,1,0,28,0,12
D10|YARN_STORE+PET_CAFE+SMOOTHIE_SHOP|LOW,10,YARN_STORE,PET_CAFE,SMOOTHIE_SHOP,LOW,11,3918,True,True,False,23,88,3,8,1,12,14,0,12
D10|YARN_STORE+PET_CAFE+SMOOTHIE_SHOP|BASE,10,YARN_STORE,PET_CAFE,SMOOTHIE_SHOP,BASE,11,4308,True,True,False,22,88,4,8,1,12,14,0,12
D10|YARN_STORE+PET_CAFE+SMOOTHIE_SHOP|HIGH,10,YARN_STORE,PET_CAFE,SMOOTHIE_SHOP,HIGH,12,4708,True,True,False,22,88,5,8,1,12,14,0,12
D10|YARN_STORE+PET_CAFE+FARMERS_MARKET|LOW,10,YARN_STORE,PET_CAFE,FARMERS_MARKET,LOW,11,3388,True,True,False,22,88,2,8,1,10,18,0,12
D10|YARN_STORE+PET_CAFE+FARMERS_MARKET|BASE,10,YARN_STORE,PET_CAFE,FARMERS_MARKET,BASE,11,3568,True,True,False,20,88,2,8,1,12,18,0,12
D10|YARN_STORE+PET_CAFE+FARMERS_MARKET|HIGH,10,YARN_STORE,PET_CAFE,FARMERS_MARKET,HIGH,12,3768,True,True,False,20,88,2,8,1,14,18,0,12
D10|YARN_STORE+SMOOTHIE_SHOP+BAKERY|LOW,10,YARN_STORE,SMOOTHIE_SHOP,BAKERY,LOW,11,768,False,True,False,8,88,7,8,1,24,0,0,12
D10|YARN_STORE+SMOOTHIE_SHOP+BAKERY|BASE,10,YARN_STORE,SMOOTHIE_SHOP,BAKERY,BASE,11,768,False,True,False,8,88,7,8,1,24,0,0,12
D10|YARN_STORE+SMOOTHIE_SHOP+BAKERY|HIGH,10,YARN_STORE,SMOOTHIE_SHOP,BAKERY,HIGH,12,1068,False,True,False,8,88,7,8,2,24,0,0,12
D10|YARN_STORE+SMOOTHIE_SHOP+PIZZA_SHOP|LOW,10,YARN_STORE,SMOOTHIE_SHOP,PIZZA_SHOP,LOW,11,1398,False,True,False,1,88,8,8,1,24,0,6,12
D10|YARN_STORE+SMOOTHIE_SHOP+PIZZA_SHOP|BASE,10,YARN_STORE,SMOOTHIE_SHOP,PIZZA_SHOP,BASE,11,1788,False,True,False,0,88,9,8,1,24,0,6,12
D10|YARN_STORE+SMOOTHIE_SHOP+PIZZA_SHOP|HIGH,10,YARN_STORE,SMOOTHIE_SHOP,PIZZA_SHOP,HIGH,12,1988,False,True,False,0,88,9,8,1,26,0,6,12
D10|YARN_STORE+SMOOTHIE_SHOP+BRUNCH_SPOT|LOW,10,YARN_STORE,SMOOTHIE_SHOP,BRUNCH_SPOT,LOW,11,1488,False,True,False,0,88,7,8,1,32,0,0,12
D10|YARN_STORE+SMOOTHIE_SHOP+BRUNCH_SPOT|BASE,10,YARN_STORE,SMOOTHIE_SHOP,BRUNCH_SPOT,BASE,11,1488,False,True,False,0,88,7,8,1,32,0,0,12
D10|YARN_STORE+SMOOTHIE_SHOP+BRUNCH_SPOT|HIGH,10,YARN_STORE,SMOOTHIE_SHOP,BRUNCH_SPOT,HIGH,12,1788,False,True,False,0,88,7,8,2,32,0,0,12
D10|YARN_STORE+SMOOTHIE_SHOP+YARN_STORE|LOW,10,YARN_STORE,SMOOTHIE_SHOP,YARN_STORE,LOW,11,2728,False,True,False,4,88,7,12,1,24,0,0,12
D10|YARN_STORE+SMOOTHIE_SHOP+YARN_STORE|BASE,10,YARN_STORE,SMOOTHIE_SHOP,YARN_STORE,BASE,11,3218,False,True,False,3,88,7,13,1,24,0,0,12
D10|YARN_STORE+SMOOTHIE_SHOP+YARN_STORE|HIGH,10,YARN_STORE,SMOOTHIE_SHOP,YARN_STORE,HIGH,12,3418,False,True,False,3,88,7,13,1,26,0,0,12
D10|YARN_STORE+SMOOTHIE_SHOP+ICE_CREAM_SHOP|LOW,10,YARN_STORE,SMOOTHIE_SHOP,ICE_CREAM_SHOP,LOW,11,1888,False,True,False,0,88,8,8,1,32,0,0,12
D10|YARN_STORE+SMOOTHIE_SHOP+ICE_CREAM_SHOP|BASE,10,YARN_STORE,SMOOTHIE_SHOP,ICE_CREAM_SHOP,BASE,11,2288,False,True,False,0,88,9,8,1,32,0,0,12
D10|YARN_STORE+SMOOTHIE_SHOP+ICE_CREAM_SHOP|HIGH,10,YARN_STORE,SMOOTHIE_SHOP,ICE_CREAM_SHOP,HIGH,12,2488,False,True,False,0,88,9,8,1,34,0,0,12
D10|YARN_STORE+SMOOTHIE_SHOP+PET_CAFE|LOW,10,YARN_STORE,SMOOTHIE_SHOP,PET_CAFE,LOW,11,888,False,True,False,0,88,7,8,1,24,10,0,12
D10|YARN_STORE+SMOOTHIE_SHOP+PET_CAFE|BASE,10,YARN_STORE,SMOOTHIE_SHOP,PET_CAFE,BASE,11,968,False,True,False,0,88,7,8,1,24,14,0,12
D10|YARN_STORE+SMOOTHIE_SHOP+PET_CAFE|HIGH,10,YARN_STORE,SMOOTHIE_SHOP,PET_CAFE,HIGH,12,1048,False,True,False,0,88,7,8,1,24,18,0,12
D10|YARN_STORE+SMOOTHIE_SHOP+SMOOTHIE_SHOP|LOW,10,YARN_STORE,SMOOTHIE_SHOP,SMOOTHIE_SHOP,LOW,11,1888,False,True,False,0,88,8,8,1,32,0,0,12
D10|YARN_STORE+SMOOTHIE_SHOP+SMOOTHIE_SHOP|BASE,10,YARN_STORE,SMOOTHIE_SHOP,SMOOTHIE_SHOP,BASE,11,2288,False,True,False,0,88,9,8,1,32,0,0,12
D10|YARN_STORE+SMOOTHIE_SHOP+SMOOTHIE_SHOP|HIGH,10,YARN_STORE,SMOOTHIE_SHOP,SMOOTHIE_SHOP,HIGH,12,2488,False,True,False,0,88,9,8,1,34,0,0,12
D10|YARN_STORE+SMOOTHIE_SHOP+FARMERS_MARKET|LOW,10,YARN_STORE,SMOOTHIE_SHOP,FARMERS_MARKET,LOW,11,1408,False,True,False,0,88,7,8,1,30,6,0,12
D10|YARN_STORE+SMOOTHIE_SHOP+FARMERS_MARKET|BASE,10,YARN_STORE,SMOOTHIE_SHOP,FARMERS_MARKET,BASE,11,1608,False,True,False,0,88,7,8,1,32,6,0,12
D10|YARN_STORE+SMOOTHIE_SHOP+FARMERS_MARKET|HIGH,10,YARN_STORE,SMOOTHIE_SHOP,FARMERS_MARKET,HIGH,12,1808,False,True,False,0,88,7,8,1,34,6,0,12
D10|YARN_STORE+FARMERS_MARKET+BAKERY|LOW,10,YARN_STORE,FARMERS_MARKET,BAKERY,LOW,11,368,False,True,False,8,88,2,8,1,24,6,0,12
D10|YARN_STORE+FARMERS_MARKET+BAKERY|BASE,10,YARN_STORE,FARMERS_MARKET,BAKERY,BASE,11,368,False,True,False,8,88,2,8,1,24,6,0,12
D10|YARN_STORE+FARMERS_MARKET+BAKERY|HIGH,10,YARN_STORE,FARMERS_MARKET,BAKERY,HIGH,12,668,False,True,False,8,88,2,8,2,24,6,0,12
D10|YARN_STORE+FARMERS_MARKET+PIZZA_SHOP|LOW,10,YARN_STORE,FARMERS_MARKET,PIZZA_SHOP,LOW,11,998,False,True,False,1,88,3,8,1,24,6,6,12
D10|YARN_STORE+FARMERS_MARKET+PIZZA_SHOP|BASE,10,YARN_STORE,FARMERS_MARKET,PIZZA_SHOP,BASE,11,1388,False,True,False,0,88,4,8,1,24,6,6,12
D10|YARN_STORE+FARMERS_MARKET+PIZZA_SHOP|HIGH,10,YARN_STORE,FARMERS_MARKET,PIZZA_SHOP,HIGH,12,1788,False,True,False,0,88,5,8,1,24,6,6,12
D10|YARN_STORE+FARMERS_MARKET+BRUNCH_SPOT|LOW,10,YARN_STORE,FARMERS_MARKET,BRUNCH_SPOT,LOW,11,1088,False,True,False,0,88,2,8,1,32,6,0,12
D10|YARN_STORE+FARMERS_MARKET+BRUNCH_SPOT|BASE,10,YARN_STORE,FARMERS_MARKET,BRUNCH_SPOT,BASE,11,1088,False,True,False,0,88,2,8,1,32,6,0,12
D10|YARN_STORE+FARMERS_MARKET+BRUNCH_SPOT|HIGH,10,YARN_STORE,FARMERS_MARKET,BRUNCH_SPOT,HIGH,12,1388,False,True,False,0,88,2,8,2,32,6,0,12
D10|YARN_STORE+FARMERS_MARKET+YARN_STORE|LOW,10,YARN_STORE,FARMERS_MARKET,YARN_STORE,LOW,11,2328,False,True,False,4,88,2,12,1,24,6,0,12
D10|YARN_STORE+FARMERS_MARKET+YARN_STORE|BASE,10,YARN_STORE,FARMERS_MARKET,YARN_STORE,BASE,11,2818,False,True,False,3,88,2,13,1,24,6,0,12
D10|YARN_STORE+FARMERS_MARKET+YARN_STORE|HIGH,10,YARN_STORE,FARMERS_MARKET,YARN_STORE,HIGH,12,3018,False,True,False,3,88,2,13,1,26,6,0,12
D10|YARN_STORE+FARMERS_MARKET+ICE_CREAM_SHOP|LOW,10,YARN_STORE,FARMERS_MARKET,ICE_CREAM_SHOP,LOW,11,1488,False,True,False,0,88,3,8,1,32,6,0,12
D10|YARN_STORE+FARMERS_MARKET+ICE_CREAM_SHOP|BASE,10,YARN_STORE,FARMERS_MARKET,ICE_CREAM_SHOP,BASE,11,1888,False,True,False,0,88,4,8,1,32,6,0,12
D10|YARN_STORE+FARMERS_MARKET+ICE_CREAM_SHOP|HIGH,10,YARN_STORE,FARMERS_MARKET,ICE_CREAM_SHOP,HIGH,12,2288,False,True,False,0,88,5,8,1,32,6,0,12
D10|YARN_STORE+FARMERS_MARKET+PET_CAFE|LOW,10,YARN_STORE,FARMERS_MARKET,PET_CAFE,LOW,11,448,False,True,False,0,88,2,8,1,24,14,0,12
D10|YARN_STORE+FARMERS_MARKET+PET_CAFE|BASE,10,YARN_STORE,FARMERS_MARKET,PET_CAFE,BASE,11,528,False,True,False,0,88,2,8,1,24,18,0,12
D10|YARN_STORE+FARMERS_MARKET+PET_CAFE|HIGH,10,YARN_STORE,FARMERS_MARKET,PET_CAFE,HIGH,12,608,False,True,False,0,88,2,8,1,24,22,0,12
D10|YARN_STORE+FARMERS_MARKET+SMOOTHIE_SHOP|LOW,10,YARN_STORE,FARMERS_MARKET,SMOOTHIE_SHOP,LOW,11,1488,False,True,False,0,88,3,8,1,32,6,0,12
D10|YARN_STORE+FARMERS_MARKET+SMOOTHIE_SHOP|BASE,10,YARN_STORE,FARMERS_MARKET,SMOOTHIE_SHOP,BASE,11,1888,False,True,False,0,88,4,8,1,32,6,0,12
D10|YARN_STORE+FARMERS_MARKET+SMOOTHIE_SHOP|HIGH,10,YARN_STORE,FARMERS_MARKET,SMOOTHIE_SHOP,HIGH,12,2288,False,True,False,0,88,5,8,1,32,6,0,12
D10|YARN_STORE+FARMERS_MARKET+FARMERS_MARKET|LOW,10,YARN_STORE,FARMERS_MARKET,FARMERS_MARKET,LOW,11,908,False,True,False,2,88,2,8,1,30,6,0,12
D10|YARN_STORE+FARMERS_MARKET+FARMERS_MARKET|BASE,10,YARN_STORE,FARMERS_MARKET,FARMERS_MARKET,BASE,11,1088,False,True,False,0,88,2,8,1,32,6,0,12
D10|YARN_STORE+FARMERS_MARKET+FARMERS_MARKET|HIGH,10,YARN_STORE,FARMERS_MARKET,FARMERS_MARKET,HIGH,12,1288,False,True,False,0,88,2,8,1,34,6,0,12
D10|ICE_CREAM_SHOP+BAKERY+BAKERY|LOW,10,ICE_CREAM_SHOP,BAKERY,BAKERY,LOW,11,538,False,True,False,5,88,10,1,1,24,0,0,12
D10|ICE_CREAM_SHOP+BAKERY+BAKERY|BASE,10,ICE_CREAM_SHOP,BAKERY,BAKERY,BASE,11,538,False,True,False,5,88,10,1,1,24,0,0,12
D10|ICE_CREAM_SHOP+BAKERY+BAKERY|HIGH,10,ICE_CREAM_SHOP,BAKERY,BAKERY,HIGH,12,838,False,True,False,5,88,10,1,2,24,0,0,12
D10|ICE_CREAM_SHOP+BAKERY+PIZZA_SHOP|LOW,10,ICE_CREAM_SHOP,BAKERY,PIZZA_SHOP,LOW,11,788,False,True,False,0,88,10,1,1,24,0,6,12
D10|ICE_CREAM_SHOP+BAKERY+PIZZA_SHOP|BASE,10,ICE_CREAM_SHOP,BAKERY,PIZZA_SHOP,BASE,11,1188,False,True,False,0,88,11,1,1,24,0,6,12
D10|ICE_CREAM_SHOP+BAKERY+PIZZA_SHOP|HIGH,10,ICE_CREAM_SHOP,BAKERY,PIZZA_SHOP,HIGH,12,1588,False,True,False,0,88,12,1,1,24,0,6,12
D10|ICE_CREAM_SHOP+BAKERY+BRUNCH_SPOT|LOW,10,ICE_CREAM_SHOP,BAKERY,BRUNCH_SPOT,LOW,11,1288,False,True,False,0,88,10,1,1,32,0,0,12
D10|ICE_CREAM_SHOP+BAKERY+BRUNCH_SPOT|BASE,10,ICE_CREAM_SHOP,BAKERY,BRUNCH_SPOT,BASE,11,1288,False,True,False,0,88,10,1,1,32,0,0,12
D10|ICE_CREAM_SHOP+BAKERY+BRUNCH_SPOT|HIGH,10,ICE_CREAM_SHOP,BAKERY,BRUNCH_SPOT,HIGH,12,1588,False,True,False,0,88,10,1,2,32,0,0,12
D10|ICE_CREAM_SHOP+BAKERY+YARN_STORE|LOW,10,ICE_CREAM_SHOP,BAKERY,YARN_STORE,LOW,11,1028,False,True,False,4,88,10,2,1,24,0,0,12
D10|ICE_CREAM_SHOP+BAKERY+YARN_STORE|BASE,10,ICE_CREAM_SHOP,BAKERY,YARN_STORE,BASE,11,1518,False,True,False,3,88,10,3,1,24,0,0,12
D10|ICE_CREAM_SHOP+BAKERY+YARN_STORE|HIGH,10,ICE_CREAM_SHOP,BAKERY,YARN_STORE,HIGH,12,2018,False,True,False,3,88,10,4,1,24,0,0,12
D10|ICE_CREAM_SHOP+BAKERY+ICE_CREAM_SHOP|LOW,10,ICE_CREAM_SHOP,BAKERY,ICE_CREAM_SHOP,LOW,11,1288,False,True,False,0,88,10,1,1,32,0,0,12
D10|ICE_CREAM_SHOP+BAKERY+ICE_CREAM_SHOP|BASE,10,ICE_CREAM_SHOP,BAKERY,ICE_CREAM_SHOP,BASE,11,1688,False,True,False,0,88,11,1,1,32,0,0,12
D10|ICE_CREAM_SHOP+BAKERY+ICE_CREAM_SHOP|HIGH,10,ICE_CREAM_SHOP,BAKERY,ICE_CREAM_SHOP,HIGH,12,2088,False,True,False,0,88,12,1,1,32,0,0,12
D10|ICE_CREAM_SHOP+BAKERY+PET_CAFE|LOW,10,ICE_CREAM_SHOP,BAKERY,PET_CAFE,LOW,11,688,False,True,False,0,88,10,1,1,24,10,0,12
D10|ICE_CREAM_SHOP+BAKERY+PET_CAFE|BASE,10,ICE_CREAM_SHOP,BAKERY,PET_CAFE,BASE,11,768,False,True,False,0,88,10,1,1,24,14,0,12
D10|ICE_CREAM_SHOP+BAKERY+PET_CAFE|HIGH,10,ICE_CREAM_SHOP,BAKERY,PET_CAFE,HIGH,12,848,False,True,False,0,88,10,1,1,24,18,0,12
D10|ICE_CREAM_SHOP+BAKERY+SMOOTHIE_SHOP|LOW,10,ICE_CREAM_SHOP,BAKERY,SMOOTHIE_SHOP,LOW,11,1288,False,True,False,0,88,10,1,1,32,0,0,12
D10|ICE_CREAM_SHOP+BAKERY+SMOOTHIE_SHOP|BASE,10,ICE_CREAM_SHOP,BAKERY,SMOOTHIE_SHOP,BASE,11,1688,False,True,False,0,88,11,1,1,32,0,0,12
D10|ICE_CREAM_SHOP+BAKERY+SMOOTHIE_SHOP|HIGH,10,ICE_CREAM_SHOP,BAKERY,SMOOTHIE_SHOP,HIGH,12,2088,False,True,False,0,88,12,1,1,32,0,0,12
D10|ICE_CREAM_SHOP+BAKERY+FARMERS_MARKET|LOW,10,ICE_CREAM_SHOP,BAKERY,FARMERS_MARKET,LOW,11,1208,False,True,False,0,88,10,1,1,30,6,0,12
D10|ICE_CREAM_SHOP+BAKERY+FARMERS_MARKET|BASE,10,ICE_CREAM_SHOP,BAKERY,FARMERS_MARKET,BASE,11,1408,False,True,False,0,88,10,1,1,32,6,0,12
D10|ICE_CREAM_SHOP+BAKERY+FARMERS_MARKET|HIGH,10,ICE_CREAM_SHOP,BAKERY,FARMERS_MARKET,HIGH,12,1608,False,True,False,0,88,10,1,1,34,6,0,12
D10|ICE_CREAM_SHOP+PIZZA_SHOP+BAKERY|LOW,10,ICE_CREAM_SHOP,PIZZA_SHOP,BAKERY,LOW,11,538,False,True,False,5,88,11,1,1,24,0,8,12
D10|ICE_CREAM_SHOP+PIZZA_SHOP+BAKERY|BASE,10,ICE_CREAM_SHOP,PIZZA_SHOP,BAKERY,BASE,11,538,False,True,False,5,88,11,1,1,24,0,8,12
D10|ICE_CREAM_SHOP+PIZZA_SHOP+BAKERY|HIGH,10,ICE_CREAM_SHOP,PIZZA_SHOP,BAKERY,HIGH,12,838,False,True,False,5,88,11,1,2,24,0,8,12
D10|ICE_CREAM_SHOP+PIZZA_SHOP+PIZZA_SHOP|LOW,10,ICE_CREAM_SHOP,PIZZA_SHOP,PIZZA_SHOP,LOW,11,698,False,True,False,1,88,11,1,1,24,0,12,12
D10|ICE_CREAM_SHOP+PIZZA_SHOP+PIZZA_SHOP|BASE,10,ICE_CREAM_SHOP,PIZZA_SHOP,PIZZA_SHOP,BASE,11,1088,False,True,False,0,88,12,1,1,24,0,12,12
D10|ICE_CREAM_SHOP+PIZZA_SHOP+PIZZA_SHOP|HIGH,10,ICE_CREAM_SHOP,PIZZA_SHOP,PIZZA_SHOP,HIGH,12,1488,False,True,False,0,88,13,1,1,24,0,12,12
D10|ICE_CREAM_SHOP+PIZZA_SHOP+BRUNCH_SPOT|LOW,10,ICE_CREAM_SHOP,PIZZA_SHOP,BRUNCH_SPOT,LOW,11,1288,False,True,False,0,88,11,1,1,32,0,8,12
D10|ICE_CREAM_SHOP+PIZZA_SHOP+BRUNCH_SPOT|BASE,10,ICE_CREAM_SHOP,PIZZA_SHOP,BRUNCH_SPOT,BASE,11,1288,False,True,False,0,88,11,1,1,32,0,8,12
D10|ICE_CREAM_SHOP+PIZZA_SHOP+BRUNCH_SPOT|HIGH,10,ICE_CREAM_SHOP,PIZZA_SHOP,BRUNCH_SPOT,HIGH,12,1588,False,True,False,0,88,11,1,2,32,0,8,12
D10|ICE_CREAM_SHOP+PIZZA_SHOP+YARN_STORE|LOW,10,ICE_CREAM_SHOP,PIZZA_SHOP,YARN_STORE,LOW,11,1028,False,True,False,4,88,11,2,1,24,0,8,12
D10|ICE_CREAM_SHOP+PIZZA_SHOP+YARN_STORE|BASE,10,ICE_CREAM_SHOP,PIZZA_SHOP,YARN_STORE,BASE,11,1518,False,True,False,3,88,11,3,1,24,0,8,12
D10|ICE_CREAM_SHOP+PIZZA_SHOP+YARN_STORE|HIGH,10,ICE_CREAM_SHOP,PIZZA_SHOP,YARN_STORE,HIGH,12,2018,False,True,False,3,88,11,4,1,24,0,8,12
D10|ICE_CREAM_SHOP+PIZZA_SHOP+ICE_CREAM_SHOP|LOW,10,ICE_CREAM_SHOP,PIZZA_SHOP,ICE_CREAM_SHOP,LOW,11,1288,False,True,False,0,88,11,1,1,32,0,8,12
D10|ICE_CREAM_SHOP+PIZZA_SHOP+ICE_CREAM_SHOP|BASE,10,ICE_CREAM_SHOP,PIZZA_SHOP,ICE_CREAM_SHOP,BASE,11,1688,False,True,False,0,88,12,1,1,32,0,8,12
D10|ICE_CREAM_SHOP+PIZZA_SHOP+ICE_CREAM_SHOP|HIGH,10,ICE_CREAM_SHOP,PIZZA_SHOP,ICE_CREAM_SHOP,HIGH,12,2088,False,True,False,0,88,13,1,1,32,0,8,12
D10|ICE_CREAM_SHOP+PIZZA_SHOP+PET_CAFE|LOW,10,ICE_CREAM_SHOP,PIZZA_SHOP,PET_CAFE,LOW,11,688,False,True,False,0,88,11,1,1,24,10,8,12
D10|ICE_CREAM_SHOP+PIZZA_SHOP+PET_CAFE|BASE,10,ICE_CREAM_SHOP,PIZZA_SHOP,PET_CAFE,BASE,11,768,False,True,False,0,88,11,1,1,24,14,8,12
D10|ICE_CREAM_SHOP+PIZZA_SHOP+PET_CAFE|HIGH,10,ICE_CREAM_SHOP,PIZZA_SHOP,PET_CAFE,HIGH,12,848,False,True,False,0,88,11,1,1,24,18,8,12
D10|ICE_CREAM_SHOP+PIZZA_SHOP+SMOOTHIE_SHOP|LOW,10,ICE_CREAM_SHOP,PIZZA_SHOP,SMOOTHIE_SHOP,LOW,11,1288,False,True,False,0,88,11,1,1,32,0,8,12
D10|ICE_CREAM_SHOP+PIZZA_SHOP+SMOOTHIE_SHOP|BASE,10,ICE_CREAM_SHOP,PIZZA_SHOP,SMOOTHIE_SHOP,BASE,11,1688,False,True,False,0,88,12,1,1,32,0,8,12
D10|ICE_CREAM_SHOP+PIZZA_SHOP+SMOOTHIE_SHOP|HIGH,10,ICE_CREAM_SHOP,PIZZA_SHOP,SMOOTHIE_SHOP,HIGH,12,2088,False,True,False,0,88,13,1,1,32,0,8,12
D10|ICE_CREAM_SHOP+PIZZA_SHOP+FARMERS_MARKET|LOW,10,ICE_CREAM_SHOP,PIZZA_SHOP,FARMERS_MARKET,LOW,11,1208,False,True,False,0,88,11,1,1,30,6,8,12
D10|ICE_CREAM_SHOP+PIZZA_SHOP+FARMERS_MARKET|BASE,10,ICE_CREAM_SHOP,PIZZA_SHOP,FARMERS_MARKET,BASE,11,1408,False,True,False,0,88,11,1,1,32,6,8,12
D10|ICE_CREAM_SHOP+PIZZA_SHOP+FARMERS_MARKET|HIGH,10,ICE_CREAM_SHOP,PIZZA_SHOP,FARMERS_MARKET,HIGH,12,1608,False,True,False,0,88,11,1,1,34,6,8,12
D10|ICE_CREAM_SHOP+BRUNCH_SPOT+BAKERY|LOW,10,ICE_CREAM_SHOP,BRUNCH_SPOT,BAKERY,LOW,11,768,False,True,False,8,88,10,1,1,32,0,0,12
D10|ICE_CREAM_SHOP+BRUNCH_SPOT+BAKERY|BASE,10,ICE_CREAM_SHOP,BRUNCH_SPOT,BAKERY,BASE,11,768,False,True,False,8,88,10,1,1,32,0,0,12
D10|ICE_CREAM_SHOP+BRUNCH_SPOT+BAKERY|HIGH,10,ICE_CREAM_SHOP,BRUNCH_SPOT,BAKERY,HIGH,12,1068,False,True,False,8,88,10,1,2,32,0,0,12
D10|ICE_CREAM_SHOP+BRUNCH_SPOT+PIZZA_SHOP|LOW,10,ICE_CREAM_SHOP,BRUNCH_SPOT,PIZZA_SHOP,LOW,11,1008,False,True,False,2,88,10,1,1,32,0,6,12
D10|ICE_CREAM_SHOP+BRUNCH_SPOT+PIZZA_SHOP|BASE,10,ICE_CREAM_SHOP,BRUNCH_SPOT,PIZZA_SHOP,BASE,11,1398,False,True,False,1,88,11,1,1,32,0,6,12
D10|ICE_CREAM_SHOP+BRUNCH_SPOT+PIZZA_SHOP|HIGH,10,ICE_CREAM_SHOP,BRUNCH_SPOT,PIZZA_SHOP,HIGH,12,1798,False,True,False,1,88,12,1,1,32,0,6,12
D10|ICE_CREAM_SHOP+BRUNCH_SPOT+BRUNCH_SPOT|LOW,10,ICE_CREAM_SHOP,BRUNCH_SPOT,BRUNCH_SPOT,LOW,11,1128,False,True,False,4,88,10,1,1,36,0,0,12
D10|ICE_CREAM_SHOP+BRUNCH_SPOT+BRUNCH_SPOT|BASE,10,ICE_CREAM_SHOP,BRUNCH_SPOT,BRUNCH_SPOT,BASE,11,1128,False,True,False,4,88,10,1,1,36,0,0,12
D10|ICE_CREAM_SHOP+BRUNCH_SPOT+BRUNCH_SPOT|HIGH,10,ICE_CREAM_SHOP,BRUNCH_SPOT,BRUNCH_SPOT,HIGH,12,1428,False,True,False,4,88,10,1,2,36,0,0,12
D10|ICE_CREAM_SHOP+BRUNCH_SPOT+YARN_STORE|LOW,10,ICE_CREAM_SHOP,BRUNCH_SPOT,YARN_STORE,LOW,11,1258,False,True,False,7,88,10,2,1,32,0,0,12
D10|ICE_CREAM_SHOP+BRUNCH_SPOT+YARN_STORE|BASE,10,ICE_CREAM_SHOP,BRUNCH_SPOT,YARN_STORE,BASE,11,1748,False,True,False,6,88,10,3,1,32,0,0,12
D10|ICE_CREAM_SHOP+BRUNCH_SPOT+YARN_STORE|HIGH,10,ICE_CREAM_SHOP,BRUNCH_SPOT,YARN_STORE,HIGH,12,2248,False,True,False,6,88,10,4,1,32,0,0,12
D10|ICE_CREAM_SHOP+BRUNCH_SPOT+ICE_CREAM_SHOP|LOW,10,ICE_CREAM_SHOP,BRUNCH_SPOT,ICE_CREAM_SHOP,LOW,11,1128,False,True,False,4,88,10,1,1,36,0,0,12
D10|ICE_CREAM_SHOP+BRUNCH_SPOT+ICE_CREAM_SHOP|BASE,10,ICE_CREAM_SHOP,BRUNCH_SPOT,ICE_CREAM_SHOP,BASE,11,1518,False,True,False,3,88,11,1,1,36,0,0,12
D10|ICE_CREAM_SHOP+BRUNCH_SPOT+ICE_CREAM_SHOP|HIGH,10,ICE_CREAM_SHOP,BRUNCH_SPOT,ICE_CREAM_SHOP,HIGH,12,1918,False,True,False,3,88,12,1,1,36,0,0,12
D10|ICE_CREAM_SHOP+BRUNCH_SPOT+PET_CAFE|LOW,10,ICE_CREAM_SHOP,BRUNCH_SPOT,PET_CAFE,LOW,11,888,False,True,False,0,88,10,1,1,32,10,0,12
D10|ICE_CREAM_SHOP+BRUNCH_SPOT+PET_CAFE|BASE,10,ICE_CREAM_SHOP,BRUNCH_SPOT,PET_CAFE,BASE,11,968,False,True,False,0,88,10,1,1,32,14,0,12
D10|ICE_CREAM_SHOP+BRUNCH_SPOT+PET_CAFE|HIGH,10,ICE_CREAM_SHOP,BRUNCH_SPOT,PET_CAFE,HIGH,12,1048,False,True,False,0,88,10,1,1,32,18,0,12
D10|ICE_CREAM_SHOP+BRUNCH_SPOT+SMOOTHIE_SHOP|LOW,10,ICE_CREAM_SHOP,BRUNCH_SPOT,SMOOTHIE_SHOP,LOW,11,1128,False,True,False,4,88,10,1,1,36,0,0,12
D10|ICE_CREAM_SHOP+BRUNCH_SPOT+SMOOTHIE_SHOP|BASE,10,ICE_CREAM_SHOP,BRUNCH_SPOT,SMOOTHIE_SHOP,BASE,11,1518,False,True,False,3,88,11,1,1,36,0,0,12
D10|ICE_CREAM_SHOP+BRUNCH_SPOT+SMOOTHIE_SHOP|HIGH,10,ICE_CREAM_SHOP,BRUNCH_SPOT,SMOOTHIE_SHOP,HIGH,12,1918,False,True,False,3,88,12,1,1,36,0,0,12
D10|ICE_CREAM_SHOP+BRUNCH_SPOT+FARMERS_MARKET|LOW,10,ICE_CREAM_SHOP,BRUNCH_SPOT,FARMERS_MARKET,LOW,11,1008,False,True,False,0,88,10,1,1,34,6,0,12
D10|ICE_CREAM_SHOP+BRUNCH_SPOT+FARMERS_MARKET|BASE,10,ICE_CREAM_SHOP,BRUNCH_SPOT,FARMERS_MARKET,BASE,11,1208,False,True,False,0,88,10,1,1,36,6,0,12
D10|ICE_CREAM_SHOP+BRUNCH_SPOT+FARMERS_MARKET|HIGH,10,ICE_CREAM_SHOP,BRUNCH_SPOT,FARMERS_MARKET,HIGH,12,1408,False,True,False,0,88,10,1,1,38,6,0,12
D10|ICE_CREAM_SHOP+YARN_STORE+BAKERY|LOW,10,ICE_CREAM_SHOP,YARN_STORE,BAKERY,LOW,11,1048,False,True,False,6,88,10,6,1,24,0,0,12
D10|ICE_CREAM_SHOP+YARN_STORE+BAKERY|BASE,10,ICE_CREAM_SHOP,YARN_STORE,BAKERY,BASE,11,1048,False,True,False,6,88,10,6,1,24,0,0,12
D10|ICE_CREAM_SHOP+YARN_STORE+BAKERY|HIGH,10,ICE_CREAM_SHOP,YARN_STORE,BAKERY,HIGH,12,1348,False,True,False,6,88,10,6,2,24,0,0,12
D10|ICE_CREAM_SHOP+YARN_STORE+PIZZA_SHOP|LOW,10,ICE_CREAM_SHOP,YARN_STORE,PIZZA_SHOP,LOW,11,1288,False,True,False,0,88,10,6,1,24,0,6,12
D10|ICE_CREAM_SHOP+YARN_STORE+PIZZA_SHOP|BASE,10,ICE_CREAM_SHOP,YARN_STORE,PIZZA_SHOP,BASE,11,1688,False,True,False,0,88,11,6,1,24,0,6,12
D10|ICE_CREAM_SHOP+YARN_STORE+PIZZA_SHOP|HIGH,10,ICE_CREAM_SHOP,YARN_STORE,PIZZA_SHOP,HIGH,12,2088,False,True,False,0,88,12,6,1,24,0,6,12
D10|ICE_CREAM_SHOP+YARN_STORE+BRUNCH_SPOT|LOW,10,ICE_CREAM_SHOP,YARN_STORE,BRUNCH_SPOT,LOW,11,1788,False,True,False,0,88,10,6,1,32,0,0,12
D10|ICE_CREAM_SHOP+YARN_STORE+BRUNCH_SPOT|BASE,10,ICE_CREAM_SHOP,YARN_STORE,BRUNCH_SPOT,BASE,11,1788,False,True,False,0,88,10,6,1,32,0,0,12
D10|ICE_CREAM_SHOP+YARN_STORE+BRUNCH_SPOT|HIGH,10,ICE_CREAM_SHOP,YARN_STORE,BRUNCH_SPOT,HIGH,12,2088,False,True,False,0,88,10,6,2,32,0,0,12
D10|ICE_CREAM_SHOP+YARN_STORE+YARN_STORE|LOW,10,ICE_CREAM_SHOP,YARN_STORE,YARN_STORE,LOW,11,1538,False,True,False,5,88,10,7,1,24,0,0,12
D10|ICE_CREAM_SHOP+YARN_STORE+YARN_STORE|BASE,10,ICE_CREAM_SHOP,YARN_STORE,YARN_STORE,BASE,11,2028,False,True,False,4,88,10,8,1,24,0,0,12
D10|ICE_CREAM_SHOP+YARN_STORE+YARN_STORE|HIGH,10,ICE_CREAM_SHOP,YARN_STORE,YARN_STORE,HIGH,12,2228,False,True,False,4,88,10,8,1,26,0,0,12
D10|ICE_CREAM_SHOP+YARN_STORE+ICE_CREAM_SHOP|LOW,10,ICE_CREAM_SHOP,YARN_STORE,ICE_CREAM_SHOP,LOW,11,1788,False,True,False,0,88,10,6,1,32,0,0,12
D10|ICE_CREAM_SHOP+YARN_STORE+ICE_CREAM_SHOP|BASE,10,ICE_CREAM_SHOP,YARN_STORE,ICE_CREAM_SHOP,BASE,11,2188,False,True,False,0,88,11,6,1,32,0,0,12
D10|ICE_CREAM_SHOP+YARN_STORE+ICE_CREAM_SHOP|HIGH,10,ICE_CREAM_SHOP,YARN_STORE,ICE_CREAM_SHOP,HIGH,12,2588,False,True,False,0,88,12,6,1,32,0,0,12
D10|ICE_CREAM_SHOP+YARN_STORE+PET_CAFE|LOW,10,ICE_CREAM_SHOP,YARN_STORE,PET_CAFE,LOW,11,1188,False,True,False,0,88,10,6,1,24,10,0,12
D10|ICE_CREAM_SHOP+YARN_STORE+PET_CAFE|BASE,10,ICE_CREAM_SHOP,YARN_STORE,PET_CAFE,BASE,11,1268,False,True,False,0,88,10,6,1,24,14,0,12
D10|ICE_CREAM_SHOP+YARN_STORE+PET_CAFE|HIGH,10,ICE_CREAM_SHOP,YARN_STORE,PET_CAFE,HIGH,12,1348,False,True,False,0,88,10,6,1,24,18,0,12
D10|ICE_CREAM_SHOP+YARN_STORE+SMOOTHIE_SHOP|LOW,10,ICE_CREAM_SHOP,YARN_STORE,SMOOTHIE_SHOP,LOW,11,1788,False,True,False,0,88,10,6,1,32,0,0,12
D10|ICE_CREAM_SHOP+YARN_STORE+SMOOTHIE_SHOP|BASE,10,ICE_CREAM_SHOP,YARN_STORE,SMOOTHIE_SHOP,BASE,11,2188,False,True,False,0,88,11,6,1,32,0,0,12
D10|ICE_CREAM_SHOP+YARN_STORE+SMOOTHIE_SHOP|HIGH,10,ICE_CREAM_SHOP,YARN_STORE,SMOOTHIE_SHOP,HIGH,12,2588,False,True,False,0,88,12,6,1,32,0,0,12
D10|ICE_CREAM_SHOP+YARN_STORE+FARMERS_MARKET|LOW,10,ICE_CREAM_SHOP,YARN_STORE,FARMERS_MARKET,LOW,11,1708,False,True,False,0,88,10,6,1,30,6,0,12
D10|ICE_CREAM_SHOP+YARN_STORE+FARMERS_MARKET|BASE,10,ICE_CREAM_SHOP,YARN_STORE,FARMERS_MARKET,BASE,11,1908,False,True,False,0,88,10,6,1,32,6,0,12
D10|ICE_CREAM_SHOP+YARN_STORE+FARMERS_MARKET|HIGH,10,ICE_CREAM_SHOP,YARN_STORE,FARMERS_MARKET,HIGH,12,2108,False,True,False,0,88,10,6,1,34,6,0,12
D10|ICE_CREAM_SHOP+ICE_CREAM_SHOP+BAKERY|LOW,10,ICE_CREAM_SHOP,ICE_CREAM_SHOP,BAKERY,LOW,11,768,False,True,False,8,88,11,1,1,32,0,0,12
D10|ICE_CREAM_SHOP+ICE_CREAM_SHOP+BAKERY|BASE,10,ICE_CREAM_SHOP,ICE_CREAM_SHOP,BAKERY,BASE,11,768,False,True,False,8,88,11,1,1,32,0,0,12
D10|ICE_CREAM_SHOP+ICE_CREAM_SHOP+BAKERY|HIGH,10,ICE_CREAM_SHOP,ICE_CREAM_SHOP,BAKERY,HIGH,12,1068,False,True,False,8,88,11,1,2,32,0,0,12
D10|ICE_CREAM_SHOP+ICE_CREAM_SHOP+PIZZA_SHOP|LOW,10,ICE_CREAM_SHOP,ICE_CREAM_SHOP,PIZZA_SHOP,LOW,11,1008,False,True,False,2,88,11,1,1,32,0,6,12
D10|ICE_CREAM_SHOP+ICE_CREAM_SHOP+PIZZA_SHOP|BASE,10,ICE_CREAM_SHOP,ICE_CREAM_SHOP,PIZZA_SHOP,BASE,11,1398,False,True,False,1,88,12,1,1,32,0,6,12
D10|ICE_CREAM_SHOP+ICE_CREAM_SHOP+PIZZA_SHOP|HIGH,10,ICE_CREAM_SHOP,ICE_CREAM_SHOP,PIZZA_SHOP,HIGH,12,1798,False,True,False,1,88,13,1,1,32,0,6,12
D10|ICE_CREAM_SHOP+ICE_CREAM_SHOP+BRUNCH_SPOT|LOW,10,ICE_CREAM_SHOP,ICE_CREAM_SHOP,BRUNCH_SPOT,LOW,11,1128,False,True,False,4,88,11,1,1,36,0,0,12
D10|ICE_CREAM_SHOP+ICE_CREAM_SHOP+BRUNCH_SPOT|BASE,10,ICE_CREAM_SHOP,ICE_CREAM_SHOP,BRUNCH_SPOT,BASE,11,1128,False,True,False,4,88,11,1,1,36,0,0,12
D10|ICE_CREAM_SHOP+ICE_CREAM_SHOP+BRUNCH_SPOT|HIGH,10,ICE_CREAM_SHOP,ICE_CREAM_SHOP,BRUNCH_SPOT,HIGH,12,1428,False,True,False,4,88,11,1,2,36,0,0,12
D10|ICE_CREAM_SHOP+ICE_CREAM_SHOP+YARN_STORE|LOW,10,ICE_CREAM_SHOP,ICE_CREAM_SHOP,YARN_STORE,LOW,11,1258,False,True,False,7,88,11,2,1,32,0,0,12
D10|ICE_CREAM_SHOP+ICE_CREAM_SHOP+YARN_STORE|BASE,10,ICE_CREAM_SHOP,ICE_CREAM_SHOP,YARN_STORE,BASE,11,1748,False,True,False,6,88,11,3,1,32,0,0,12
D10|ICE_CREAM_SHOP+ICE_CREAM_SHOP+YARN_STORE|HIGH,10,ICE_CREAM_SHOP,ICE_CREAM_SHOP,YARN_STORE,HIGH,12,2248,False,True,False,6,88,11,4,1,32,0,0,12
D10|ICE_CREAM_SHOP+ICE_CREAM_SHOP+ICE_CREAM_SHOP|LOW,10,ICE_CREAM_SHOP,ICE_CREAM_SHOP,ICE_CREAM_SHOP,LOW,11,1128,False,True,False,4,88,11,1,1,36,0,0,12
D10|ICE_CREAM_SHOP+ICE_CREAM_SHOP+ICE_CREAM_SHOP|BASE,10,ICE_CREAM_SHOP,ICE_CREAM_SHOP,ICE_CREAM_SHOP,BASE,11,1518,False,True,False,3,88,12,1,1,36,0,0,12
D10|ICE_CREAM_SHOP+ICE_CREAM_SHOP+ICE_CREAM_SHOP|HIGH,10,ICE_CREAM_SHOP,ICE_CREAM_SHOP,ICE_CREAM_SHOP,HIGH,12,1918,False,True,False,3,88,13,1,1,36,0,0,12
D10|ICE_CREAM_SHOP+ICE_CREAM_SHOP+PET_CAFE|LOW,10,ICE_CREAM_SHOP,ICE_CREAM_SHOP,PET_CAFE,LOW,11,888,False,True,False,0,88,11,1,1,32,10,0,12
D10|ICE_CREAM_SHOP+ICE_CREAM_SHOP+PET_CAFE|BASE,10,ICE_CREAM_SHOP,ICE_CREAM_SHOP,PET_CAFE,BASE,11,968,False,True,False,0,88,11,1,1,32,14,0,12
D10|ICE_CREAM_SHOP+ICE_CREAM_SHOP+PET_CAFE|HIGH,10,ICE_CREAM_SHOP,ICE_CREAM_SHOP,PET_CAFE,HIGH,12,1048,False,True,False,0,88,11,1,1,32,18,0,12
D10|ICE_CREAM_SHOP+ICE_CREAM_SHOP+SMOOTHIE_SHOP|LOW,10,ICE_CREAM_SHOP,ICE_CREAM_SHOP,SMOOTHIE_SHOP,LOW,11,1128,False,True,False,4,88,11,1,1,36,0,0,12
D10|ICE_CREAM_SHOP+ICE_CREAM_SHOP+SMOOTHIE_SHOP|BASE,10,ICE_CREAM_SHOP,ICE_CREAM_SHOP,SMOOTHIE_SHOP,BASE,11,1518,False,True,False,3,88,12,1,1,36,0,0,12
D10|ICE_CREAM_SHOP+ICE_CREAM_SHOP+SMOOTHIE_SHOP|HIGH,10,ICE_CREAM_SHOP,ICE_CREAM_SHOP,SMOOTHIE_SHOP,HIGH,12,1918,False,True,False,3,88,13,1,1,36,0,0,12
D10|ICE_CREAM_SHOP+ICE_CREAM_SHOP+FARMERS_MARKET|LOW,10,ICE_CREAM_SHOP,ICE_CREAM_SHOP,FARMERS_MARKET,LOW,11,1008,False,True,False,0,88,11,1,1,34,6,0,12
D10|ICE_CREAM_SHOP+ICE_CREAM_SHOP+FARMERS_MARKET|BASE,10,ICE_CREAM_SHOP,ICE_CREAM_SHOP,FARMERS_MARKET,BASE,11,1208,False,True,False,0,88,11,1,1,36,6,0,12
D10|ICE_CREAM_SHOP+ICE_CREAM_SHOP+FARMERS_MARKET|HIGH,10,ICE_CREAM_SHOP,ICE_CREAM_SHOP,FARMERS_MARKET,HIGH,12,1408,False,True,False,0,88,11,1,1,38,6,0,12
D10|ICE_CREAM_SHOP+PET_CAFE+BAKERY|LOW,10,ICE_CREAM_SHOP,PET_CAFE,BAKERY,LOW,11,588,False,True,False,10,88,10,1,1,24,14,0,12
D10|ICE_CREAM_SHOP+PET_CAFE+BAKERY|BASE,10,ICE_CREAM_SHOP,PET_CAFE,BAKERY,BASE,11,588,False,True,False,10,88,10,1,1,24,14,0,12
D10|ICE_CREAM_SHOP+PET_CAFE+BAKERY|HIGH,10,ICE_CREAM_SHOP,PET_CAFE,BAKERY,HIGH,12,888,False,True,False,10,88,10,1,2,24,14,0,12
D10|ICE_CREAM_SHOP+PET_CAFE+PIZZA_SHOP|LOW,10,ICE_CREAM_SHOP,PET_CAFE,PIZZA_SHOP,LOW,11,828,False,True,False,4,88,10,1,1,24,14,6,12
D10|ICE_CREAM_SHOP+PET_CAFE+PIZZA_SHOP|BASE,10,ICE_CREAM_SHOP,PET_CAFE,PIZZA_SHOP,BASE,11,1218,False,True,False,3,88,11,1,1,24,14,6,12
D10|ICE_CREAM_SHOP+PET_CAFE+PIZZA_SHOP|HIGH,10,ICE_CREAM_SHOP,PET_CAFE,PIZZA_SHOP,HIGH,12,1618,False,True,False,3,88,12,1,1,24,14,6,12
D10|ICE_CREAM_SHOP+PET_CAFE+BRUNCH_SPOT|LOW,10,ICE_CREAM_SHOP,PET_CAFE,BRUNCH_SPOT,LOW,11,1308,False,True,False,2,88,10,1,1,32,14,0,12
D10|ICE_CREAM_SHOP+PET_CAFE+BRUNCH_SPOT|BASE,10,ICE_CREAM_SHOP,PET_CAFE,BRUNCH_SPOT,BASE,11,1308,False,True,False,2,88,10,1,1,32,14,0,12
D10|ICE_CREAM_SHOP+PET_CAFE+BRUNCH_SPOT|HIGH,10,ICE_CREAM_SHOP,PET_CAFE,BRUNCH_SPOT,HIGH,12,1608,False,True,False,2,88,10,1,2,32,14,0,12
D10|ICE_CREAM_SHOP+PET_CAFE+YARN_STORE|LOW,10,ICE_CREAM_SHOP,PET_CAFE,YARN_STORE,LOW,11,1078,False,True,False,9,88,10,2,1,24,14,0,12
D10|ICE_CREAM_SHOP+PET_CAFE+YARN_STORE|BASE,10,ICE_CREAM_SHOP,PET_CAFE,YARN_STORE,BASE,11,1568,False,True,False,8,88,10,3,1,24,14,0,12
D10|ICE_CREAM_SHOP+PET_CAFE+YARN_STORE|HIGH,10,ICE_CREAM_SHOP,PET_CAFE,YARN_STORE,HIGH,12,2068,False,True,False,8,88,10,4,1,24,14,0,12
D10|ICE_CREAM_SHOP+PET_CAFE+ICE_CREAM_SHOP|LOW,10,ICE_CREAM_SHOP,PET_CAFE,ICE_CREAM_SHOP,LOW,11,1308,False,True,False,2,88,10,1,1,32,14,0,12
D10|ICE_CREAM_SHOP+PET_CAFE+ICE_CREAM_SHOP|BASE,10,ICE_CREAM_SHOP,PET_CAFE,ICE_CREAM_SHOP,BASE,11,1698,False,True,False,1,88,11,1,1,32,14,0,12
D10|ICE_CREAM_SHOP+PET_CAFE+ICE_CREAM_SHOP|HIGH,10,ICE_CREAM_SHOP,PET_CAFE,ICE_CREAM_SHOP,HIGH,12,2098,False,True,False,1,88,12,1,1,32,14,0,12
D10|ICE_CREAM_SHOP+PET_CAFE+PET_CAFE|LOW,10,ICE_CREAM_SHOP,PET_CAFE,PET_CAFE,LOW,11,648,False,True,False,4,88,10,1,1,24,20,0,12
D10|ICE_CREAM_SHOP+PET_CAFE+PET_CAFE|BASE,10,ICE_CREAM_SHOP,PET_CAFE,PET_CAFE,BASE,11,688,False,True,False,0,88,10,1,1,24,24,0,12
D10|ICE_CREAM_SHOP+PET_CAFE+PET_CAFE|HIGH,10,ICE_CREAM_SHOP,PET_CAFE,PET_CAFE,HIGH,11,688,False,True,True,0,88,10,1,1,24,24,0,12
D10|ICE_CREAM_SHOP+PET_CAFE+SMOOTHIE_SHOP|LOW,10,ICE_CREAM_SHOP,PET_CAFE,SMOOTHIE_SHOP,LOW,11,1308,False,True,False,2,88,10,1,1,32,14,0,12
D10|ICE_CREAM_SHOP+PET_CAFE+SMOOTHIE_SHOP|BASE,10,ICE_CREAM_SHOP,PET_CAFE,SMOOTHIE_SHOP,BASE,11,1698,False,True,False,1,88,11,1,1,32,14,0,12
D10|ICE_CREAM_SHOP+PET_CAFE+SMOOTHIE_SHOP|HIGH,10,ICE_CREAM_SHOP,PET_CAFE,SMOOTHIE_SHOP,HIGH,12,2098,False,True,False,1,88,12,1,1,32,14,0,12
D10|ICE_CREAM_SHOP+PET_CAFE+FARMERS_MARKET|LOW,10,ICE_CREAM_SHOP,PET_CAFE,FARMERS_MARKET,LOW,11,1168,False,True,False,0,88,10,1,1,30,18,0,12
D10|ICE_CREAM_SHOP+PET_CAFE+FARMERS_MARKET|BASE,10,ICE_CREAM_SHOP,PET_CAFE,FARMERS_MARKET,BASE,11,1368,False,True,False,0,88,10,1,1,32,18,0,12
D10|ICE_CREAM_SHOP+PET_CAFE+FARMERS_MARKET|HIGH,10,ICE_CREAM_SHOP,PET_CAFE,FARMERS_MARKET,HIGH,11,1368,False,True,True,0,88,10,1,1,32,18,0,12
D10|ICE_CREAM_SHOP+SMOOTHIE_SHOP+BAKERY|LOW,10,ICE_CREAM_SHOP,SMOOTHIE_SHOP,BAKERY,LOW,11,768,False,True,False,8,88,11,1,1,32,0,0,12
D10|ICE_CREAM_SHOP+SMOOTHIE_SHOP+BAKERY|BASE,10,ICE_CREAM_SHOP,SMOOTHIE_SHOP,BAKERY,BASE,11,768,False,True,False,8,88,11,1,1,32,0,0,12
D10|ICE_CREAM_SHOP+SMOOTHIE_SHOP+BAKERY|HIGH,10,ICE_CREAM_SHOP,SMOOTHIE_SHOP,BAKERY,HIGH,12,1068,False,True,False,8,88,11,1,2,32,0,0,12
D10|ICE_CREAM_SHOP+SMOOTHIE_SHOP+PIZZA_SHOP|LOW,10,ICE_CREAM_SHOP,SMOOTHIE_SHOP,PIZZA_SHOP,LOW,11,1008,False,True,False,2,88,11,1,1,32,0,6,12
D10|ICE_CREAM_SHOP+SMOOTHIE_SHOP+PIZZA_SHOP|BASE,10,ICE_CREAM_SHOP,SMOOTHIE_SHOP,PIZZA_SHOP,BASE,11,1398,False,True,False,1,88,12,1,1,32,0,6,12
D10|ICE_CREAM_SHOP+SMOOTHIE_SHOP+PIZZA_SHOP|HIGH,10,ICE_CREAM_SHOP,SMOOTHIE_SHOP,PIZZA_SHOP,HIGH,12,1798,False,True,False,1,88,13,1,1,32,0,6,12
D10|ICE_CREAM_SHOP+SMOOTHIE_SHOP+BRUNCH_SPOT|LOW,10,ICE_CREAM_SHOP,SMOOTHIE_SHOP,BRUNCH_SPOT,LOW,11,1128,False,True,False,4,88,11,1,1,36,0,0,12
D10|ICE_CREAM_SHOP+SMOOTHIE_SHOP+BRUNCH_SPOT|BASE,10,ICE_CREAM_SHOP,SMOOTHIE_SHOP,BRUNCH_SPOT,BASE,11,1128,False,True,False,4,88,11,1,1,36,0,0,12
D10|ICE_CREAM_SHOP+SMOOTHIE_SHOP+BRUNCH_SPOT|HIGH,10,ICE_CREAM_SHOP,SMOOTHIE_SHOP,BRUNCH_SPOT,HIGH,12,1428,False,True,False,4,88,11,1,2,36,0,0,12
D10|ICE_CREAM_SHOP+SMOOTHIE_SHOP+YARN_STORE|LOW,10,ICE_CREAM_SHOP,SMOOTHIE_SHOP,YARN_STORE,LOW,11,1258,False,True,False,7,88,11,2,1,32,0,0,12
D10|ICE_CREAM_SHOP+SMOOTHIE_SHOP+YARN_STORE|BASE,10,ICE_CREAM_SHOP,SMOOTHIE_SHOP,YARN_STORE,BASE,11,1748,False,True,False,6,88,11,3,1,32,0,0,12
D10|ICE_CREAM_SHOP+SMOOTHIE_SHOP+YARN_STORE|HIGH,10,ICE_CREAM_SHOP,SMOOTHIE_SHOP,YARN_STORE,HIGH,12,2248,False,True,False,6,88,11,4,1,32,0,0,12
D10|ICE_CREAM_SHOP+SMOOTHIE_SHOP+ICE_CREAM_SHOP|LOW,10,ICE_CREAM_SHOP,SMOOTHIE_SHOP,ICE_CREAM_SHOP,LOW,11,1128,False,True,False,4,88,11,1,1,36,0,0,12
D10|ICE_CREAM_SHOP+SMOOTHIE_SHOP+ICE_CREAM_SHOP|BASE,10,ICE_CREAM_SHOP,SMOOTHIE_SHOP,ICE_CREAM_SHOP,BASE,11,1518,False,True,False,3,88,12,1,1,36,0,0,12
D10|ICE_CREAM_SHOP+SMOOTHIE_SHOP+ICE_CREAM_SHOP|HIGH,10,ICE_CREAM_SHOP,SMOOTHIE_SHOP,ICE_CREAM_SHOP,HIGH,12,1918,False,True,False,3,88,13,1,1,36,0,0,12
D10|ICE_CREAM_SHOP+SMOOTHIE_SHOP+PET_CAFE|LOW,10,ICE_CREAM_SHOP,SMOOTHIE_SHOP,PET_CAFE,LOW,11,888,False,True,False,0,88,11,1,1,32,10,0,12
D10|ICE_CREAM_SHOP+SMOOTHIE_SHOP+PET_CAFE|BASE,10,ICE_CREAM_SHOP,SMOOTHIE_SHOP,PET_CAFE,BASE,11,968,False,True,False,0,88,11,1,1,32,14,0,12
D10|ICE_CREAM_SHOP+SMOOTHIE_SHOP+PET_CAFE|HIGH,10,ICE_CREAM_SHOP,SMOOTHIE_SHOP,PET_CAFE,HIGH,12,1048,False,True,False,0,88,11,1,1,32,18,0,12
D10|ICE_CREAM_SHOP+SMOOTHIE_SHOP+SMOOTHIE_SHOP|LOW,10,ICE_CREAM_SHOP,SMOOTHIE_SHOP,SMOOTHIE_SHOP,LOW,11,1128,False,True,False,4,88,11,1,1,36,0,0,12
D10|ICE_CREAM_SHOP+SMOOTHIE_SHOP+SMOOTHIE_SHOP|BASE,10,ICE_CREAM_SHOP,SMOOTHIE_SHOP,SMOOTHIE_SHOP,BASE,11,1518,False,True,False,3,88,12,1,1,36,0,0,12
D10|ICE_CREAM_SHOP+SMOOTHIE_SHOP+SMOOTHIE_SHOP|HIGH,10,ICE_CREAM_SHOP,SMOOTHIE_SHOP,SMOOTHIE_SHOP,HIGH,12,1918,False,True,False,3,88,13,1,1,36,0,0,12
D10|ICE_CREAM_SHOP+SMOOTHIE_SHOP+FARMERS_MARKET|LOW,10,ICE_CREAM_SHOP,SMOOTHIE_SHOP,FARMERS_MARKET,LOW,11,1008,False,True,False,0,88,11,1,1,34,6,0,12
D10|ICE_CREAM_SHOP+SMOOTHIE_SHOP+FARMERS_MARKET|BASE,10,ICE_CREAM_SHOP,SMOOTHIE_SHOP,FARMERS_MARKET,BASE,11,1208,False,True,False,0,88,11,1,1,36,6,0,12
D10|ICE_CREAM_SHOP+SMOOTHIE_SHOP+FARMERS_MARKET|HIGH,10,ICE_CREAM_SHOP,SMOOTHIE_SHOP,FARMERS_MARKET,HIGH,12,1408,False,True,False,0,88,11,1,1,38,6,0,12
D10|ICE_CREAM_SHOP+FARMERS_MARKET+BAKERY|LOW,10,ICE_CREAM_SHOP,FARMERS_MARKET,BAKERY,LOW,11,768,False,True,False,8,88,10,1,1,32,6,0,12
D10|ICE_CREAM_SHOP+FARMERS_MARKET+BAKERY|BASE,10,ICE_CREAM_SHOP,FARMERS_MARKET,BAKERY,BASE,11,768,False,True,False,8,88,10,1,1,32,6,0,12
D10|ICE_CREAM_SHOP+FARMERS_MARKET+BAKERY|HIGH,10,ICE_CREAM_SHOP,FARMERS_MARKET,BAKERY,HIGH,12,1068,False,True,False,8,88,10,1,2,32,6,0,12
D10|ICE_CREAM_SHOP+FARMERS_MARKET+PIZZA_SHOP|LOW,10,ICE_CREAM_SHOP,FARMERS_MARKET,PIZZA_SHOP,LOW,11,1008,False,True,False,2,88,10,1,1,32,6,6,12
D10|ICE_CREAM_SHOP+FARMERS_MARKET+PIZZA_SHOP|BASE,10,ICE_CREAM_SHOP,FARMERS_MARKET,PIZZA_SHOP,BASE,11,1398,False,True,False,1,88,11,1,1,32,6,6,12
D10|ICE_CREAM_SHOP+FARMERS_MARKET+PIZZA_SHOP|HIGH,10,ICE_CREAM_SHOP,FARMERS_MARKET,PIZZA_SHOP,HIGH,12,1798,False,True,False,1,88,12,1,1,32,6,6,12
D10|ICE_CREAM_SHOP+FARMERS_MARKET+BRUNCH_SPOT|LOW,10,ICE_CREAM_SHOP,FARMERS_MARKET,BRUNCH_SPOT,LOW,11,1128,False,True,False,4,88,10,1,1,36,6,0,12
D10|ICE_CREAM_SHOP+FARMERS_MARKET+BRUNCH_SPOT|BASE,10,ICE_CREAM_SHOP,FARMERS_MARKET,BRUNCH_SPOT,BASE,11,1128,False,True,False,4,88,10,1,1,36,6,0,12
D10|ICE_CREAM_SHOP+FARMERS_MARKET+BRUNCH_SPOT|HIGH,10,ICE_CREAM_SHOP,FARMERS_MARKET,BRUNCH_SPOT,HIGH,12,1428,False,True,False,4,88,10,1,2,36,6,0,12
D10|ICE_CREAM_SHOP+FARMERS_MARKET+YARN_STORE|LOW,10,ICE_CREAM_SHOP,FARMERS_MARKET,YARN_STORE,LOW,11,1258,False,True,False,7,88,10,2,1,32,6,0,12
D10|ICE_CREAM_SHOP+FARMERS_MARKET+YARN_STORE|BASE,10,ICE_CREAM_SHOP,FARMERS_MARKET,YARN_STORE,BASE,11,1748,False,True,False,6,88,10,3,1,32,6,0,12
D10|ICE_CREAM_SHOP+FARMERS_MARKET+YARN_STORE|HIGH,10,ICE_CREAM_SHOP,FARMERS_MARKET,YARN_STORE,HIGH,12,2248,False,True,False,6,88,10,4,1,32,6,0,12
D10|ICE_CREAM_SHOP+FARMERS_MARKET+ICE_CREAM_SHOP|LOW,10,ICE_CREAM_SHOP,FARMERS_MARKET,ICE_CREAM_SHOP,LOW,11,1128,False,True,False,4,88,10,1,1,36,6,0,12
D10|ICE_CREAM_SHOP+FARMERS_MARKET+ICE_CREAM_SHOP|BASE,10,ICE_CREAM_SHOP,FARMERS_MARKET,ICE_CREAM_SHOP,BASE,11,1518,False,True,False,3,88,11,1,1,36,6,0,12
D10|ICE_CREAM_SHOP+FARMERS_MARKET+ICE_CREAM_SHOP|HIGH,10,ICE_CREAM_SHOP,FARMERS_MARKET,ICE_CREAM_SHOP,HIGH,12,1918,False,True,False,3,88,12,1,1,36,6,0,12
D10|ICE_CREAM_SHOP+FARMERS_MARKET+PET_CAFE|LOW,10,ICE_CREAM_SHOP,FARMERS_MARKET,PET_CAFE,LOW,11,848,False,True,False,0,88,10,1,1,32,14,0,12
D10|ICE_CREAM_SHOP+FARMERS_MARKET+PET_CAFE|BASE,10,ICE_CREAM_SHOP,FARMERS_MARKET,PET_CAFE,BASE,11,928,False,True,False,0,88,10,1,1,32,18,0,12
D10|ICE_CREAM_SHOP+FARMERS_MARKET+PET_CAFE|HIGH,10,ICE_CREAM_SHOP,FARMERS_MARKET,PET_CAFE,HIGH,11,928,False,True,True,0,88,10,1,1,32,18,0,12
D10|ICE_CREAM_SHOP+FARMERS_MARKET+SMOOTHIE_SHOP|LOW,10,ICE_CREAM_SHOP,FARMERS_MARKET,SMOOTHIE_SHOP,LOW,11,1128,False,True,False,4,88,10,1,1,36,6,0,12
D10|ICE_CREAM_SHOP+FARMERS_MARKET+SMOOTHIE_SHOP|BASE,10,ICE_CREAM_SHOP,FARMERS_MARKET,SMOOTHIE_SHOP,BASE,11,1518,False,True,False,3,88,11,1,1,36,6,0,12
D10|ICE_CREAM_SHOP+FARMERS_MARKET+SMOOTHIE_SHOP|HIGH,10,ICE_CREAM_SHOP,FARMERS_MARKET,SMOOTHIE_SHOP,HIGH,12,1918,False,True,False,3,88,12,1,1,36,6,0,12
D10|ICE_CREAM_SHOP+FARMERS_MARKET+FARMERS_MARKET|LOW,10,ICE_CREAM_SHOP,FARMERS_MARKET,FARMERS_MARKET,LOW,11,948,False,True,False,6,88,10,1,1,34,6,0,12
D10|ICE_CREAM_SHOP+FARMERS_MARKET+FARMERS_MARKET|BASE,10,ICE_CREAM_SHOP,FARMERS_MARKET,FARMERS_MARKET,BASE,11,1128,False,True,False,4,88,10,1,1,36,6,0,12
D10|ICE_CREAM_SHOP+FARMERS_MARKET+FARMERS_MARKET|HIGH,10,ICE_CREAM_SHOP,FARMERS_MARKET,FARMERS_MARKET,HIGH,12,1328,False,True,False,4,88,10,1,1,38,6,0,12
D10|PET_CAFE+BAKERY+BAKERY|LOW,10,PET_CAFE,BAKERY,BAKERY,LOW,11,498,False,False,False,11,88,2,1,5,0,14,0,12
D10|PET_CAFE+BAKERY+BAKERY|BASE,10,PET_CAFE,BAKERY,BAKERY,BASE,11,788,False,False,False,10,88,2,1,6,0,14,0,12
D10|PET_CAFE+BAKERY+BAKERY|HIGH,10,PET_CAFE,BAKERY,BAKERY,HIGH,12,3328,True,True,False,34,88,2,1,7,0,14,0,12
D10|PET_CAFE+BAKERY+PIZZA_SHOP|LOW,10,PET_CAFE,BAKERY,PIZZA_SHOP,LOW,11,838,False,False,False,5,88,3,1,4,0,14,6,12
D10|PET_CAFE+BAKERY+PIZZA_SHOP|BASE,10,PET_CAFE,BAKERY,PIZZA_SHOP,BASE,11,1228,False,False,False,4,88,4,1,4,0,14,6,12
D10|PET_CAFE+BAKERY+PIZZA_SHOP|HIGH,10,PET_CAFE,BAKERY,PIZZA_SHOP,HIGH,12,1628,False,False,False,4,88,5,1,4,0,14,6,12
D10|PET_CAFE+BAKERY+BRUNCH_SPOT|LOW,10,PET_CAFE,BAKERY,BRUNCH_SPOT,LOW,11,3828,True,True,False,24,88,2,1,5,12,14,0,12
D10|PET_CAFE+BAKERY+BRUNCH_SPOT|BASE,10,PET_CAFE,BAKERY,BRUNCH_SPOT,BASE,11,4118,True,True,False,23,88,2,1,6,12,14,0,12
D10|PET_CAFE+BAKERY+BRUNCH_SPOT|HIGH,10,PET_CAFE,BAKERY,BRUNCH_SPOT,HIGH,12,4418,True,True,False,23,88,2,1,7,12,14,0,12
D10|PET_CAFE+BAKERY+YARN_STORE|LOW,10,PET_CAFE,BAKERY,YARN_STORE,LOW,11,698,False,False,False,11,88,2,2,4,0,14,0,12
D10|PET_CAFE+BAKERY+YARN_STORE|BASE,10,PET_CAFE,BAKERY,YARN_STORE,BASE,11,1188,False,False,False,10,88,2,3,4,0,14,0,12
D10|PET_CAFE+BAKERY+YARN_STORE|HIGH,10,PET_CAFE,BAKERY,YARN_STORE,HIGH,12,3928,True,True,False,34,88,2,4,4,0,14,0,12
D10|PET_CAFE+BAKERY+ICE_CREAM_SHOP|LOW,10,PET_CAFE,BAKERY,ICE_CREAM_SHOP,LOW,11,3928,True,True,False,24,88,3,1,4,12,14,0,12
D10|PET_CAFE+BAKERY+ICE_CREAM_SHOP|BASE,10,PET_CAFE,BAKERY,ICE_CREAM_SHOP,BASE,11,4318,True,True,False,23,88,4,1,4,12,14,0,12
D10|PET_CAFE+BAKERY+ICE_CREAM_SHOP|HIGH,10,PET_CAFE,BAKERY,ICE_CREAM_SHOP,HIGH,12,4718,True,True,False,23,88,5,1,4,12,14,0,12
D10|PET_CAFE+BAKERY+PET_CAFE|LOW,10,PET_CAFE,BAKERY,PET_CAFE,LOW,11,268,False,False,False,6,88,2,1,4,0,20,0,12
D10|PET_CAFE+BAKERY+PET_CAFE|BASE,10,PET_CAFE,BAKERY,PET_CAFE,BASE,11,2558,True,True,False,27,88,2,1,4,0,24,0,12
D10|PET_CAFE+BAKERY+PET_CAFE|HIGH,10,PET_CAFE,BAKERY,PET_CAFE,HIGH,12,2638,True,True,False,27,88,2,1,4,0,28,0,12
D10|PET_CAFE+BAKERY+SMOOTHIE_SHOP|LOW,10,PET_CAFE,BAKERY,SMOOTHIE_SHOP,LOW,11,3928,True,True,False,24,88,3,1,4,12,14,0,12
D10|PET_CAFE+BAKERY+SMOOTHIE_SHOP|BASE,10,PET_CAFE,BAKERY,SMOOTHIE_SHOP,BASE,11,4318,True,True,False,23,88,4,1,4,12,14,0,12
D10|PET_CAFE+BAKERY+SMOOTHIE_SHOP|HIGH,10,PET_CAFE,BAKERY,SMOOTHIE_SHOP,HIGH,12,4718,True,True,False,23,88,5,1,4,12,14,0,12
D10|PET_CAFE+BAKERY+FARMERS_MARKET|LOW,10,PET_CAFE,BAKERY,FARMERS_MARKET,LOW,11,3398,True,True,False,23,88,2,1,4,10,18,0,12
D10|PET_CAFE+BAKERY+FARMERS_MARKET|BASE,10,PET_CAFE,BAKERY,FARMERS_MARKET,BASE,11,3578,True,True,False,21,88,2,1,4,12,18,0,12
D10|PET_CAFE+BAKERY+FARMERS_MARKET|HIGH,10,PET_CAFE,BAKERY,FARMERS_MARKET,HIGH,12,3778,True,True,False,21,88,2,1,4,14,18,0,12
D10|PET_CAFE+PIZZA_SHOP+BAKERY|LOW,10,PET_CAFE,PIZZA_SHOP,BAKERY,LOW,11,558,False,True,False,7,88,7,1,3,0,14,8,12
D10|PET_CAFE+PIZZA_SHOP+BAKERY|BASE,10,PET_CAFE,PIZZA_SHOP,BAKERY,BASE,11,558,False,True,False,7,88,7,1,3,0,14,8,12
D10|PET_CAFE+PIZZA_SHOP+BAKERY|HIGH,10,PET_CAFE,PIZZA_SHOP,BAKERY,HIGH,12,858,False,True,False,7,88,7,1,4,0,14,8,12
D10|PET_CAFE+PIZZA_SHOP+PIZZA_SHOP|LOW,10,PET_CAFE,PIZZA_SHOP,PIZZA_SHOP,LOW,11,1108,False,True,False,2,88,8,1,3,0,14,12,12
D10|PET_CAFE+PIZZA_SHOP+PIZZA_SHOP|BASE,10,PET_CAFE,PIZZA_SHOP,PIZZA_SHOP,BASE,11,1498,False,True,False,1,88,9,1,3,0,14,12,12
D10|PET_CAFE+PIZZA_SHOP+PIZZA_SHOP|HIGH,10,PET_CAFE,PIZZA_SHOP,PIZZA_SHOP,HIGH,12,1598,False,True,False,1,88,9,1,3,0,14,14,12
D10|PET_CAFE+PIZZA_SHOP+BRUNCH_SPOT|LOW,10,PET_CAFE,PIZZA_SHOP,BRUNCH_SPOT,LOW,11,1688,False,True,False,0,88,7,1,3,12,14,8,12
D10|PET_CAFE+PIZZA_SHOP+BRUNCH_SPOT|BASE,10,PET_CAFE,PIZZA_SHOP,BRUNCH_SPOT,BASE,11,1688,False,True,False,0,88,7,1,3,12,14,8,12
D10|PET_CAFE+PIZZA_SHOP+BRUNCH_SPOT|HIGH,10,PET_CAFE,PIZZA_SHOP,BRUNCH_SPOT,HIGH,12,1988,False,True,False,0,88,7,1,4,12,14,8,12
D10|PET_CAFE+PIZZA_SHOP+YARN_STORE|LOW,10,PET_CAFE,PIZZA_SHOP,YARN_STORE,LOW,11,1048,False,True,False,6,88,7,2,3,0,14,8,12
D10|PET_CAFE+PIZZA_SHOP+YARN_STORE|BASE,10,PET_CAFE,PIZZA_SHOP,YARN_STORE,BASE,11,1538,False,True,False,5,88,7,3,3,0,14,8,12
D10|PET_CAFE+PIZZA_SHOP+YARN_STORE|HIGH,10,PET_CAFE,PIZZA_SHOP,YARN_STORE,HIGH,12,2038,False,True,False,5,88,7,4,3,0,14,8,12
D10|PET_CAFE+PIZZA_SHOP+ICE_CREAM_SHOP|LOW,10,PET_CAFE,PIZZA_SHOP,ICE_CREAM_SHOP,LOW,11,2088,False,True,False,0,88,8,1,3,12,14,8,12
D10|PET_CAFE+PIZZA_SHOP+ICE_CREAM_SHOP|BASE,10,PET_CAFE,PIZZA_SHOP,ICE_CREAM_SHOP,BASE,11,2488,False,True,False,0,88,9,1,3,12,14,8,12
D10|PET_CAFE+PIZZA_SHOP+ICE_CREAM_SHOP|HIGH,10,PET_CAFE,PIZZA_SHOP,ICE_CREAM_SHOP,HIGH,12,2688,False,True,False,0,88,9,1,3,14,14,8,12
D10|PET_CAFE+PIZZA_SHOP+PET_CAFE|LOW,10,PET_CAFE,PIZZA_SHOP,PET_CAFE,LOW,11,618,False,True,False,1,88,7,1,3,0,20,8,12
D10|PET_CAFE+PIZZA_SHOP+PET_CAFE|BASE,10,PET_CAFE,PIZZA_SHOP,PET_CAFE,BASE,11,688,False,True,False,0,88,7,1,3,0,24,8,12
D10|PET_CAFE+PIZZA_SHOP+PET_CAFE|HIGH,10,PET_CAFE,PIZZA_SHOP,PET_CAFE,HIGH,12,768,False,True,False,0,88,7,1,3,0,28,8,12
D10|PET_CAFE+PIZZA_SHOP+SMOOTHIE_SHOP|LOW,10,PET_CAFE,PIZZA_SHOP,SMOOTHIE_SHOP,LOW,11,2088,False,True,False,0,88,8,1,3,12,14,8,12
D10|PET_CAFE+PIZZA_SHOP+SMOOTHIE_SHOP|BASE,10,PET_CAFE,PIZZA_SHOP,SMOOTHIE_SHOP,BASE,11,2488,False,True,False,0,88,9,1,3,12,14,8,12
D10|PET_CAFE+PIZZA_SHOP+SMOOTHIE_SHOP|HIGH,10,PET_CAFE,PIZZA_SHOP,SMOOTHIE_SHOP,HIGH,12,2688,False,True,False,0,88,9,1,3,14,14,8,12
D10|PET_CAFE+PIZZA_SHOP+FARMERS_MARKET|LOW,10,PET_CAFE,PIZZA_SHOP,FARMERS_MARKET,LOW,11,1568,False,True,False,0,88,7,1,3,10,18,8,12
D10|PET_CAFE+PIZZA_SHOP+FARMERS_MARKET|BASE,10,PET_CAFE,PIZZA_SHOP,FARMERS_MARKET,BASE,11,1768,False,True,False,0,88,7,1,3,12,18,8,12
D10|PET_CAFE+PIZZA_SHOP+FARMERS_MARKET|HIGH,10,PET_CAFE,PIZZA_SHOP,FARMERS_MARKET,HIGH,12,1968,False,True,False,0,88,7,1,3,14,18,8,12
D10|PET_CAFE+BRUNCH_SPOT+BAKERY|LOW,10,PET_CAFE,BRUNCH_SPOT,BAKERY,LOW,11,698,False,True,False,11,88,2,1,5,24,14,0,12
D10|PET_CAFE+BRUNCH_SPOT+BAKERY|BASE,10,PET_CAFE,BRUNCH_SPOT,BAKERY,BASE,11,988,False,True,False,10,88,2,1,6,24,14,0,12
D10|PET_CAFE+BRUNCH_SPOT+BAKERY|HIGH,10,PET_CAFE,BRUNCH_SPOT,BAKERY,HIGH,12,1288,False,True,False,10,88,2,1,7,24,14,0,12
D10|PET_CAFE+BRUNCH_SPOT+PIZZA_SHOP|LOW,10,PET_CAFE,BRUNCH_SPOT,PIZZA_SHOP,LOW,11,1038,False,True,False,5,88,3,1,4,24,14,6,12
D10|PET_CAFE+BRUNCH_SPOT+PIZZA_SHOP|BASE,10,PET_CAFE,BRUNCH_SPOT,PIZZA_SHOP,BASE,11,1428,False,True,False,4,88,4,1,4,24,14,6,12
D10|PET_CAFE+BRUNCH_SPOT+PIZZA_SHOP|HIGH,10,PET_CAFE,BRUNCH_SPOT,PIZZA_SHOP,HIGH,12,1828,False,True,False,4,88,5,1,4,24,14,6,12
D10|PET_CAFE+BRUNCH_SPOT+BRUNCH_SPOT|LOW,10,PET_CAFE,BRUNCH_SPOT,BRUNCH_SPOT,LOW,11,1418,False,True,False,3,88,2,1,5,32,14,0,12
D10|PET_CAFE+BRUNCH_SPOT+BRUNCH_SPOT|BASE,10,PET_CAFE,BRUNCH_SPOT,BRUNCH_SPOT,BASE,11,1708,False,True,False,2,88,2,1,6,32,14,0,12
D10|PET_CAFE+BRUNCH_SPOT+BRUNCH_SPOT|HIGH,10,PET_CAFE,BRUNCH_SPOT,BRUNCH_SPOT,HIGH,12,2008,False,True,False,2,88,2,1,7,32,14,0,12
D10|PET_CAFE+BRUNCH_SPOT+YARN_STORE|LOW,10,PET_CAFE,BRUNCH_SPOT,YARN_STORE,LOW,11,898,False,True,False,11,88,2,2,4,24,14,0,12
D10|PET_CAFE+BRUNCH_SPOT+YARN_STORE|BASE,10,PET_CAFE,BRUNCH_SPOT,YARN_STORE,BASE,11,1388,False,True,False,10,88,2,3,4,24,14,0,12
D10|PET_CAFE+BRUNCH_SPOT+YARN_STORE|HIGH,10,PET_CAFE,BRUNCH_SPOT,YARN_STORE,HIGH,12,1888,False,True,False,10,88,2,4,4,24,14,0,12
D10|PET_CAFE+BRUNCH_SPOT+ICE_CREAM_SHOP|LOW,10,PET_CAFE,BRUNCH_SPOT,ICE_CREAM_SHOP,LOW,11,1518,False,True,False,3,88,3,1,4,32,14,0,12
D10|PET_CAFE+BRUNCH_SPOT+ICE_CREAM_SHOP|BASE,10,PET_CAFE,BRUNCH_SPOT,ICE_CREAM_SHOP,BASE,11,1908,False,True,False,2,88,4,1,4,32,14,0,12
D10|PET_CAFE+BRUNCH_SPOT+ICE_CREAM_SHOP|HIGH,10,PET_CAFE,BRUNCH_SPOT,ICE_CREAM_SHOP,HIGH,12,2308,False,True,False,2,88,5,1,4,32,14,0,12
D10|PET_CAFE+BRUNCH_SPOT+PET_CAFE|LOW,10,PET_CAFE,BRUNCH_SPOT,PET_CAFE,LOW,11,468,False,True,False,6,88,2,1,4,24,20,0,12
D10|PET_CAFE+BRUNCH_SPOT+PET_CAFE|BASE,10,PET_CAFE,BRUNCH_SPOT,PET_CAFE,BASE,11,508,False,True,False,2,88,2,1,4,24,24,0,12
D10|PET_CAFE+BRUNCH_SPOT+PET_CAFE|HIGH,10,PET_CAFE,BRUNCH_SPOT,PET_CAFE,HIGH,12,588,False,True,False,2,88,2,1,4,24,28,0,12
D10|PET_CAFE+BRUNCH_SPOT+SMOOTHIE_SHOP|LOW,10,PET_CAFE,BRUNCH_SPOT,SMOOTHIE_SHOP,LOW,11,1518,False,True,False,3,88,3,1,4,32,14,0,12
D10|PET_CAFE+BRUNCH_SPOT+SMOOTHIE_SHOP|BASE,10,PET_CAFE,BRUNCH_SPOT,SMOOTHIE_SHOP,BASE,11,1908,False,True,False,2,88,4,1,4,32,14,0,12
D10|PET_CAFE+BRUNCH_SPOT+SMOOTHIE_SHOP|HIGH,10,PET_CAFE,BRUNCH_SPOT,SMOOTHIE_SHOP,HIGH,12,2308,False,True,False,2,88,5,1,4,32,14,0,12
D10|PET_CAFE+BRUNCH_SPOT+FARMERS_MARKET|LOW,10,PET_CAFE,BRUNCH_SPOT,FARMERS_MARKET,LOW,11,988,False,True,False,2,88,2,1,4,30,18,0,12
D10|PET_CAFE+BRUNCH_SPOT+FARMERS_MARKET|BASE,10,PET_CAFE,BRUNCH_SPOT,FARMERS_MARKET,BASE,11,1168,False,True,False,0,88,2,1,4,32,18,0,12
D10|PET_CAFE+BRUNCH_SPOT+FARMERS_MARKET|HIGH,10,PET_CAFE,BRUNCH_SPOT,FARMERS_MARKET,HIGH,12,1368,False,True,False,0,88,2,1,4,34,18,0,12
D10|PET_CAFE+YARN_STORE+BAKERY|LOW,10,PET_CAFE,YARN_STORE,BAKERY,LOW,11,698,False,False,False,11,88,2,6,3,0,14,0,12
D10|PET_CAFE+YARN_STORE+BAKERY|BASE,10,PET_CAFE,YARN_STORE,BAKERY,BASE,11,698,False,False,False,11,88,2,6,3,0,14,0,12
D10|PET_CAFE+YARN_STORE+BAKERY|HIGH,10,PET_CAFE,YARN_STORE,BAKERY,HIGH,12,3238,True,True,False,35,88,2,6,4,0,14,0,12
D10|PET_CAFE+YARN_STORE+PIZZA_SHOP|LOW,10,PET_CAFE,YARN_STORE,PIZZA_SHOP,LOW,11,3578,True,True,False,29,88,3,6,3,0,14,6,12
D10|PET_CAFE+YARN_STORE+PIZZA_SHOP|BASE,10,PET_CAFE,YARN_STORE,PIZZA_SHOP,BASE,11,3968,True,True,False,28,88,4,6,3,0,14,6,12
D10|PET_CAFE+YARN_STORE+PIZZA_SHOP|HIGH,10,PET_CAFE,YARN_STORE,PIZZA_SHOP,HIGH,12,4368,True,True,False,28,88,5,6,3,0,14,6,12
D10|PET_CAFE+YARN_STORE+BRUNCH_SPOT|LOW,10,PET_CAFE,YARN_STORE,BRUNCH_SPOT,LOW,11,4028,True,True,False,24,88,2,6,3,12,14,0,12
D10|PET_CAFE+YARN_STORE+BRUNCH_SPOT|BASE,10,PET_CAFE,YARN_STORE,BRUNCH_SPOT,BASE,11,4028,True,True,False,24,88,2,6,3,12,14,0,12
D10|PET_CAFE+YARN_STORE+BRUNCH_SPOT|HIGH,10,PET_CAFE,YARN_STORE,BRUNCH_SPOT,HIGH,12,4328,True,True,False,24,88,2,6,4,12,14,0,12
D10|PET_CAFE+YARN_STORE+YARN_STORE|LOW,10,PET_CAFE,YARN_STORE,YARN_STORE,LOW,11,1188,False,False,False,10,88,2,7,3,0,14,0,12
D10|PET_CAFE+YARN_STORE+YARN_STORE|BASE,10,PET_CAFE,YARN_STORE,YARN_STORE,BASE,11,1678,False,False,False,9,88,2,8,3,0,14,0,12
D10|PET_CAFE+YARN_STORE+YARN_STORE|HIGH,10,PET_CAFE,YARN_STORE,YARN_STORE,HIGH,11,1678,False,False,True,9,88,2,8,3,0,14,0,12
D10|PET_CAFE+YARN_STORE+ICE_CREAM_SHOP|LOW,10,PET_CAFE,YARN_STORE,ICE_CREAM_SHOP,LOW,11,4418,True,True,False,23,88,3,6,3,12,14,0,12
D10|PET_CAFE+YARN_STORE+ICE_CREAM_SHOP|BASE,10,PET_CAFE,YARN_STORE,ICE_CREAM_SHOP,BASE,11,4808,True,True,False,22,88,4,6,3,12,14,0,12
D10|PET_CAFE+YARN_STORE+ICE_CREAM_SHOP|HIGH,10,PET_CAFE,YARN_STORE,ICE_CREAM_SHOP,HIGH,12,5208,True,True,False,22,88,5,6,3,12,14,0,12
D10|PET_CAFE+YARN_STORE+PET_CAFE|LOW,10,PET_CAFE,YARN_STORE,PET_CAFE,LOW,11,3008,True,True,False,30,88,2,6,3,0,20,0,12
D10|PET_CAFE+YARN_STORE+PET_CAFE|BASE,10,PET_CAFE,YARN_STORE,PET_CAFE,BASE,11,3048,True,True,False,26,88,2,6,3,0,24,0,12
D10|PET_CAFE+YARN_STORE+PET_CAFE|HIGH,10,PET_CAFE,YARN_STORE,PET_CAFE,HIGH,12,3128,True,True,False,26,88,2,6,3,0,28,0,12
D10|PET_CAFE+YARN_STORE+SMOOTHIE_SHOP|LOW,10,PET_CAFE,YARN_STORE,SMOOTHIE_SHOP,LOW,11,4418,True,True,False,23,88,3,6,3,12,14,0,12
D10|PET_CAFE+YARN_STORE+SMOOTHIE_SHOP|BASE,10,PET_CAFE,YARN_STORE,SMOOTHIE_SHOP,BASE,11,4808,True,True,False,22,88,4,6,3,12,14,0,12
D10|PET_CAFE+YARN_STORE+SMOOTHIE_SHOP|HIGH,10,PET_CAFE,YARN_STORE,SMOOTHIE_SHOP,HIGH,12,5208,True,True,False,22,88,5,6,3,12,14,0,12
D10|PET_CAFE+YARN_STORE+FARMERS_MARKET|LOW,10,PET_CAFE,YARN_STORE,FARMERS_MARKET,LOW,11,3888,True,True,False,22,88,2,6,3,10,18,0,12
D10|PET_CAFE+YARN_STORE+FARMERS_MARKET|BASE,10,PET_CAFE,YARN_STORE,FARMERS_MARKET,BASE,11,4068,True,True,False,20,88,2,6,3,12,18,0,12
D10|PET_CAFE+YARN_STORE+FARMERS_MARKET|HIGH,10,PET_CAFE,YARN_STORE,FARMERS_MARKET,HIGH,12,4268,True,True,False,20,88,2,6,3,14,18,0,12
D10|PET_CAFE+ICE_CREAM_SHOP+BAKERY|LOW,10,PET_CAFE,ICE_CREAM_SHOP,BAKERY,LOW,11,788,False,True,False,10,88,7,1,3,24,14,0,12
D10|PET_CAFE+ICE_CREAM_SHOP+BAKERY|BASE,10,PET_CAFE,ICE_CREAM_SHOP,BAKERY,BASE,11,788,False,True,False,10,88,7,1,3,24,14,0,12
D10|PET_CAFE+ICE_CREAM_SHOP+BAKERY|HIGH,10,PET_CAFE,ICE_CREAM_SHOP,BAKERY,HIGH,12,1088,False,True,False,10,88,7,1,4,24,14,0,12
D10|PET_CAFE+ICE_CREAM_SHOP+PIZZA_SHOP|LOW,10,PET_CAFE,ICE_CREAM_SHOP,PIZZA_SHOP,LOW,11,1418,False,True,False,3,88,8,1,3,24,14,6,12
D10|PET_CAFE+ICE_CREAM_SHOP+PIZZA_SHOP|BASE,10,PET_CAFE,ICE_CREAM_SHOP,PIZZA_SHOP,BASE,11,1808,False,True,False,2,88,9,1,3,24,14,6,12
D10|PET_CAFE+ICE_CREAM_SHOP+PIZZA_SHOP|HIGH,10,PET_CAFE,ICE_CREAM_SHOP,PIZZA_SHOP,HIGH,12,2008,False,True,False,2,88,9,1,3,26,14,6,12
D10|PET_CAFE+ICE_CREAM_SHOP+BRUNCH_SPOT|LOW,10,PET_CAFE,ICE_CREAM_SHOP,BRUNCH_SPOT,LOW,11,1508,False,True,False,2,88,7,1,3,32,14,0,12
D10|PET_CAFE+ICE_CREAM_SHOP+BRUNCH_SPOT|BASE,10,PET_CAFE,ICE_CREAM_SHOP,BRUNCH_SPOT,BASE,11,1508,False,True,False,2,88,7,1,3,32,14,0,12
D10|PET_CAFE+ICE_CREAM_SHOP+BRUNCH_SPOT|HIGH,10,PET_CAFE,ICE_CREAM_SHOP,BRUNCH_SPOT,HIGH,12,1808,False,True,False,2,88,7,1,4,32,14,0,12
D10|PET_CAFE+ICE_CREAM_SHOP+YARN_STORE|LOW,10,PET_CAFE,ICE_CREAM_SHOP,YARN_STORE,LOW,11,1278,False,True,False,9,88,7,2,3,24,14,0,12
D10|PET_CAFE+ICE_CREAM_SHOP+YARN_STORE|BASE,10,PET_CAFE,ICE_CREAM_SHOP,YARN_STORE,BASE,11,1768,False,True,False,8,88,7,3,3,24,14,0,12
D10|PET_CAFE+ICE_CREAM_SHOP+YARN_STORE|HIGH,10,PET_CAFE,ICE_CREAM_SHOP,YARN_STORE,HIGH,12,2268,False,True,False,8,88,7,4,3,24,14,0,12
D10|PET_CAFE+ICE_CREAM_SHOP+ICE_CREAM_SHOP|LOW,10,PET_CAFE,ICE_CREAM_SHOP,ICE_CREAM_SHOP,LOW,11,1898,False,True,False,1,88,8,1,3,32,14,0,12
D10|PET_CAFE+ICE_CREAM_SHOP+ICE_CREAM_SHOP|BASE,10,PET_CAFE,ICE_CREAM_SHOP,ICE_CREAM_SHOP,BASE,11,2288,False,True,False,0,88,9,1,3,32,14,0,12
D10|PET_CAFE+ICE_CREAM_SHOP+ICE_CREAM_SHOP|HIGH,10,PET_CAFE,ICE_CREAM_SHOP,ICE_CREAM_SHOP,HIGH,12,2488,False,True,False,0,88,9,1,3,34,14,0,12
D10|PET_CAFE+ICE_CREAM_SHOP+PET_CAFE|LOW,10,PET_CAFE,ICE_CREAM_SHOP,PET_CAFE,LOW,11,848,False,True,False,4,88,7,1,3,24,20,0,12
D10|PET_CAFE+ICE_CREAM_SHOP+PET_CAFE|BASE,10,PET_CAFE,ICE_CREAM_SHOP,PET_CAFE,BASE,11,888,False,True,False,0,88,7,1,3,24,24,0,12
D10|PET_CAFE+ICE_CREAM_SHOP+PET_CAFE|HIGH,10,PET_CAFE,ICE_CREAM_SHOP,PET_CAFE,HIGH,12,968,False,True,False,0,88,7,1,3,24,28,0,12
D10|PET_CAFE+ICE_CREAM_SHOP+SMOOTHIE_SHOP|LOW,10,PET_CAFE,ICE_CREAM_SHOP,SMOOTHIE_SHOP,LOW,11,1898,False,True,False,1,88,8,1,3,32,14,0,12
D10|PET_CAFE+ICE_CREAM_SHOP+SMOOTHIE_SHOP|BASE,10,PET_CAFE,ICE_CREAM_SHOP,SMOOTHIE_SHOP,BASE,11,2288,False,True,False,0,88,9,1,3,32,14,0,12
D10|PET_CAFE+ICE_CREAM_SHOP+SMOOTHIE_SHOP|HIGH,10,PET_CAFE,ICE_CREAM_SHOP,SMOOTHIE_SHOP,HIGH,12,2488,False,True,False,0,88,9,1,3,34,14,0,12
D10|PET_CAFE+ICE_CREAM_SHOP+FARMERS_MARKET|LOW,10,PET_CAFE,ICE_CREAM_SHOP,FARMERS_MARKET,LOW,11,1368,False,True,False,0,88,7,1,3,30,18,0,12
D10|PET_CAFE+ICE_CREAM_SHOP+FARMERS_MARKET|BASE,10,PET_CAFE,ICE_CREAM_SHOP,FARMERS_MARKET,BASE,11,1568,False,True,False,0,88,7,1,3,32,18,0,12
D10|PET_CAFE+ICE_CREAM_SHOP+FARMERS_MARKET|HIGH,10,PET_CAFE,ICE_CREAM_SHOP,FARMERS_MARKET,HIGH,12,1768,False,True,False,0,88,7,1,3,34,18,0,12
D10|PET_CAFE+PET_CAFE+BAKERY|LOW,10,PET_CAFE,PET_CAFE,BAKERY,LOW,11,168,False,False,False,8,88,2,1,3,0,24,0,12
D10|PET_CAFE+PET_CAFE+BAKERY|BASE,10,PET_CAFE,PET_CAFE,BAKERY,BASE,11,2708,True,True,False,32,88,2,1,4,0,24,0,12
D10|PET_CAFE+PET_CAFE+BAKERY|HIGH,10,PET_CAFE,PET_CAFE,BAKERY,HIGH,12,3008,True,True,False,32,88,2,1,5,0,24,0,12
D10|PET_CAFE+PET_CAFE+PIZZA_SHOP|LOW,10,PET_CAFE,PET_CAFE,PIZZA_SHOP,LOW,11,3048,True,True,False,26,88,3,1,3,0,24,6,12
D10|PET_CAFE+PET_CAFE+PIZZA_SHOP|BASE,10,PET_CAFE,PET_CAFE,PIZZA_SHOP,BASE,11,3438,True,True,False,25,88,4,1,3,0,24,6,12
D10|PET_CAFE+PET_CAFE+PIZZA_SHOP|HIGH,10,PET_CAFE,PET_CAFE,PIZZA_SHOP,HIGH,12,3838,True,True,False,25,88,5,1,3,0,24,6,12
D10|PET_CAFE+PET_CAFE+BRUNCH_SPOT|LOW,10,PET_CAFE,PET_CAFE,BRUNCH_SPOT,LOW,11,3498,True,True,False,21,88,2,1,3,12,24,0,12
D10|PET_CAFE+PET_CAFE+BRUNCH_SPOT|BASE,10,PET_CAFE,PET_CAFE,BRUNCH_SPOT,BASE,11,3788,True,True,False,20,88,2,1,4,12,24,0,12
D10|PET_CAFE+PET_CAFE+BRUNCH_SPOT|HIGH,10,PET_CAFE,PET_CAFE,BRUNCH_SPOT,HIGH,12,4088,True,True,False,20,88,2,1,5,12,24,0,12
D10|PET_CAFE+PET_CAFE+YARN_STORE|LOW,10,PET_CAFE,PET_CAFE,YARN_STORE,LOW,11,2908,True,True,False,32,88,2,2,3,0,24,0,12
D10|PET_CAFE+PET_CAFE+YARN_STORE|BASE,10,PET_CAFE,PET_CAFE,YARN_STORE,BASE,11,3398,True,True,False,31,88,2,3,3,0,24,0,12
D10|PET_CAFE+PET_CAFE+YARN_STORE|HIGH,10,PET_CAFE,PET_CAFE,YARN_STORE,HIGH,12,3898,True,True,False,31,88,2,4,3,0,24,0,12
D10|PET_CAFE+PET_CAFE+ICE_CREAM_SHOP|LOW,10,PET_CAFE,PET_CAFE,ICE_CREAM_SHOP,LOW,11,3888,True,True,False,20,88,3,1,3,12,24,0,12
D10|PET_CAFE+PET_CAFE+ICE_CREAM_SHOP|BASE,10,PET_CAFE,PET_CAFE,ICE_CREAM_SHOP,BASE,11,4278,True,True,False,19,88,4,1,3,12,24,0,12
D10|PET_CAFE+PET_CAFE+ICE_CREAM_SHOP|HIGH,10,PET_CAFE,PET_CAFE,ICE_CREAM_SHOP,HIGH,12,4678,True,True,False,19,88,5,1,3,12,24,0,12
D10|PET_CAFE+PET_CAFE+PET_CAFE|LOW,10,PET_CAFE,PET_CAFE,PET_CAFE,LOW,11,168,False,False,False,8,88,2,1,3,0,24,0,12
D10|PET_CAFE+PET_CAFE+PET_CAFE|BASE,10,PET_CAFE,PET_CAFE,PET_CAFE,BASE,11,168,False,False,False,8,88,2,1,3,0,24,0,12
D10|PET_CAFE+PET_CAFE+PET_CAFE|HIGH,10,PET_CAFE,PET_CAFE,PET_CAFE,HIGH,12,2458,True,True,False,29,88,2,1,3,0,28,0,12
D10|PET_CAFE+PET_CAFE+SMOOTHIE_SHOP|LOW,10,PET_CAFE,PET_CAFE,SMOOTHIE_SHOP,LOW,11,3888,True,True,False,20,88,3,1,3,12,24,0,12
D10|PET_CAFE+PET_CAFE+SMOOTHIE_SHOP|BASE,10,PET_CAFE,PET_CAFE,SMOOTHIE_SHOP,BASE,11,4278,True,True,False,19,88,4,1,3,12,24,0,12
D10|PET_CAFE+PET_CAFE+SMOOTHIE_SHOP|HIGH,10,PET_CAFE,PET_CAFE,SMOOTHIE_SHOP,HIGH,12,4678,True,True,False,19,88,5,1,3,12,24,0,12
D10|PET_CAFE+PET_CAFE+FARMERS_MARKET|LOW,10,PET_CAFE,PET_CAFE,FARMERS_MARKET,LOW,11,3318,True,True,False,23,88,2,1,3,10,24,0,12
D10|PET_CAFE+PET_CAFE+FARMERS_MARKET|BASE,10,PET_CAFE,PET_CAFE,FARMERS_MARKET,BASE,11,3498,True,True,False,21,88,2,1,3,12,24,0,12
D10|PET_CAFE+PET_CAFE+FARMERS_MARKET|HIGH,10,PET_CAFE,PET_CAFE,FARMERS_MARKET,HIGH,12,3698,True,True,False,21,88,2,1,3,14,24,0,12
D10|PET_CAFE+SMOOTHIE_SHOP+BAKERY|LOW,10,PET_CAFE,SMOOTHIE_SHOP,BAKERY,LOW,11,788,False,True,False,10,88,7,1,3,24,14,0,12
D10|PET_CAFE+SMOOTHIE_SHOP+BAKERY|BASE,10,PET_CAFE,SMOOTHIE_SHOP,BAKERY,BASE,11,788,False,True,False,10,88,7,1,3,24,14,0,12
D10|PET_CAFE+SMOOTHIE_SHOP+BAKERY|HIGH,10,PET_CAFE,SMOOTHIE_SHOP,BAKERY,HIGH,12,1088,False,True,False,10,88,7,1,4,24,14,0,12
D10|PET_CAFE+SMOOTHIE_SHOP+PIZZA_SHOP|LOW,10,PET_CAFE,SMOOTHIE_SHOP,PIZZA_SHOP,LOW,11,1418,False,True,False,3,88,8,1,3,24,14,6,12
D10|PET_CAFE+SMOOTHIE_SHOP+PIZZA_SHOP|BASE,10,PET_CAFE,SMOOTHIE_SHOP,PIZZA_SHOP,BASE,11,1808,False,True,False,2,88,9,1,3,24,14,6,12
D10|PET_CAFE+SMOOTHIE_SHOP+PIZZA_SHOP|HIGH,10,PET_CAFE,SMOOTHIE_SHOP,PIZZA_SHOP,HIGH,12,2008,False,True,False,2,88,9,1,3,26,14,6,12
D10|PET_CAFE+SMOOTHIE_SHOP+BRUNCH_SPOT|LOW,10,PET_CAFE,SMOOTHIE_SHOP,BRUNCH_SPOT,LOW,11,1508,False,True,False,2,88,7,1,3,32,14,0,12
D10|PET_CAFE+SMOOTHIE_SHOP+BRUNCH_SPOT|BASE,10,PET_CAFE,SMOOTHIE_SHOP,BRUNCH_SPOT,BASE,11,1508,False,True,False,2,88,7,1,3,32,14,0,12
D10|PET_CAFE+SMOOTHIE_SHOP+BRUNCH_SPOT|HIGH,10,PET_CAFE,SMOOTHIE_SHOP,BRUNCH_SPOT,HIGH,12,1808,False,True,False,2,88,7,1,4,32,14,0,12
D10|PET_CAFE+SMOOTHIE_SHOP+YARN_STORE|LOW,10,PET_CAFE,SMOOTHIE_SHOP,YARN_STORE,LOW,11,1278,False,True,False,9,88,7,2,3,24,14,0,12
D10|PET_CAFE+SMOOTHIE_SHOP+YARN_STORE|BASE,10,PET_CAFE,SMOOTHIE_SHOP,YARN_STORE,BASE,11,1768,False,True,False,8,88,7,3,3,24,14,0,12
D10|PET_CAFE+SMOOTHIE_SHOP+YARN_STORE|HIGH,10,PET_CAFE,SMOOTHIE_SHOP,YARN_STORE,HIGH,12,2268,False,True,False,8,88,7,4,3,24,14,0,12
D10|PET_CAFE+SMOOTHIE_SHOP+ICE_CREAM_SHOP|LOW,10,PET_CAFE,SMOOTHIE_SHOP,ICE_CREAM_SHOP,LOW,11,1898,False,True,False,1,88,8,1,3,32,14,0,12
D10|PET_CAFE+SMOOTHIE_SHOP+ICE_CREAM_SHOP|BASE,10,PET_CAFE,SMOOTHIE_SHOP,ICE_CREAM_SHOP,BASE,11,2288,False,True,False,0,88,9,1,3,32,14,0,12
D10|PET_CAFE+SMOOTHIE_SHOP+ICE_CREAM_SHOP|HIGH,10,PET_CAFE,SMOOTHIE_SHOP,ICE_CREAM_SHOP,HIGH,12,2488,False,True,False,0,88,9,1,3,34,14,0,12
D10|PET_CAFE+SMOOTHIE_SHOP+PET_CAFE|LOW,10,PET_CAFE,SMOOTHIE_SHOP,PET_CAFE,LOW,11,848,False,True,False,4,88,7,1,3,24,20,0,12
D10|PET_CAFE+SMOOTHIE_SHOP+PET_CAFE|BASE,10,PET_CAFE,SMOOTHIE_SHOP,PET_CAFE,BASE,11,888,False,True,False,0,88,7,1,3,24,24,0,12
D10|PET_CAFE+SMOOTHIE_SHOP+PET_CAFE|HIGH,10,PET_CAFE,SMOOTHIE_SHOP,PET_CAFE,HIGH,12,968,False,True,False,0,88,7,1,3,24,28,0,12
D10|PET_CAFE+SMOOTHIE_SHOP+SMOOTHIE_SHOP|LOW,10,PET_CAFE,SMOOTHIE_SHOP,SMOOTHIE_SHOP,LOW,11,1898,False,True,False,1,88,8,1,3,32,14,0,12
D10|PET_CAFE+SMOOTHIE_SHOP+SMOOTHIE_SHOP|BASE,10,PET_CAFE,SMOOTHIE_SHOP,SMOOTHIE_SHOP,BASE,11,2288,False,True,False,0,88,9,1,3,32,14,0,12
D10|PET_CAFE+SMOOTHIE_SHOP+SMOOTHIE_SHOP|HIGH,10,PET_CAFE,SMOOTHIE_SHOP,SMOOTHIE_SHOP,HIGH,12,2488,False,True,False,0,88,9,1,3,34,14,0,12
D10|PET_CAFE+SMOOTHIE_SHOP+FARMERS_MARKET|LOW,10,PET_CAFE,SMOOTHIE_SHOP,FARMERS_MARKET,LOW,11,1368,False,True,False,0,88,7,1,3,30,18,0,12
D10|PET_CAFE+SMOOTHIE_SHOP+FARMERS_MARKET|BASE,10,PET_CAFE,SMOOTHIE_SHOP,FARMERS_MARKET,BASE,11,1568,False,True,False,0,88,7,1,3,32,18,0,12
D10|PET_CAFE+SMOOTHIE_SHOP+FARMERS_MARKET|HIGH,10,PET_CAFE,SMOOTHIE_SHOP,FARMERS_MARKET,HIGH,12,1768,False,True,False,0,88,7,1,3,34,18,0,12
D10|PET_CAFE+FARMERS_MARKET+BAKERY|LOW,10,PET_CAFE,FARMERS_MARKET,BAKERY,LOW,11,378,False,True,False,9,88,2,1,3,24,18,0,12
D10|PET_CAFE+FARMERS_MARKET+BAKERY|BASE,10,PET_CAFE,FARMERS_MARKET,BAKERY,BASE,11,668,False,True,False,8,88,2,1,4,24,18,0,12
D10|PET_CAFE+FARMERS_MARKET+BAKERY|HIGH,10,PET_CAFE,FARMERS_MARKET,BAKERY,HIGH,12,968,False,True,False,8,88,2,1,5,24,18,0,12
D10|PET_CAFE+FARMERS_MARKET+PIZZA_SHOP|LOW,10,PET_CAFE,FARMERS_MARKET,PIZZA_SHOP,LOW,11,1008,False,True,False,2,88,3,1,3,24,18,6,12
D10|PET_CAFE+FARMERS_MARKET+PIZZA_SHOP|BASE,10,PET_CAFE,FARMERS_MARKET,PIZZA_SHOP,BASE,11,1398,False,True,False,1,88,4,1,3,24,18,6,12
D10|PET_CAFE+FARMERS_MARKET+PIZZA_SHOP|HIGH,10,PET_CAFE,FARMERS_MARKET,PIZZA_SHOP,HIGH,12,1798,False,True,False,1,88,5,1,3,24,18,6,12
D10|PET_CAFE+FARMERS_MARKET+BRUNCH_SPOT|LOW,10,PET_CAFE,FARMERS_MARKET,BRUNCH_SPOT,LOW,11,1098,False,True,False,1,88,2,1,3,32,18,0,12
D10|PET_CAFE+FARMERS_MARKET+BRUNCH_SPOT|BASE,10,PET_CAFE,FARMERS_MARKET,BRUNCH_SPOT,BASE,11,1388,False,True,False,0,88,2,1,4,32,18,0,12
D10|PET_CAFE+FARMERS_MARKET+BRUNCH_SPOT|HIGH,10,PET_CAFE,FARMERS_MARKET,BRUNCH_SPOT,HIGH,12,1688,False,True,False,0,88,2,1,5,32,18,0,12
D10|PET_CAFE+FARMERS_MARKET+YARN_STORE|LOW,10,PET_CAFE,FARMERS_MARKET,YARN_STORE,LOW,11,868,False,True,False,8,88,2,2,3,24,18,0,12
D10|PET_CAFE+FARMERS_MARKET+YARN_STORE|BASE,10,PET_CAFE,FARMERS_MARKET,YARN_STORE,BASE,11,1358,False,True,False,7,88,2,3,3,24,18,0,12
D10|PET_CAFE+FARMERS_MARKET+YARN_STORE|HIGH,10,PET_CAFE,FARMERS_MARKET,YARN_STORE,HIGH,12,1858,False,True,False,7,88,2,4,3,24,18,0,12
D10|PET_CAFE+FARMERS_MARKET+ICE_CREAM_SHOP|LOW,10,PET_CAFE,FARMERS_MARKET,ICE_CREAM_SHOP,LOW,11,1488,False,True,False,0,88,3,1,3,32,18,0,12
D10|PET_CAFE+FARMERS_MARKET+ICE_CREAM_SHOP|BASE,10,PET_CAFE,FARMERS_MARKET,ICE_CREAM_SHOP,BASE,11,1888,False,True,False,0,88,4,1,3,32,18,0,12
D10|PET_CAFE+FARMERS_MARKET+ICE_CREAM_SHOP|HIGH,10,PET_CAFE,FARMERS_MARKET,ICE_CREAM_SHOP,HIGH,12,2288,False,True,False,0,88,5,1,3,32,18,0,12
D10|PET_CAFE+FARMERS_MARKET+PET_CAFE|LOW,10,PET_CAFE,FARMERS_MARKET,PET_CAFE,LOW,11,398,False,True,False,7,88,2,1,3,24,20,0,12
D10|PET_CAFE+FARMERS_MARKET+PET_CAFE|BASE,10,PET_CAFE,FARMERS_MARKET,PET_CAFE,BASE,11,438,False,True,False,3,88,2,1,3,24,24,0,12
D10|PET_CAFE+FARMERS_MARKET+PET_CAFE|HIGH,10,PET_CAFE,FARMERS_MARKET,PET_CAFE,HIGH,12,518,False,True,False,3,88,2,1,3,24,28,0,12
D10|PET_CAFE+FARMERS_MARKET+SMOOTHIE_SHOP|LOW,10,PET_CAFE,FARMERS_MARKET,SMOOTHIE_SHOP,LOW,11,1488,False,True,False,0,88,3,1,3,32,18,0,12
D10|PET_CAFE+FARMERS_MARKET+SMOOTHIE_SHOP|BASE,10,PET_CAFE,FARMERS_MARKET,SMOOTHIE_SHOP,BASE,11,1888,False,True,False,0,88,4,1,3,32,18,0,12
D10|PET_CAFE+FARMERS_MARKET+SMOOTHIE_SHOP|HIGH,10,PET_CAFE,FARMERS_MARKET,SMOOTHIE_SHOP,HIGH,12,2288,False,True,False,0,88,5,1,3,32,18,0,12
D10|PET_CAFE+FARMERS_MARKET+FARMERS_MARKET|LOW,10,PET_CAFE,FARMERS_MARKET,FARMERS_MARKET,LOW,11,918,False,True,False,3,88,2,1,3,30,18,0,12
D10|PET_CAFE+FARMERS_MARKET+FARMERS_MARKET|BASE,10,PET_CAFE,FARMERS_MARKET,FARMERS_MARKET,BASE,11,1098,False,True,False,1,88,2,1,3,32,18,0,12
D10|PET_CAFE+FARMERS_MARKET+FARMERS_MARKET|HIGH,10,PET_CAFE,FARMERS_MARKET,FARMERS_MARKET,HIGH,12,1298,False,True,False,1,88,2,1,3,34,18,0,12
D10|SMOOTHIE_SHOP+BAKERY+BAKERY|LOW,10,SMOOTHIE_SHOP,BAKERY,BAKERY,LOW,11,538,False,True,False,5,88,10,1,1,24,0,0,12
D10|SMOOTHIE_SHOP+BAKERY+BAKERY|BASE,10,SMOOTHIE_SHOP,BAKERY,BAKERY,BASE,11,538,False,True,False,5,88,10,1,1,24,0,0,12
D10|SMOOTHIE_SHOP+BAKERY+BAKERY|HIGH,10,SMOOTHIE_SHOP,BAKERY,BAKERY,HIGH,12,838,False,True,False,5,88,10,1,2,24,0,0,12
D10|SMOOTHIE_SHOP+BAKERY+PIZZA_SHOP|LOW,10,SMOOTHIE_SHOP,BAKERY,PIZZA_SHOP,LOW,11,788,False,True,False,0,88,10,1,1,24,0,6,12
D10|SMOOTHIE_SHOP+BAKERY+PIZZA_SHOP|BASE,10,SMOOTHIE_SHOP,BAKERY,PIZZA_SHOP,BASE,11,1188,False,True,False,0,88,11,1,1,24,0,6,12
D10|SMOOTHIE_SHOP+BAKERY+PIZZA_SHOP|HIGH,10,SMOOTHIE_SHOP,BAKERY,PIZZA_SHOP,HIGH,12,1588,False,True,False,0,88,12,1,1,24,0,6,12
D10|SMOOTHIE_SHOP+BAKERY+BRUNCH_SPOT|LOW,10,SMOOTHIE_SHOP,BAKERY,BRUNCH_SPOT,LOW,11,1288,False,True,False,0,88,10,1,1,32,0,0,12
D10|SMOOTHIE_SHOP+BAKERY+BRUNCH_SPOT|BASE,10,SMOOTHIE_SHOP,BAKERY,BRUNCH_SPOT,BASE,11,1288,False,True,False,0,88,10,1,1,32,0,0,12
D10|SMOOTHIE_SHOP+BAKERY+BRUNCH_SPOT|HIGH,10,SMOOTHIE_SHOP,BAKERY,BRUNCH_SPOT,HIGH,12,1588,False,True,False,0,88,10,1,2,32,0,0,12
D10|SMOOTHIE_SHOP+BAKERY+YARN_STORE|LOW,10,SMOOTHIE_SHOP,BAKERY,YARN_STORE,LOW,11,1028,False,True,False,4,88,10,2,1,24,0,0,12
D10|SMOOTHIE_SHOP+BAKERY+YARN_STORE|BASE,10,SMOOTHIE_SHOP,BAKERY,YARN_STORE,BASE,11,1518,False,True,False,3,88,10,3,1,24,0,0,12
D10|SMOOTHIE_SHOP+BAKERY+YARN_STORE|HIGH,10,SMOOTHIE_SHOP,BAKERY,YARN_STORE,HIGH,12,2018,False,True,False,3,88,10,4,1,24,0,0,12
D10|SMOOTHIE_SHOP+BAKERY+ICE_CREAM_SHOP|LOW,10,SMOOTHIE_SHOP,BAKERY,ICE_CREAM_SHOP,LOW,11,1288,False,True,False,0,88,10,1,1,32,0,0,12
D10|SMOOTHIE_SHOP+BAKERY+ICE_CREAM_SHOP|BASE,10,SMOOTHIE_SHOP,BAKERY,ICE_CREAM_SHOP,BASE,11,1688,False,True,False,0,88,11,1,1,32,0,0,12
D10|SMOOTHIE_SHOP+BAKERY+ICE_CREAM_SHOP|HIGH,10,SMOOTHIE_SHOP,BAKERY,ICE_CREAM_SHOP,HIGH,12,2088,False,True,False,0,88,12,1,1,32,0,0,12
D10|SMOOTHIE_SHOP+BAKERY+PET_CAFE|LOW,10,SMOOTHIE_SHOP,BAKERY,PET_CAFE,LOW,11,688,False,True,False,0,88,10,1,1,24,10,0,12
D10|SMOOTHIE_SHOP+BAKERY+PET_CAFE|BASE,10,SMOOTHIE_SHOP,BAKERY,PET_CAFE,BASE,11,768,False,True,False,0,88,10,1,1,24,14,0,12
D10|SMOOTHIE_SHOP+BAKERY+PET_CAFE|HIGH,10,SMOOTHIE_SHOP,BAKERY,PET_CAFE,HIGH,12,848,False,True,False,0,88,10,1,1,24,18,0,12
D10|SMOOTHIE_SHOP+BAKERY+SMOOTHIE_SHOP|LOW,10,SMOOTHIE_SHOP,BAKERY,SMOOTHIE_SHOP,LOW,11,1288,False,True,False,0,88,10,1,1,32,0,0,12
D10|SMOOTHIE_SHOP+BAKERY+SMOOTHIE_SHOP|BASE,10,SMOOTHIE_SHOP,BAKERY,SMOOTHIE_SHOP,BASE,11,1688,False,True,False,0,88,11,1,1,32,0,0,12
D10|SMOOTHIE_SHOP+BAKERY+SMOOTHIE_SHOP|HIGH,10,SMOOTHIE_SHOP,BAKERY,SMOOTHIE_SHOP,HIGH,12,2088,False,True,False,0,88,12,1,1,32,0,0,12
D10|SMOOTHIE_SHOP+BAKERY+FARMERS_MARKET|LOW,10,SMOOTHIE_SHOP,BAKERY,FARMERS_MARKET,LOW,11,1208,False,True,False,0,88,10,1,1,30,6,0,12
D10|SMOOTHIE_SHOP+BAKERY+FARMERS_MARKET|BASE,10,SMOOTHIE_SHOP,BAKERY,FARMERS_MARKET,BASE,11,1408,False,True,False,0,88,10,1,1,32,6,0,12
D10|SMOOTHIE_SHOP+BAKERY+FARMERS_MARKET|HIGH,10,SMOOTHIE_SHOP,BAKERY,FARMERS_MARKET,HIGH,12,1608,False,True,False,0,88,10,1,1,34,6,0,12
D10|SMOOTHIE_SHOP+PIZZA_SHOP+BAKERY|LOW,10,SMOOTHIE_SHOP,PIZZA_SHOP,BAKERY,LOW,11,538,False,True,False,5,88,11,1,1,24,0,8,12
D10|SMOOTHIE_SHOP+PIZZA_SHOP+BAKERY|BASE,10,SMOOTHIE_SHOP,PIZZA_SHOP,BAKERY,BASE,11,538,False,True,False,5,88,11,1,1,24,0,8,12
D10|SMOOTHIE_SHOP+PIZZA_SHOP+BAKERY|HIGH,10,SMOOTHIE_SHOP,PIZZA_SHOP,BAKERY,HIGH,12,838,False,True,False,5,88,11,1,2,24,0,8,12
D10|SMOOTHIE_SHOP+PIZZA_SHOP+PIZZA_SHOP|LOW,10,SMOOTHIE_SHOP,PIZZA_SHOP,PIZZA_SHOP,LOW,11,698,False,True,False,1,88,11,1,1,24,0,12,12
D10|SMOOTHIE_SHOP+PIZZA_SHOP+PIZZA_SHOP|BASE,10,SMOOTHIE_SHOP,PIZZA_SHOP,PIZZA_SHOP,BASE,11,1088,False,True,False,0,88,12,1,1,24,0,12,12
D10|SMOOTHIE_SHOP+PIZZA_SHOP+PIZZA_SHOP|HIGH,10,SMOOTHIE_SHOP,PIZZA_SHOP,PIZZA_SHOP,HIGH,12,1488,False,True,False,0,88,13,1,1,24,0,12,12
D10|SMOOTHIE_SHOP+PIZZA_SHOP+BRUNCH_SPOT|LOW,10,SMOOTHIE_SHOP,PIZZA_SHOP,BRUNCH_SPOT,LOW,11,1288,False,True,False,0,88,11,1,1,32,0,8,12
D10|SMOOTHIE_SHOP+PIZZA_SHOP+BRUNCH_SPOT|BASE,10,SMOOTHIE_SHOP,PIZZA_SHOP,BRUNCH_SPOT,BASE,11,1288,False,True,False,0,88,11,1,1,32,0,8,12
D10|SMOOTHIE_SHOP+PIZZA_SHOP+BRUNCH_SPOT|HIGH,10,SMOOTHIE_SHOP,PIZZA_SHOP,BRUNCH_SPOT,HIGH,12,1588,False,True,False,0,88,11,1,2,32,0,8,12
D10|SMOOTHIE_SHOP+PIZZA_SHOP+YARN_STORE|LOW,10,SMOOTHIE_SHOP,PIZZA_SHOP,YARN_STORE,LOW,11,1028,False,True,False,4,88,11,2,1,24,0,8,12
D10|SMOOTHIE_SHOP+PIZZA_SHOP+YARN_STORE|BASE,10,SMOOTHIE_SHOP,PIZZA_SHOP,YARN_STORE,BASE,11,1518,False,True,False,3,88,11,3,1,24,0,8,12
D10|SMOOTHIE_SHOP+PIZZA_SHOP+YARN_STORE|HIGH,10,SMOOTHIE_SHOP,PIZZA_SHOP,YARN_STORE,HIGH,12,2018,False,True,False,3,88,11,4,1,24,0,8,12
D10|SMOOTHIE_SHOP+PIZZA_SHOP+ICE_CREAM_SHOP|LOW,10,SMOOTHIE_SHOP,PIZZA_SHOP,ICE_CREAM_SHOP,LOW,11,1288,False,True,False,0,88,11,1,1,32,0,8,12
D10|SMOOTHIE_SHOP+PIZZA_SHOP+ICE_CREAM_SHOP|BASE,10,SMOOTHIE_SHOP,PIZZA_SHOP,ICE_CREAM_SHOP,BASE,11,1688,False,True,False,0,88,12,1,1,32,0,8,12
D10|SMOOTHIE_SHOP+PIZZA_SHOP+ICE_CREAM_SHOP|HIGH,10,SMOOTHIE_SHOP,PIZZA_SHOP,ICE_CREAM_SHOP,HIGH,12,2088,False,True,False,0,88,13,1,1,32,0,8,12
D10|SMOOTHIE_SHOP+PIZZA_SHOP+PET_CAFE|LOW,10,SMOOTHIE_SHOP,PIZZA_SHOP,PET_CAFE,LOW,11,688,False,True,False,0,88,11,1,1,24,10,8,12
D10|SMOOTHIE_SHOP+PIZZA_SHOP+PET_CAFE|BASE,10,SMOOTHIE_SHOP,PIZZA_SHOP,PET_CAFE,BASE,11,768,False,True,False,0,88,11,1,1,24,14,8,12
D10|SMOOTHIE_SHOP+PIZZA_SHOP+PET_CAFE|HIGH,10,SMOOTHIE_SHOP,PIZZA_SHOP,PET_CAFE,HIGH,12,848,False,True,False,0,88,11,1,1,24,18,8,12
D10|SMOOTHIE_SHOP+PIZZA_SHOP+SMOOTHIE_SHOP|LOW,10,SMOOTHIE_SHOP,PIZZA_SHOP,SMOOTHIE_SHOP,LOW,11,1288,False,True,False,0,88,11,1,1,32,0,8,12
D10|SMOOTHIE_SHOP+PIZZA_SHOP+SMOOTHIE_SHOP|BASE,10,SMOOTHIE_SHOP,PIZZA_SHOP,SMOOTHIE_SHOP,BASE,11,1688,False,True,False,0,88,12,1,1,32,0,8,12
D10|SMOOTHIE_SHOP+PIZZA_SHOP+SMOOTHIE_SHOP|HIGH,10,SMOOTHIE_SHOP,PIZZA_SHOP,SMOOTHIE_SHOP,HIGH,12,2088,False,True,False,0,88,13,1,1,32,0,8,12
D10|SMOOTHIE_SHOP+PIZZA_SHOP+FARMERS_MARKET|LOW,10,SMOOTHIE_SHOP,PIZZA_SHOP,FARMERS_MARKET,LOW,11,1208,False,True,False,0,88,11,1,1,30,6,8,12
D10|SMOOTHIE_SHOP+PIZZA_SHOP+FARMERS_MARKET|BASE,10,SMOOTHIE_SHOP,PIZZA_SHOP,FARMERS_MARKET,BASE,11,1408,False,True,False,0,88,11,1,1,32,6,8,12
D10|SMOOTHIE_SHOP+PIZZA_SHOP+FARMERS_MARKET|HIGH,10,SMOOTHIE_SHOP,PIZZA_SHOP,FARMERS_MARKET,HIGH,12,1608,False,True,False,0,88,11,1,1,34,6,8,12
D10|SMOOTHIE_SHOP+BRUNCH_SPOT+BAKERY|LOW,10,SMOOTHIE_SHOP,BRUNCH_SPOT,BAKERY,LOW,11,768,False,True,False,8,88,10,1,1,32,0,0,12
D10|SMOOTHIE_SHOP+BRUNCH_SPOT+BAKERY|BASE,10,SMOOTHIE_SHOP,BRUNCH_SPOT,BAKERY,BASE,11,768,False,True,False,8,88,10,1,1,32,0,0,12
D10|SMOOTHIE_SHOP+BRUNCH_SPOT+BAKERY|HIGH,10,SMOOTHIE_SHOP,BRUNCH_SPOT,BAKERY,HIGH,12,1068,False,True,False,8,88,10,1,2,32,0,0,12
D10|SMOOTHIE_SHOP+BRUNCH_SPOT+PIZZA_SHOP|LOW,10,SMOOTHIE_SHOP,BRUNCH_SPOT,PIZZA_SHOP,LOW,11,1008,False,True,False,2,88,10,1,1,32,0,6,12
D10|SMOOTHIE_SHOP+BRUNCH_SPOT+PIZZA_SHOP|BASE,10,SMOOTHIE_SHOP,BRUNCH_SPOT,PIZZA_SHOP,BASE,11,1398,False,True,False,1,88,11,1,1,32,0,6,12
D10|SMOOTHIE_SHOP+BRUNCH_SPOT+PIZZA_SHOP|HIGH,10,SMOOTHIE_SHOP,BRUNCH_SPOT,PIZZA_SHOP,HIGH,12,1798,False,True,False,1,88,12,1,1,32,0,6,12
D10|SMOOTHIE_SHOP+BRUNCH_SPOT+BRUNCH_SPOT|LOW,10,SMOOTHIE_SHOP,BRUNCH_SPOT,BRUNCH_SPOT,LOW,11,1128,False,True,False,4,88,10,1,1,36,0,0,12
D10|SMOOTHIE_SHOP+BRUNCH_SPOT+BRUNCH_SPOT|BASE,10,SMOOTHIE_SHOP,BRUNCH_SPOT,BRUNCH_SPOT,BASE,11,1128,False,True,False,4,88,10,1,1,36,0,0,12
D10|SMOOTHIE_SHOP+BRUNCH_SPOT+BRUNCH_SPOT|HIGH,10,SMOOTHIE_SHOP,BRUNCH_SPOT,BRUNCH_SPOT,HIGH,12,1428,False,True,False,4,88,10,1,2,36,0,0,12
D10|SMOOTHIE_SHOP+BRUNCH_SPOT+YARN_STORE|LOW,10,SMOOTHIE_SHOP,BRUNCH_SPOT,YARN_STORE,LOW,11,1258,False,True,False,7,88,10,2,1,32,0,0,12
D10|SMOOTHIE_SHOP+BRUNCH_SPOT+YARN_STORE|BASE,10,SMOOTHIE_SHOP,BRUNCH_SPOT,YARN_STORE,BASE,11,1748,False,True,False,6,88,10,3,1,32,0,0,12
D10|SMOOTHIE_SHOP+BRUNCH_SPOT+YARN_STORE|HIGH,10,SMOOTHIE_SHOP,BRUNCH_SPOT,YARN_STORE,HIGH,12,2248,False,True,False,6,88,10,4,1,32,0,0,12
D10|SMOOTHIE_SHOP+BRUNCH_SPOT+ICE_CREAM_SHOP|LOW,10,SMOOTHIE_SHOP,BRUNCH_SPOT,ICE_CREAM_SHOP,LOW,11,1128,False,True,False,4,88,10,1,1,36,0,0,12
D10|SMOOTHIE_SHOP+BRUNCH_SPOT+ICE_CREAM_SHOP|BASE,10,SMOOTHIE_SHOP,BRUNCH_SPOT,ICE_CREAM_SHOP,BASE,11,1518,False,True,False,3,88,11,1,1,36,0,0,12
D10|SMOOTHIE_SHOP+BRUNCH_SPOT+ICE_CREAM_SHOP|HIGH,10,SMOOTHIE_SHOP,BRUNCH_SPOT,ICE_CREAM_SHOP,HIGH,12,1918,False,True,False,3,88,12,1,1,36,0,0,12
D10|SMOOTHIE_SHOP+BRUNCH_SPOT+PET_CAFE|LOW,10,SMOOTHIE_SHOP,BRUNCH_SPOT,PET_CAFE,LOW,11,888,False,True,False,0,88,10,1,1,32,10,0,12
D10|SMOOTHIE_SHOP+BRUNCH_SPOT+PET_CAFE|BASE,10,SMOOTHIE_SHOP,BRUNCH_SPOT,PET_CAFE,BASE,11,968,False,True,False,0,88,10,1,1,32,14,0,12
D10|SMOOTHIE_SHOP+BRUNCH_SPOT+PET_CAFE|HIGH,10,SMOOTHIE_SHOP,BRUNCH_SPOT,PET_CAFE,HIGH,12,1048,False,True,False,0,88,10,1,1,32,18,0,12
D10|SMOOTHIE_SHOP+BRUNCH_SPOT+SMOOTHIE_SHOP|LOW,10,SMOOTHIE_SHOP,BRUNCH_SPOT,SMOOTHIE_SHOP,LOW,11,1128,False,True,False,4,88,10,1,1,36,0,0,12
D10|SMOOTHIE_SHOP+BRUNCH_SPOT+SMOOTHIE_SHOP|BASE,10,SMOOTHIE_SHOP,BRUNCH_SPOT,SMOOTHIE_SHOP,BASE,11,1518,False,True,False,3,88,11,1,1,36,0,0,12
D10|SMOOTHIE_SHOP+BRUNCH_SPOT+SMOOTHIE_SHOP|HIGH,10,SMOOTHIE_SHOP,BRUNCH_SPOT,SMOOTHIE_SHOP,HIGH,12,1918,False,True,False,3,88,12,1,1,36,0,0,12
D10|SMOOTHIE_SHOP+BRUNCH_SPOT+FARMERS_MARKET|LOW,10,SMOOTHIE_SHOP,BRUNCH_SPOT,FARMERS_MARKET,LOW,11,1008,False,True,False,0,88,10,1,1,34,6,0,12
D10|SMOOTHIE_SHOP+BRUNCH_SPOT+FARMERS_MARKET|BASE,10,SMOOTHIE_SHOP,BRUNCH_SPOT,FARMERS_MARKET,BASE,11,1208,False,True,False,0,88,10,1,1,36,6,0,12
D10|SMOOTHIE_SHOP+BRUNCH_SPOT+FARMERS_MARKET|HIGH,10,SMOOTHIE_SHOP,BRUNCH_SPOT,FARMERS_MARKET,HIGH,12,1408,False,True,False,0,88,10,1,1,38,6,0,12
D10|SMOOTHIE_SHOP+YARN_STORE+BAKERY|LOW,10,SMOOTHIE_SHOP,YARN_STORE,BAKERY,LOW,11,1048,False,True,False,6,88,10,6,1,24,0,0,12
D10|SMOOTHIE_SHOP+YARN_STORE+BAKERY|BASE,10,SMOOTHIE_SHOP,YARN_STORE,BAKERY,BASE,11,1048,False,True,False,6,88,10,6,1,24,0,0,12
D10|SMOOTHIE_SHOP+YARN_STORE+BAKERY|HIGH,10,SMOOTHIE_SHOP,YARN_STORE,BAKERY,HIGH,12,1348,False,True,False,6,88,10,6,2,24,0,0,12
D10|SMOOTHIE_SHOP+YARN_STORE+PIZZA_SHOP|LOW,10,SMOOTHIE_SHOP,YARN_STORE,PIZZA_SHOP,LOW,11,1288,False,True,False,0,88,10,6,1,24,0,6,12
D10|SMOOTHIE_SHOP+YARN_STORE+PIZZA_SHOP|BASE,10,SMOOTHIE_SHOP,YARN_STORE,PIZZA_SHOP,BASE,11,1688,False,True,False,0,88,11,6,1,24,0,6,12
D10|SMOOTHIE_SHOP+YARN_STORE+PIZZA_SHOP|HIGH,10,SMOOTHIE_SHOP,YARN_STORE,PIZZA_SHOP,HIGH,12,2088,False,True,False,0,88,12,6,1,24,0,6,12
D10|SMOOTHIE_SHOP+YARN_STORE+BRUNCH_SPOT|LOW,10,SMOOTHIE_SHOP,YARN_STORE,BRUNCH_SPOT,LOW,11,1788,False,True,False,0,88,10,6,1,32,0,0,12
D10|SMOOTHIE_SHOP+YARN_STORE+BRUNCH_SPOT|BASE,10,SMOOTHIE_SHOP,YARN_STORE,BRUNCH_SPOT,BASE,11,1788,False,True,False,0,88,10,6,1,32,0,0,12
D10|SMOOTHIE_SHOP+YARN_STORE+BRUNCH_SPOT|HIGH,10,SMOOTHIE_SHOP,YARN_STORE,BRUNCH_SPOT,HIGH,12,2088,False,True,False,0,88,10,6,2,32,0,0,12
D10|SMOOTHIE_SHOP+YARN_STORE+YARN_STORE|LOW,10,SMOOTHIE_SHOP,YARN_STORE,YARN_STORE,LOW,11,1538,False,True,False,5,88,10,7,1,24,0,0,12
D10|SMOOTHIE_SHOP+YARN_STORE+YARN_STORE|BASE,10,SMOOTHIE_SHOP,YARN_STORE,YARN_STORE,BASE,11,2028,False,True,False,4,88,10,8,1,24,0,0,12
D10|SMOOTHIE_SHOP+YARN_STORE+YARN_STORE|HIGH,10,SMOOTHIE_SHOP,YARN_STORE,YARN_STORE,HIGH,12,2228,False,True,False,4,88,10,8,1,26,0,0,12
D10|SMOOTHIE_SHOP+YARN_STORE+ICE_CREAM_SHOP|LOW,10,SMOOTHIE_SHOP,YARN_STORE,ICE_CREAM_SHOP,LOW,11,1788,False,True,False,0,88,10,6,1,32,0,0,12
D10|SMOOTHIE_SHOP+YARN_STORE+ICE_CREAM_SHOP|BASE,10,SMOOTHIE_SHOP,YARN_STORE,ICE_CREAM_SHOP,BASE,11,2188,False,True,False,0,88,11,6,1,32,0,0,12
D10|SMOOTHIE_SHOP+YARN_STORE+ICE_CREAM_SHOP|HIGH,10,SMOOTHIE_SHOP,YARN_STORE,ICE_CREAM_SHOP,HIGH,12,2588,False,True,False,0,88,12,6,1,32,0,0,12
D10|SMOOTHIE_SHOP+YARN_STORE+PET_CAFE|LOW,10,SMOOTHIE_SHOP,YARN_STORE,PET_CAFE,LOW,11,1188,False,True,False,0,88,10,6,1,24,10,0,12
D10|SMOOTHIE_SHOP+YARN_STORE+PET_CAFE|BASE,10,SMOOTHIE_SHOP,YARN_STORE,PET_CAFE,BASE,11,1268,False,True,False,0,88,10,6,1,24,14,0,12
D10|SMOOTHIE_SHOP+YARN_STORE+PET_CAFE|HIGH,10,SMOOTHIE_SHOP,YARN_STORE,PET_CAFE,HIGH,12,1348,False,True,False,0,88,10,6,1,24,18,0,12
D10|SMOOTHIE_SHOP+YARN_STORE+SMOOTHIE_SHOP|LOW,10,SMOOTHIE_SHOP,YARN_STORE,SMOOTHIE_SHOP,LOW,11,1788,False,True,False,0,88,10,6,1,32,0,0,12
D10|SMOOTHIE_SHOP+YARN_STORE+SMOOTHIE_SHOP|BASE,10,SMOOTHIE_SHOP,YARN_STORE,SMOOTHIE_SHOP,BASE,11,2188,False,True,False,0,88,11,6,1,32,0,0,12
D10|SMOOTHIE_SHOP+YARN_STORE+SMOOTHIE_SHOP|HIGH,10,SMOOTHIE_SHOP,YARN_STORE,SMOOTHIE_SHOP,HIGH,12,2588,False,True,False,0,88,12,6,1,32,0,0,12
D10|SMOOTHIE_SHOP+YARN_STORE+FARMERS_MARKET|LOW,10,SMOOTHIE_SHOP,YARN_STORE,FARMERS_MARKET,LOW,11,1708,False,True,False,0,88,10,6,1,30,6,0,12
D10|SMOOTHIE_SHOP+YARN_STORE+FARMERS_MARKET|BASE,10,SMOOTHIE_SHOP,YARN_STORE,FARMERS_MARKET,BASE,11,1908,False,True,False,0,88,10,6,1,32,6,0,12
D10|SMOOTHIE_SHOP+YARN_STORE+FARMERS_MARKET|HIGH,10,SMOOTHIE_SHOP,YARN_STORE,FARMERS_MARKET,HIGH,12,2108,False,True,False,0,88,10,6,1,34,6,0,12
D10|SMOOTHIE_SHOP+ICE_CREAM_SHOP+BAKERY|LOW,10,SMOOTHIE_SHOP,ICE_CREAM_SHOP,BAKERY,LOW,11,768,False,True,False,8,88,11,1,1,32,0,0,12
D10|SMOOTHIE_SHOP+ICE_CREAM_SHOP+BAKERY|BASE,10,SMOOTHIE_SHOP,ICE_CREAM_SHOP,BAKERY,BASE,11,768,False,True,False,8,88,11,1,1,32,0,0,12
D10|SMOOTHIE_SHOP+ICE_CREAM_SHOP+BAKERY|HIGH,10,SMOOTHIE_SHOP,ICE_CREAM_SHOP,BAKERY,HIGH,12,1068,False,True,False,8,88,11,1,2,32,0,0,12
D10|SMOOTHIE_SHOP+ICE_CREAM_SHOP+PIZZA_SHOP|LOW,10,SMOOTHIE_SHOP,ICE_CREAM_SHOP,PIZZA_SHOP,LOW,11,1008,False,True,False,2,88,11,1,1,32,0,6,12
D10|SMOOTHIE_SHOP+ICE_CREAM_SHOP+PIZZA_SHOP|BASE,10,SMOOTHIE_SHOP,ICE_CREAM_SHOP,PIZZA_SHOP,BASE,11,1398,False,True,False,1,88,12,1,1,32,0,6,12
D10|SMOOTHIE_SHOP+ICE_CREAM_SHOP+PIZZA_SHOP|HIGH,10,SMOOTHIE_SHOP,ICE_CREAM_SHOP,PIZZA_SHOP,HIGH,12,1798,False,True,False,1,88,13,1,1,32,0,6,12
D10|SMOOTHIE_SHOP+ICE_CREAM_SHOP+BRUNCH_SPOT|LOW,10,SMOOTHIE_SHOP,ICE_CREAM_SHOP,BRUNCH_SPOT,LOW,11,1128,False,True,False,4,88,11,1,1,36,0,0,12
D10|SMOOTHIE_SHOP+ICE_CREAM_SHOP+BRUNCH_SPOT|BASE,10,SMOOTHIE_SHOP,ICE_CREAM_SHOP,BRUNCH_SPOT,BASE,11,1128,False,True,False,4,88,11,1,1,36,0,0,12
D10|SMOOTHIE_SHOP+ICE_CREAM_SHOP+BRUNCH_SPOT|HIGH,10,SMOOTHIE_SHOP,ICE_CREAM_SHOP,BRUNCH_SPOT,HIGH,12,1428,False,True,False,4,88,11,1,2,36,0,0,12
D10|SMOOTHIE_SHOP+ICE_CREAM_SHOP+YARN_STORE|LOW,10,SMOOTHIE_SHOP,ICE_CREAM_SHOP,YARN_STORE,LOW,11,1258,False,True,False,7,88,11,2,1,32,0,0,12
D10|SMOOTHIE_SHOP+ICE_CREAM_SHOP+YARN_STORE|BASE,10,SMOOTHIE_SHOP,ICE_CREAM_SHOP,YARN_STORE,BASE,11,1748,False,True,False,6,88,11,3,1,32,0,0,12
D10|SMOOTHIE_SHOP+ICE_CREAM_SHOP+YARN_STORE|HIGH,10,SMOOTHIE_SHOP,ICE_CREAM_SHOP,YARN_STORE,HIGH,12,2248,False,True,False,6,88,11,4,1,32,0,0,12
D10|SMOOTHIE_SHOP+ICE_CREAM_SHOP+ICE_CREAM_SHOP|LOW,10,SMOOTHIE_SHOP,ICE_CREAM_SHOP,ICE_CREAM_SHOP,LOW,11,1128,False,True,False,4,88,11,1,1,36,0,0,12
D10|SMOOTHIE_SHOP+ICE_CREAM_SHOP+ICE_CREAM_SHOP|BASE,10,SMOOTHIE_SHOP,ICE_CREAM_SHOP,ICE_CREAM_SHOP,BASE,11,1518,False,True,False,3,88,12,1,1,36,0,0,12
D10|SMOOTHIE_SHOP+ICE_CREAM_SHOP+ICE_CREAM_SHOP|HIGH,10,SMOOTHIE_SHOP,ICE_CREAM_SHOP,ICE_CREAM_SHOP,HIGH,12,1918,False,True,False,3,88,13,1,1,36,0,0,12
D10|SMOOTHIE_SHOP+ICE_CREAM_SHOP+PET_CAFE|LOW,10,SMOOTHIE_SHOP,ICE_CREAM_SHOP,PET_CAFE,LOW,11,888,False,True,False,0,88,11,1,1,32,10,0,12
D10|SMOOTHIE_SHOP+ICE_CREAM_SHOP+PET_CAFE|BASE,10,SMOOTHIE_SHOP,ICE_CREAM_SHOP,PET_CAFE,BASE,11,968,False,True,False,0,88,11,1,1,32,14,0,12
D10|SMOOTHIE_SHOP+ICE_CREAM_SHOP+PET_CAFE|HIGH,10,SMOOTHIE_SHOP,ICE_CREAM_SHOP,PET_CAFE,HIGH,12,1048,False,True,False,0,88,11,1,1,32,18,0,12
D10|SMOOTHIE_SHOP+ICE_CREAM_SHOP+SMOOTHIE_SHOP|LOW,10,SMOOTHIE_SHOP,ICE_CREAM_SHOP,SMOOTHIE_SHOP,LOW,11,1128,False,True,False,4,88,11,1,1,36,0,0,12
D10|SMOOTHIE_SHOP+ICE_CREAM_SHOP+SMOOTHIE_SHOP|BASE,10,SMOOTHIE_SHOP,ICE_CREAM_SHOP,SMOOTHIE_SHOP,BASE,11,1518,False,True,False,3,88,12,1,1,36,0,0,12
D10|SMOOTHIE_SHOP+ICE_CREAM_SHOP+SMOOTHIE_SHOP|HIGH,10,SMOOTHIE_SHOP,ICE_CREAM_SHOP,SMOOTHIE_SHOP,HIGH,12,1918,False,True,False,3,88,13,1,1,36,0,0,12
D10|SMOOTHIE_SHOP+ICE_CREAM_SHOP+FARMERS_MARKET|LOW,10,SMOOTHIE_SHOP,ICE_CREAM_SHOP,FARMERS_MARKET,LOW,11,1008,False,True,False,0,88,11,1,1,34,6,0,12
D10|SMOOTHIE_SHOP+ICE_CREAM_SHOP+FARMERS_MARKET|BASE,10,SMOOTHIE_SHOP,ICE_CREAM_SHOP,FARMERS_MARKET,BASE,11,1208,False,True,False,0,88,11,1,1,36,6,0,12
D10|SMOOTHIE_SHOP+ICE_CREAM_SHOP+FARMERS_MARKET|HIGH,10,SMOOTHIE_SHOP,ICE_CREAM_SHOP,FARMERS_MARKET,HIGH,12,1408,False,True,False,0,88,11,1,1,38,6,0,12
D10|SMOOTHIE_SHOP+PET_CAFE+BAKERY|LOW,10,SMOOTHIE_SHOP,PET_CAFE,BAKERY,LOW,11,588,False,True,False,10,88,10,1,1,24,14,0,12
D10|SMOOTHIE_SHOP+PET_CAFE+BAKERY|BASE,10,SMOOTHIE_SHOP,PET_CAFE,BAKERY,BASE,11,588,False,True,False,10,88,10,1,1,24,14,0,12
D10|SMOOTHIE_SHOP+PET_CAFE+BAKERY|HIGH,10,SMOOTHIE_SHOP,PET_CAFE,BAKERY,HIGH,12,888,False,True,False,10,88,10,1,2,24,14,0,12
D10|SMOOTHIE_SHOP+PET_CAFE+PIZZA_SHOP|LOW,10,SMOOTHIE_SHOP,PET_CAFE,PIZZA_SHOP,LOW,11,828,False,True,False,4,88,10,1,1,24,14,6,12
D10|SMOOTHIE_SHOP+PET_CAFE+PIZZA_SHOP|BASE,10,SMOOTHIE_SHOP,PET_CAFE,PIZZA_SHOP,BASE,11,1218,False,True,False,3,88,11,1,1,24,14,6,12
D10|SMOOTHIE_SHOP+PET_CAFE+PIZZA_SHOP|HIGH,10,SMOOTHIE_SHOP,PET_CAFE,PIZZA_SHOP,HIGH,12,1618,False,True,False,3,88,12,1,1,24,14,6,12
D10|SMOOTHIE_SHOP+PET_CAFE+BRUNCH_SPOT|LOW,10,SMOOTHIE_SHOP,PET_CAFE,BRUNCH_SPOT,LOW,11,1308,False,True,False,2,88,10,1,1,32,14,0,12
D10|SMOOTHIE_SHOP+PET_CAFE+BRUNCH_SPOT|BASE,10,SMOOTHIE_SHOP,PET_CAFE,BRUNCH_SPOT,BASE,11,1308,False,True,False,2,88,10,1,1,32,14,0,12
D10|SMOOTHIE_SHOP+PET_CAFE+BRUNCH_SPOT|HIGH,10,SMOOTHIE_SHOP,PET_CAFE,BRUNCH_SPOT,HIGH,12,1608,False,True,False,2,88,10,1,2,32,14,0,12
D10|SMOOTHIE_SHOP+PET_CAFE+YARN_STORE|LOW,10,SMOOTHIE_SHOP,PET_CAFE,YARN_STORE,LOW,11,1078,False,True,False,9,88,10,2,1,24,14,0,12
D10|SMOOTHIE_SHOP+PET_CAFE+YARN_STORE|BASE,10,SMOOTHIE_SHOP,PET_CAFE,YARN_STORE,BASE,11,1568,False,True,False,8,88,10,3,1,24,14,0,12
D10|SMOOTHIE_SHOP+PET_CAFE+YARN_STORE|HIGH,10,SMOOTHIE_SHOP,PET_CAFE,YARN_STORE,HIGH,12,2068,False,True,False,8,88,10,4,1,24,14,0,12
D10|SMOOTHIE_SHOP+PET_CAFE+ICE_CREAM_SHOP|LOW,10,SMOOTHIE_SHOP,PET_CAFE,ICE_CREAM_SHOP,LOW,11,1308,False,True,False,2,88,10,1,1,32,14,0,12
D10|SMOOTHIE_SHOP+PET_CAFE+ICE_CREAM_SHOP|BASE,10,SMOOTHIE_SHOP,PET_CAFE,ICE_CREAM_SHOP,BASE,11,1698,False,True,False,1,88,11,1,1,32,14,0,12
D10|SMOOTHIE_SHOP+PET_CAFE+ICE_CREAM_SHOP|HIGH,10,SMOOTHIE_SHOP,PET_CAFE,ICE_CREAM_SHOP,HIGH,12,2098,False,True,False,1,88,12,1,1,32,14,0,12
D10|SMOOTHIE_SHOP+PET_CAFE+PET_CAFE|LOW,10,SMOOTHIE_SHOP,PET_CAFE,PET_CAFE,LOW,11,648,False,True,False,4,88,10,1,1,24,20,0,12
D10|SMOOTHIE_SHOP+PET_CAFE+PET_CAFE|BASE,10,SMOOTHIE_SHOP,PET_CAFE,PET_CAFE,BASE,11,688,False,True,False,0,88,10,1,1,24,24,0,12
D10|SMOOTHIE_SHOP+PET_CAFE+PET_CAFE|HIGH,10,SMOOTHIE_SHOP,PET_CAFE,PET_CAFE,HIGH,11,688,False,True,True,0,88,10,1,1,24,24,0,12
D10|SMOOTHIE_SHOP+PET_CAFE+SMOOTHIE_SHOP|LOW,10,SMOOTHIE_SHOP,PET_CAFE,SMOOTHIE_SHOP,LOW,11,1308,False,True,False,2,88,10,1,1,32,14,0,12
D10|SMOOTHIE_SHOP+PET_CAFE+SMOOTHIE_SHOP|BASE,10,SMOOTHIE_SHOP,PET_CAFE,SMOOTHIE_SHOP,BASE,11,1698,False,True,False,1,88,11,1,1,32,14,0,12
D10|SMOOTHIE_SHOP+PET_CAFE+SMOOTHIE_SHOP|HIGH,10,SMOOTHIE_SHOP,PET_CAFE,SMOOTHIE_SHOP,HIGH,12,2098,False,True,False,1,88,12,1,1,32,14,0,12
D10|SMOOTHIE_SHOP+PET_CAFE+FARMERS_MARKET|LOW,10,SMOOTHIE_SHOP,PET_CAFE,FARMERS_MARKET,LOW,11,1168,False,True,False,0,88,10,1,1,30,18,0,12
D10|SMOOTHIE_SHOP+PET_CAFE+FARMERS_MARKET|BASE,10,SMOOTHIE_SHOP,PET_CAFE,FARMERS_MARKET,BASE,11,1368,False,True,False,0,88,10,1,1,32,18,0,12
D10|SMOOTHIE_SHOP+PET_CAFE+FARMERS_MARKET|HIGH,10,SMOOTHIE_SHOP,PET_CAFE,FARMERS_MARKET,HIGH,11,1368,False,True,True,0,88,10,1,1,32,18,0,12
D10|SMOOTHIE_SHOP+SMOOTHIE_SHOP+BAKERY|LOW,10,SMOOTHIE_SHOP,SMOOTHIE_SHOP,BAKERY,LOW,11,768,False,True,False,8,88,11,1,1,32,0,0,12
D10|SMOOTHIE_SHOP+SMOOTHIE_SHOP+BAKERY|BASE,10,SMOOTHIE_SHOP,SMOOTHIE_SHOP,BAKERY,BASE,11,768,False,True,False,8,88,11,1,1,32,0,0,12
D10|SMOOTHIE_SHOP+SMOOTHIE_SHOP+BAKERY|HIGH,10,SMOOTHIE_SHOP,SMOOTHIE_SHOP,BAKERY,HIGH,12,1068,False,True,False,8,88,11,1,2,32,0,0,12
D10|SMOOTHIE_SHOP+SMOOTHIE_SHOP+PIZZA_SHOP|LOW,10,SMOOTHIE_SHOP,SMOOTHIE_SHOP,PIZZA_SHOP,LOW,11,1008,False,True,False,2,88,11,1,1,32,0,6,12
D10|SMOOTHIE_SHOP+SMOOTHIE_SHOP+PIZZA_SHOP|BASE,10,SMOOTHIE_SHOP,SMOOTHIE_SHOP,PIZZA_SHOP,BASE,11,1398,False,True,False,1,88,12,1,1,32,0,6,12
D10|SMOOTHIE_SHOP+SMOOTHIE_SHOP+PIZZA_SHOP|HIGH,10,SMOOTHIE_SHOP,SMOOTHIE_SHOP,PIZZA_SHOP,HIGH,12,1798,False,True,False,1,88,13,1,1,32,0,6,12
D10|SMOOTHIE_SHOP+SMOOTHIE_SHOP+BRUNCH_SPOT|LOW,10,SMOOTHIE_SHOP,SMOOTHIE_SHOP,BRUNCH_SPOT,LOW,11,1128,False,True,False,4,88,11,1,1,36,0,0,12
D10|SMOOTHIE_SHOP+SMOOTHIE_SHOP+BRUNCH_SPOT|BASE,10,SMOOTHIE_SHOP,SMOOTHIE_SHOP,BRUNCH_SPOT,BASE,11,1128,False,True,False,4,88,11,1,1,36,0,0,12
D10|SMOOTHIE_SHOP+SMOOTHIE_SHOP+BRUNCH_SPOT|HIGH,10,SMOOTHIE_SHOP,SMOOTHIE_SHOP,BRUNCH_SPOT,HIGH,12,1428,False,True,False,4,88,11,1,2,36,0,0,12
D10|SMOOTHIE_SHOP+SMOOTHIE_SHOP+YARN_STORE|LOW,10,SMOOTHIE_SHOP,SMOOTHIE_SHOP,YARN_STORE,LOW,11,1258,False,True,False,7,88,11,2,1,32,0,0,12
D10|SMOOTHIE_SHOP+SMOOTHIE_SHOP+YARN_STORE|BASE,10,SMOOTHIE_SHOP,SMOOTHIE_SHOP,YARN_STORE,BASE,11,1748,False,True,False,6,88,11,3,1,32,0,0,12
D10|SMOOTHIE_SHOP+SMOOTHIE_SHOP+YARN_STORE|HIGH,10,SMOOTHIE_SHOP,SMOOTHIE_SHOP,YARN_STORE,HIGH,12,2248,False,True,False,6,88,11,4,1,32,0,0,12
D10|SMOOTHIE_SHOP+SMOOTHIE_SHOP+ICE_CREAM_SHOP|LOW,10,SMOOTHIE_SHOP,SMOOTHIE_SHOP,ICE_CREAM_SHOP,LOW,11,1128,False,True,False,4,88,11,1,1,36,0,0,12
D10|SMOOTHIE_SHOP+SMOOTHIE_SHOP+ICE_CREAM_SHOP|BASE,10,SMOOTHIE_SHOP,SMOOTHIE_SHOP,ICE_CREAM_SHOP,BASE,11,1518,False,True,False,3,88,12,1,1,36,0,0,12
D10|SMOOTHIE_SHOP+SMOOTHIE_SHOP+ICE_CREAM_SHOP|HIGH,10,SMOOTHIE_SHOP,SMOOTHIE_SHOP,ICE_CREAM_SHOP,HIGH,12,1918,False,True,False,3,88,13,1,1,36,0,0,12
D10|SMOOTHIE_SHOP+SMOOTHIE_SHOP+PET_CAFE|LOW,10,SMOOTHIE_SHOP,SMOOTHIE_SHOP,PET_CAFE,LOW,11,888,False,True,False,0,88,11,1,1,32,10,0,12
D10|SMOOTHIE_SHOP+SMOOTHIE_SHOP+PET_CAFE|BASE,10,SMOOTHIE_SHOP,SMOOTHIE_SHOP,PET_CAFE,BASE,11,968,False,True,False,0,88,11,1,1,32,14,0,12
D10|SMOOTHIE_SHOP+SMOOTHIE_SHOP+PET_CAFE|HIGH,10,SMOOTHIE_SHOP,SMOOTHIE_SHOP,PET_CAFE,HIGH,12,1048,False,True,False,0,88,11,1,1,32,18,0,12
D10|SMOOTHIE_SHOP+SMOOTHIE_SHOP+SMOOTHIE_SHOP|LOW,10,SMOOTHIE_SHOP,SMOOTHIE_SHOP,SMOOTHIE_SHOP,LOW,11,1128,False,True,False,4,88,11,1,1,36,0,0,12
D10|SMOOTHIE_SHOP+SMOOTHIE_SHOP+SMOOTHIE_SHOP|BASE,10,SMOOTHIE_SHOP,SMOOTHIE_SHOP,SMOOTHIE_SHOP,BASE,11,1518,False,True,False,3,88,12,1,1,36,0,0,12
D10|SMOOTHIE_SHOP+SMOOTHIE_SHOP+SMOOTHIE_SHOP|HIGH,10,SMOOTHIE_SHOP,SMOOTHIE_SHOP,SMOOTHIE_SHOP,HIGH,12,1918,False,True,False,3,88,13,1,1,36,0,0,12
D10|SMOOTHIE_SHOP+SMOOTHIE_SHOP+FARMERS_MARKET|LOW,10,SMOOTHIE_SHOP,SMOOTHIE_SHOP,FARMERS_MARKET,LOW,11,1008,False,True,False,0,88,11,1,1,34,6,0,12
D10|SMOOTHIE_SHOP+SMOOTHIE_SHOP+FARMERS_MARKET|BASE,10,SMOOTHIE_SHOP,SMOOTHIE_SHOP,FARMERS_MARKET,BASE,11,1208,False,True,False,0,88,11,1,1,36,6,0,12
D10|SMOOTHIE_SHOP+SMOOTHIE_SHOP+FARMERS_MARKET|HIGH,10,SMOOTHIE_SHOP,SMOOTHIE_SHOP,FARMERS_MARKET,HIGH,12,1408,False,True,False,0,88,11,1,1,38,6,0,12
D10|SMOOTHIE_SHOP+FARMERS_MARKET+BAKERY|LOW,10,SMOOTHIE_SHOP,FARMERS_MARKET,BAKERY,LOW,11,768,False,True,False,8,88,10,1,1,32,6,0,12
D10|SMOOTHIE_SHOP+FARMERS_MARKET+BAKERY|BASE,10,SMOOTHIE_SHOP,FARMERS_MARKET,BAKERY,BASE,11,768,False,True,False,8,88,10,1,1,32,6,0,12
D10|SMOOTHIE_SHOP+FARMERS_MARKET+BAKERY|HIGH,10,SMOOTHIE_SHOP,FARMERS_MARKET,BAKERY,HIGH,12,1068,False,True,False,8,88,10,1,2,32,6,0,12
D10|SMOOTHIE_SHOP+FARMERS_MARKET+PIZZA_SHOP|LOW,10,SMOOTHIE_SHOP,FARMERS_MARKET,PIZZA_SHOP,LOW,11,1008,False,True,False,2,88,10,1,1,32,6,6,12
D10|SMOOTHIE_SHOP+FARMERS_MARKET+PIZZA_SHOP|BASE,10,SMOOTHIE_SHOP,FARMERS_MARKET,PIZZA_SHOP,BASE,11,1398,False,True,False,1,88,11,1,1,32,6,6,12
D10|SMOOTHIE_SHOP+FARMERS_MARKET+PIZZA_SHOP|HIGH,10,SMOOTHIE_SHOP,FARMERS_MARKET,PIZZA_SHOP,HIGH,12,1798,False,True,False,1,88,12,1,1,32,6,6,12
D10|SMOOTHIE_SHOP+FARMERS_MARKET+BRUNCH_SPOT|LOW,10,SMOOTHIE_SHOP,FARMERS_MARKET,BRUNCH_SPOT,LOW,11,1128,False,True,False,4,88,10,1,1,36,6,0,12
D10|SMOOTHIE_SHOP+FARMERS_MARKET+BRUNCH_SPOT|BASE,10,SMOOTHIE_SHOP,FARMERS_MARKET,BRUNCH_SPOT,BASE,11,1128,False,True,False,4,88,10,1,1,36,6,0,12
D10|SMOOTHIE_SHOP+FARMERS_MARKET+BRUNCH_SPOT|HIGH,10,SMOOTHIE_SHOP,FARMERS_MARKET,BRUNCH_SPOT,HIGH,12,1428,False,True,False,4,88,10,1,2,36,6,0,12
D10|SMOOTHIE_SHOP+FARMERS_MARKET+YARN_STORE|LOW,10,SMOOTHIE_SHOP,FARMERS_MARKET,YARN_STORE,LOW,11,1258,False,True,False,7,88,10,2,1,32,6,0,12
D10|SMOOTHIE_SHOP+FARMERS_MARKET+YARN_STORE|BASE,10,SMOOTHIE_SHOP,FARMERS_MARKET,YARN_STORE,BASE,11,1748,False,True,False,6,88,10,3,1,32,6,0,12
D10|SMOOTHIE_SHOP+FARMERS_MARKET+YARN_STORE|HIGH,10,SMOOTHIE_SHOP,FARMERS_MARKET,YARN_STORE,HIGH,12,2248,False,True,False,6,88,10,4,1,32,6,0,12
D10|SMOOTHIE_SHOP+FARMERS_MARKET+ICE_CREAM_SHOP|LOW,10,SMOOTHIE_SHOP,FARMERS_MARKET,ICE_CREAM_SHOP,LOW,11,1128,False,True,False,4,88,10,1,1,36,6,0,12
D10|SMOOTHIE_SHOP+FARMERS_MARKET+ICE_CREAM_SHOP|BASE,10,SMOOTHIE_SHOP,FARMERS_MARKET,ICE_CREAM_SHOP,BASE,11,1518,False,True,False,3,88,11,1,1,36,6,0,12
D10|SMOOTHIE_SHOP+FARMERS_MARKET+ICE_CREAM_SHOP|HIGH,10,SMOOTHIE_SHOP,FARMERS_MARKET,ICE_CREAM_SHOP,HIGH,12,1918,False,True,False,3,88,12,1,1,36,6,0,12
D10|SMOOTHIE_SHOP+FARMERS_MARKET+PET_CAFE|LOW,10,SMOOTHIE_SHOP,FARMERS_MARKET,PET_CAFE,LOW,11,848,False,True,False,0,88,10,1,1,32,14,0,12
D10|SMOOTHIE_SHOP+FARMERS_MARKET+PET_CAFE|BASE,10,SMOOTHIE_SHOP,FARMERS_MARKET,PET_CAFE,BASE,11,928,False,True,False,0,88,10,1,1,32,18,0,12
D10|SMOOTHIE_SHOP+FARMERS_MARKET+PET_CAFE|HIGH,10,SMOOTHIE_SHOP,FARMERS_MARKET,PET_CAFE,HIGH,11,928,False,True,True,0,88,10,1,1,32,18,0,12
D10|SMOOTHIE_SHOP+FARMERS_MARKET+SMOOTHIE_SHOP|LOW,10,SMOOTHIE_SHOP,FARMERS_MARKET,SMOOTHIE_SHOP,LOW,11,1128,False,True,False,4,88,10,1,1,36,6,0,12
D10|SMOOTHIE_SHOP+FARMERS_MARKET+SMOOTHIE_SHOP|BASE,10,SMOOTHIE_SHOP,FARMERS_MARKET,SMOOTHIE_SHOP,BASE,11,1518,False,True,False,3,88,11,1,1,36,6,0,12
D10|SMOOTHIE_SHOP+FARMERS_MARKET+SMOOTHIE_SHOP|HIGH,10,SMOOTHIE_SHOP,FARMERS_MARKET,SMOOTHIE_SHOP,HIGH,12,1918,False,True,False,3,88,12,1,1,36,6,0,12
D10|SMOOTHIE_SHOP+FARMERS_MARKET+FARMERS_MARKET|LOW,10,SMOOTHIE_SHOP,FARMERS_MARKET,FARMERS_MARKET,LOW,11,948,False,True,False,6,88,10,1,1,34,6,0,12
D10|SMOOTHIE_SHOP+FARMERS_MARKET+FARMERS_MARKET|BASE,10,SMOOTHIE_SHOP,FARMERS_MARKET,FARMERS_MARKET,BASE,11,1128,False,True,False,4,88,10,1,1,36,6,0,12
D10|SMOOTHIE_SHOP+FARMERS_MARKET+FARMERS_MARKET|HIGH,10,SMOOTHIE_SHOP,FARMERS_MARKET,FARMERS_MARKET,HIGH,12,1328,False,True,False,4,88,10,1,1,38,6,0,12
D10|FARMERS_MARKET+BAKERY+BAKERY|LOW,10,FARMERS_MARKET,BAKERY,BAKERY,LOW,11,468,False,True,False,8,88,2,1,5,24,6,0,12
D10|FARMERS_MARKET+BAKERY+BAKERY|BASE,10,FARMERS_MARKET,BAKERY,BAKERY,BASE,11,758,False,True,False,7,88,2,1,6,24,6,0,12
D10|FARMERS_MARKET+BAKERY+BAKERY|HIGH,10,FARMERS_MARKET,BAKERY,BAKERY,HIGH,12,1058,False,True,False,7,88,2,1,7,24,6,0,12
D10|FARMERS_MARKET+BAKERY+PIZZA_SHOP|LOW,10,FARMERS_MARKET,BAKERY,PIZZA_SHOP,LOW,11,808,False,True,False,2,88,3,1,4,24,6,6,12
D10|FARMERS_MARKET+BAKERY+PIZZA_SHOP|BASE,10,FARMERS_MARKET,BAKERY,PIZZA_SHOP,BASE,11,1198,False,True,False,1,88,4,1,4,24,6,6,12
D10|FARMERS_MARKET+BAKERY+PIZZA_SHOP|HIGH,10,FARMERS_MARKET,BAKERY,PIZZA_SHOP,HIGH,12,1598,False,True,False,1,88,5,1,4,24,6,6,12
D10|FARMERS_MARKET+BAKERY+BRUNCH_SPOT|LOW,10,FARMERS_MARKET,BAKERY,BRUNCH_SPOT,LOW,11,1188,False,True,False,0,88,2,1,5,32,6,0,12
D10|FARMERS_MARKET+BAKERY+BRUNCH_SPOT|BASE,10,FARMERS_MARKET,BAKERY,BRUNCH_SPOT,BASE,11,1488,False,True,False,0,88,2,1,6,32,6,0,12
D10|FARMERS_MARKET+BAKERY+BRUNCH_SPOT|HIGH,10,FARMERS_MARKET,BAKERY,BRUNCH_SPOT,HIGH,12,1788,False,True,False,0,88,2,1,7,32,6,0,12
D10|FARMERS_MARKET+BAKERY+YARN_STORE|LOW,10,FARMERS_MARKET,BAKERY,YARN_STORE,LOW,11,668,False,True,False,8,88,2,2,4,24,6,0,12
D10|FARMERS_MARKET+BAKERY+YARN_STORE|BASE,10,FARMERS_MARKET,BAKERY,YARN_STORE,BASE,11,1158,False,True,False,7,88,2,3,4,24,6,0,12
D10|FARMERS_MARKET+BAKERY+YARN_STORE|HIGH,10,FARMERS_MARKET,BAKERY,YARN_STORE,HIGH,12,1658,False,True,False,7,88,2,4,4,24,6,0,12
D10|FARMERS_MARKET+BAKERY+ICE_CREAM_SHOP|LOW,10,FARMERS_MARKET,BAKERY,ICE_CREAM_SHOP,LOW,11,1288,False,True,False,0,88,3,1,4,32,6,0,12
D10|FARMERS_MARKET+BAKERY+ICE_CREAM_SHOP|BASE,10,FARMERS_MARKET,BAKERY,ICE_CREAM_SHOP,BASE,11,1688,False,True,False,0,88,4,1,4,32,6,0,12
D10|FARMERS_MARKET+BAKERY+ICE_CREAM_SHOP|HIGH,10,FARMERS_MARKET,BAKERY,ICE_CREAM_SHOP,HIGH,12,2088,False,True,False,0,88,5,1,4,32,6,0,12
D10|FARMERS_MARKET+BAKERY+PET_CAFE|LOW,10,FARMERS_MARKET,BAKERY,PET_CAFE,LOW,11,258,False,True,False,1,88,2,1,4,24,14,0,12
D10|FARMERS_MARKET+BAKERY+PET_CAFE|BASE,10,FARMERS_MARKET,BAKERY,PET_CAFE,BASE,11,328,False,True,False,0,88,2,1,4,24,18,0,12
D10|FARMERS_MARKET+BAKERY+PET_CAFE|HIGH,10,FARMERS_MARKET,BAKERY,PET_CAFE,HIGH,12,408,False,True,False,0,88,2,1,4,24,22,0,12
D10|FARMERS_MARKET+BAKERY+SMOOTHIE_SHOP|LOW,10,FARMERS_MARKET,BAKERY,SMOOTHIE_SHOP,LOW,11,1288,False,True,False,0,88,3,1,4,32,6,0,12
D10|FARMERS_MARKET+BAKERY+SMOOTHIE_SHOP|BASE,10,FARMERS_MARKET,BAKERY,SMOOTHIE_SHOP,BASE,11,1688,False,True,False,0,88,4,1,4,32,6,0,12
D10|FARMERS_MARKET+BAKERY+SMOOTHIE_SHOP|HIGH,10,FARMERS_MARKET,BAKERY,SMOOTHIE_SHOP,HIGH,12,2088,False,True,False,0,88,5,1,4,32,6,0,12
D10|FARMERS_MARKET+BAKERY+FARMERS_MARKET|LOW,10,FARMERS_MARKET,BAKERY,FARMERS_MARKET,LOW,11,718,False,True,False,3,88,2,1,4,30,6,0,12
D10|FARMERS_MARKET+BAKERY+FARMERS_MARKET|BASE,10,FARMERS_MARKET,BAKERY,FARMERS_MARKET,BASE,11,898,False,True,False,1,88,2,1,4,32,6,0,12
D10|FARMERS_MARKET+BAKERY+FARMERS_MARKET|HIGH,10,FARMERS_MARKET,BAKERY,FARMERS_MARKET,HIGH,12,1098,False,True,False,1,88,2,1,4,34,6,0,12
D10|FARMERS_MARKET+PIZZA_SHOP+BAKERY|LOW,10,FARMERS_MARKET,PIZZA_SHOP,BAKERY,LOW,11,598,False,True,False,11,88,7,1,3,24,6,8,12
D10|FARMERS_MARKET+PIZZA_SHOP+BAKERY|BASE,10,FARMERS_MARKET,PIZZA_SHOP,BAKERY,BASE,11,598,False,True,False,11,88,7,1,3,24,6,8,12
D10|FARMERS_MARKET+PIZZA_SHOP+BAKERY|HIGH,10,FARMERS_MARKET,PIZZA_SHOP,BAKERY,HIGH,12,898,False,True,False,11,88,7,1,4,24,6,8,12
D10|FARMERS_MARKET+PIZZA_SHOP+PIZZA_SHOP|LOW,10,FARMERS_MARKET,PIZZA_SHOP,PIZZA_SHOP,LOW,11,1158,False,True,False,7,88,8,1,3,24,6,12,12
D10|FARMERS_MARKET+PIZZA_SHOP+PIZZA_SHOP|BASE,10,FARMERS_MARKET,PIZZA_SHOP,PIZZA_SHOP,BASE,11,1548,False,True,False,6,88,9,1,3,24,6,12,12
D10|FARMERS_MARKET+PIZZA_SHOP+PIZZA_SHOP|HIGH,10,FARMERS_MARKET,PIZZA_SHOP,PIZZA_SHOP,HIGH,12,1748,False,True,False,6,88,9,1,3,26,6,12,12
D10|FARMERS_MARKET+PIZZA_SHOP+BRUNCH_SPOT|LOW,10,FARMERS_MARKET,PIZZA_SHOP,BRUNCH_SPOT,LOW,11,1328,False,True,False,4,88,7,1,3,32,6,8,12
D10|FARMERS_MARKET+PIZZA_SHOP+BRUNCH_SPOT|BASE,10,FARMERS_MARKET,PIZZA_SHOP,BRUNCH_SPOT,BASE,11,1328,False,True,False,4,88,7,1,3,32,6,8,12
D10|FARMERS_MARKET+PIZZA_SHOP+BRUNCH_SPOT|HIGH,10,FARMERS_MARKET,PIZZA_SHOP,BRUNCH_SPOT,HIGH,12,1628,False,True,False,4,88,7,1,4,32,6,8,12
D10|FARMERS_MARKET+PIZZA_SHOP+YARN_STORE|LOW,10,FARMERS_MARKET,PIZZA_SHOP,YARN_STORE,LOW,11,1098,False,True,False,11,88,7,2,3,24,6,8,12
D10|FARMERS_MARKET+PIZZA_SHOP+YARN_STORE|BASE,10,FARMERS_MARKET,PIZZA_SHOP,YARN_STORE,BASE,11,1588,False,True,False,10,88,7,3,3,24,6,8,12
D10|FARMERS_MARKET+PIZZA_SHOP+YARN_STORE|HIGH,10,FARMERS_MARKET,PIZZA_SHOP,YARN_STORE,HIGH,12,2088,False,True,False,10,88,7,4,3,24,6,8,12
D10|FARMERS_MARKET+PIZZA_SHOP+ICE_CREAM_SHOP|LOW,10,FARMERS_MARKET,PIZZA_SHOP,ICE_CREAM_SHOP,LOW,11,1718,False,True,False,3,88,8,1,3,32,6,8,12
D10|FARMERS_MARKET+PIZZA_SHOP+ICE_CREAM_SHOP|BASE,10,FARMERS_MARKET,PIZZA_SHOP,ICE_CREAM_SHOP,BASE,11,2108,False,True,False,2,88,9,1,3,32,6,8,12
D10|FARMERS_MARKET+PIZZA_SHOP+ICE_CREAM_SHOP|HIGH,10,FARMERS_MARKET,PIZZA_SHOP,ICE_CREAM_SHOP,HIGH,12,2308,False,True,False,2,88,9,1,3,34,6,8,12
D10|FARMERS_MARKET+PIZZA_SHOP+PET_CAFE|LOW,10,FARMERS_MARKET,PIZZA_SHOP,PET_CAFE,LOW,11,688,False,True,False,4,88,7,1,3,24,14,8,12
D10|FARMERS_MARKET+PIZZA_SHOP+PET_CAFE|BASE,10,FARMERS_MARKET,PIZZA_SHOP,PET_CAFE,BASE,11,728,False,True,False,0,88,7,1,3,24,18,8,12
D10|FARMERS_MARKET+PIZZA_SHOP+PET_CAFE|HIGH,10,FARMERS_MARKET,PIZZA_SHOP,PET_CAFE,HIGH,11,728,False,True,True,0,88,7,1,3,24,18,8,12
D10|FARMERS_MARKET+PIZZA_SHOP+SMOOTHIE_SHOP|LOW,10,FARMERS_MARKET,PIZZA_SHOP,SMOOTHIE_SHOP,LOW,11,1718,False,True,False,3,88,8,1,3,32,6,8,12
D10|FARMERS_MARKET+PIZZA_SHOP+SMOOTHIE_SHOP|BASE,10,FARMERS_MARKET,PIZZA_SHOP,SMOOTHIE_SHOP,BASE,11,2108,False,True,False,2,88,9,1,3,32,6,8,12
D10|FARMERS_MARKET+PIZZA_SHOP+SMOOTHIE_SHOP|HIGH,10,FARMERS_MARKET,PIZZA_SHOP,SMOOTHIE_SHOP,HIGH,12,2308,False,True,False,2,88,9,1,3,34,6,8,12
D10|FARMERS_MARKET+PIZZA_SHOP+FARMERS_MARKET|LOW,10,FARMERS_MARKET,PIZZA_SHOP,FARMERS_MARKET,LOW,11,1148,False,True,False,6,88,7,1,3,30,6,8,12
D10|FARMERS_MARKET+PIZZA_SHOP+FARMERS_MARKET|BASE,10,FARMERS_MARKET,PIZZA_SHOP,FARMERS_MARKET,BASE,11,1328,False,True,False,4,88,7,1,3,32,6,8,12
D10|FARMERS_MARKET+PIZZA_SHOP+FARMERS_MARKET|HIGH,10,FARMERS_MARKET,PIZZA_SHOP,FARMERS_MARKET,HIGH,12,1528,False,True,False,4,88,7,1,3,34,6,8,12
D10|FARMERS_MARKET+BRUNCH_SPOT+BAKERY|LOW,10,FARMERS_MARKET,BRUNCH_SPOT,BAKERY,LOW,11,678,False,True,False,9,88,2,1,5,32,6,0,12
D10|FARMERS_MARKET+BRUNCH_SPOT+BAKERY|BASE,10,FARMERS_MARKET,BRUNCH_SPOT,BAKERY,BASE,11,968,False,True,False,8,88,2,1,6,32,6,0,12
D10|FARMERS_MARKET+BRUNCH_SPOT+BAKERY|HIGH,10,FARMERS_MARKET,BRUNCH_SPOT,BAKERY,HIGH,12,1268,False,True,False,8,88,2,1,7,32,6,0,12
D10|FARMERS_MARKET+BRUNCH_SPOT+PIZZA_SHOP|LOW,10,FARMERS_MARKET,BRUNCH_SPOT,PIZZA_SHOP,LOW,11,1018,False,True,False,3,88,3,1,4,32,6,6,12
D10|FARMERS_MARKET+BRUNCH_SPOT+PIZZA_SHOP|BASE,10,FARMERS_MARKET,BRUNCH_SPOT,PIZZA_SHOP,BASE,11,1408,False,True,False,2,88,4,1,4,32,6,6,12
D10|FARMERS_MARKET+BRUNCH_SPOT+PIZZA_SHOP|HIGH,10,FARMERS_MARKET,BRUNCH_SPOT,PIZZA_SHOP,HIGH,12,1808,False,True,False,2,88,5,1,4,32,6,6,12
D10|FARMERS_MARKET+BRUNCH_SPOT+BRUNCH_SPOT|LOW,10,FARMERS_MARKET,BRUNCH_SPOT,BRUNCH_SPOT,LOW,11,1038,False,True,False,5,88,2,1,5,36,6,0,12
D10|FARMERS_MARKET+BRUNCH_SPOT+BRUNCH_SPOT|BASE,10,FARMERS_MARKET,BRUNCH_SPOT,BRUNCH_SPOT,BASE,11,1328,False,True,False,4,88,2,1,6,36,6,0,12
D10|FARMERS_MARKET+BRUNCH_SPOT+BRUNCH_SPOT|HIGH,10,FARMERS_MARKET,BRUNCH_SPOT,BRUNCH_SPOT,HIGH,12,1628,False,True,False,4,88,2,1,7,36,6,0,12
D10|FARMERS_MARKET+BRUNCH_SPOT+YARN_STORE|LOW,10,FARMERS_MARKET,BRUNCH_SPOT,YARN_STORE,LOW,11,878,False,True,False,9,88,2,2,4,32,6,0,12
D10|FARMERS_MARKET+BRUNCH_SPOT+YARN_STORE|BASE,10,FARMERS_MARKET,BRUNCH_SPOT,YARN_STORE,BASE,11,1368,False,True,False,8,88,2,3,4,32,6,0,12
D10|FARMERS_MARKET+BRUNCH_SPOT+YARN_STORE|HIGH,10,FARMERS_MARKET,BRUNCH_SPOT,YARN_STORE,HIGH,12,1868,False,True,False,8,88,2,4,4,32,6,0,12
D10|FARMERS_MARKET+BRUNCH_SPOT+ICE_CREAM_SHOP|LOW,10,FARMERS_MARKET,BRUNCH_SPOT,ICE_CREAM_SHOP,LOW,11,1138,False,True,False,5,88,3,1,4,36,6,0,12
D10|FARMERS_MARKET+BRUNCH_SPOT+ICE_CREAM_SHOP|BASE,10,FARMERS_MARKET,BRUNCH_SPOT,ICE_CREAM_SHOP,BASE,11,1528,False,True,False,4,88,4,1,4,36,6,0,12
D10|FARMERS_MARKET+BRUNCH_SPOT+ICE_CREAM_SHOP|HIGH,10,FARMERS_MARKET,BRUNCH_SPOT,ICE_CREAM_SHOP,HIGH,12,1928,False,True,False,4,88,5,1,4,36,6,0,12
D10|FARMERS_MARKET+BRUNCH_SPOT+PET_CAFE|LOW,10,FARMERS_MARKET,BRUNCH_SPOT,PET_CAFE,LOW,11,468,False,True,False,2,88,2,1,4,32,14,0,12
D10|FARMERS_MARKET+BRUNCH_SPOT+PET_CAFE|BASE,10,FARMERS_MARKET,BRUNCH_SPOT,PET_CAFE,BASE,11,528,False,True,False,0,88,2,1,4,32,18,0,12
D10|FARMERS_MARKET+BRUNCH_SPOT+PET_CAFE|HIGH,10,FARMERS_MARKET,BRUNCH_SPOT,PET_CAFE,HIGH,12,608,False,True,False,0,88,2,1,4,32,22,0,12
D10|FARMERS_MARKET+BRUNCH_SPOT+SMOOTHIE_SHOP|LOW,10,FARMERS_MARKET,BRUNCH_SPOT,SMOOTHIE_SHOP,LOW,11,1138,False,True,False,5,88,3,1,4,36,6,0,12
D10|FARMERS_MARKET+BRUNCH_SPOT+SMOOTHIE_SHOP|BASE,10,FARMERS_MARKET,BRUNCH_SPOT,SMOOTHIE_SHOP,BASE,11,1528,False,True,False,4,88,4,1,4,36,6,0,12
D10|FARMERS_MARKET+BRUNCH_SPOT+SMOOTHIE_SHOP|HIGH,10,FARMERS_MARKET,BRUNCH_SPOT,SMOOTHIE_SHOP,HIGH,12,1928,False,True,False,4,88,5,1,4,36,6,0,12
D10|FARMERS_MARKET+BRUNCH_SPOT+FARMERS_MARKET|LOW,10,FARMERS_MARKET,BRUNCH_SPOT,FARMERS_MARKET,LOW,11,568,False,True,False,8,88,2,1,4,34,6,0,12
D10|FARMERS_MARKET+BRUNCH_SPOT+FARMERS_MARKET|BASE,10,FARMERS_MARKET,BRUNCH_SPOT,FARMERS_MARKET,BASE,11,748,False,True,False,6,88,2,1,4,36,6,0,12
D10|FARMERS_MARKET+BRUNCH_SPOT+FARMERS_MARKET|HIGH,10,FARMERS_MARKET,BRUNCH_SPOT,FARMERS_MARKET,HIGH,12,948,False,True,False,6,88,2,1,4,38,6,0,12
D10|FARMERS_MARKET+YARN_STORE+BAKERY|LOW,10,FARMERS_MARKET,YARN_STORE,BAKERY,LOW,11,648,False,True,False,6,88,2,6,3,24,6,0,12
D10|FARMERS_MARKET+YARN_STORE+BAKERY|BASE,10,FARMERS_MARKET,YARN_STORE,BAKERY,BASE,11,648,False,True,False,6,88,2,6,3,24,6,0,12
D10|FARMERS_MARKET+YARN_STORE+BAKERY|HIGH,10,FARMERS_MARKET,YARN_STORE,BAKERY,HIGH,12,948,False,True,False,6,88,2,6,4,24,6,0,12
D10|FARMERS_MARKET+YARN_STORE+PIZZA_SHOP|LOW,10,FARMERS_MARKET,YARN_STORE,PIZZA_SHOP,LOW,11,1288,False,True,False,0,88,3,6,3,24,6,6,12
D10|FARMERS_MARKET+YARN_STORE+PIZZA_SHOP|BASE,10,FARMERS_MARKET,YARN_STORE,PIZZA_SHOP,BASE,11,1688,False,True,False,0,88,4,6,3,24,6,6,12
D10|FARMERS_MARKET+YARN_STORE+PIZZA_SHOP|HIGH,10,FARMERS_MARKET,YARN_STORE,PIZZA_SHOP,HIGH,12,2088,False,True,False,0,88,5,6,3,24,6,6,12
D10|FARMERS_MARKET+YARN_STORE+BRUNCH_SPOT|LOW,10,FARMERS_MARKET,YARN_STORE,BRUNCH_SPOT,LOW,11,1388,False,True,False,0,88,2,6,3,32,6,0,12
D10|FARMERS_MARKET+YARN_STORE+BRUNCH_SPOT|BASE,10,FARMERS_MARKET,YARN_STORE,BRUNCH_SPOT,BASE,11,1388,False,True,False,0,88,2,6,3,32,6,0,12
D10|FARMERS_MARKET+YARN_STORE+BRUNCH_SPOT|HIGH,10,FARMERS_MARKET,YARN_STORE,BRUNCH_SPOT,HIGH,12,1688,False,True,False,0,88,2,6,4,32,6,0,12
D10|FARMERS_MARKET+YARN_STORE+YARN_STORE|LOW,10,FARMERS_MARKET,YARN_STORE,YARN_STORE,LOW,11,1138,False,True,False,5,88,2,7,3,24,6,0,12
D10|FARMERS_MARKET+YARN_STORE+YARN_STORE|BASE,10,FARMERS_MARKET,YARN_STORE,YARN_STORE,BASE,11,1628,False,True,False,4,88,2,8,3,24,6,0,12
D10|FARMERS_MARKET+YARN_STORE+YARN_STORE|HIGH,10,FARMERS_MARKET,YARN_STORE,YARN_STORE,HIGH,12,1828,False,True,False,4,88,2,8,3,26,6,0,12
D10|FARMERS_MARKET+YARN_STORE+ICE_CREAM_SHOP|LOW,10,FARMERS_MARKET,YARN_STORE,ICE_CREAM_SHOP,LOW,11,1788,False,True,False,0,88,3,6,3,32,6,0,12
D10|FARMERS_MARKET+YARN_STORE+ICE_CREAM_SHOP|BASE,10,FARMERS_MARKET,YARN_STORE,ICE_CREAM_SHOP,BASE,11,2188,False,True,False,0,88,4,6,3,32,6,0,12
D10|FARMERS_MARKET+YARN_STORE+ICE_CREAM_SHOP|HIGH,10,FARMERS_MARKET,YARN_STORE,ICE_CREAM_SHOP,HIGH,12,2588,False,True,False,0,88,5,6,3,32,6,0,12
D10|FARMERS_MARKET+YARN_STORE+PET_CAFE|LOW,10,FARMERS_MARKET,YARN_STORE,PET_CAFE,LOW,11,748,False,True,False,0,88,2,6,3,24,14,0,12
D10|FARMERS_MARKET+YARN_STORE+PET_CAFE|BASE,10,FARMERS_MARKET,YARN_STORE,PET_CAFE,BASE,11,828,False,True,False,0,88,2,6,3,24,18,0,12
D10|FARMERS_MARKET+YARN_STORE+PET_CAFE|HIGH,10,FARMERS_MARKET,YARN_STORE,PET_CAFE,HIGH,12,908,False,True,False,0,88,2,6,3,24,22,0,12
D10|FARMERS_MARKET+YARN_STORE+SMOOTHIE_SHOP|LOW,10,FARMERS_MARKET,YARN_STORE,SMOOTHIE_SHOP,LOW,11,1788,False,True,False,0,88,3,6,3,32,6,0,12
D10|FARMERS_MARKET+YARN_STORE+SMOOTHIE_SHOP|BASE,10,FARMERS_MARKET,YARN_STORE,SMOOTHIE_SHOP,BASE,11,2188,False,True,False,0,88,4,6,3,32,6,0,12
D10|FARMERS_MARKET+YARN_STORE+SMOOTHIE_SHOP|HIGH,10,FARMERS_MARKET,YARN_STORE,SMOOTHIE_SHOP,HIGH,12,2588,False,True,False,0,88,5,6,3,32,6,0,12
D10|FARMERS_MARKET+YARN_STORE+FARMERS_MARKET|LOW,10,FARMERS_MARKET,YARN_STORE,FARMERS_MARKET,LOW,11,1188,False,True,False,0,88,2,6,3,30,6,0,12
D10|FARMERS_MARKET+YARN_STORE+FARMERS_MARKET|BASE,10,FARMERS_MARKET,YARN_STORE,FARMERS_MARKET,BASE,11,1388,False,True,False,0,88,2,6,3,32,6,0,12
D10|FARMERS_MARKET+YARN_STORE+FARMERS_MARKET|HIGH,10,FARMERS_MARKET,YARN_STORE,FARMERS_MARKET,HIGH,12,1588,False,True,False,0,88,2,6,3,34,6,0,12
D10|FARMERS_MARKET+ICE_CREAM_SHOP+BAKERY|LOW,10,FARMERS_MARKET,ICE_CREAM_SHOP,BAKERY,LOW,11,778,False,True,False,9,88,7,1,3,32,6,0,12
D10|FARMERS_MARKET+ICE_CREAM_SHOP+BAKERY|BASE,10,FARMERS_MARKET,ICE_CREAM_SHOP,BAKERY,BASE,11,778,False,True,False,9,88,7,1,3,32,6,0,12
D10|FARMERS_MARKET+ICE_CREAM_SHOP+BAKERY|HIGH,10,FARMERS_MARKET,ICE_CREAM_SHOP,BAKERY,HIGH,12,1078,False,True,False,9,88,7,1,4,32,6,0,12
D10|FARMERS_MARKET+ICE_CREAM_SHOP+PIZZA_SHOP|LOW,10,FARMERS_MARKET,ICE_CREAM_SHOP,PIZZA_SHOP,LOW,11,1408,False,True,False,2,88,8,1,3,32,6,6,12
D10|FARMERS_MARKET+ICE_CREAM_SHOP+PIZZA_SHOP|BASE,10,FARMERS_MARKET,ICE_CREAM_SHOP,PIZZA_SHOP,BASE,11,1798,False,True,False,1,88,9,1,3,32,6,6,12
D10|FARMERS_MARKET+ICE_CREAM_SHOP+PIZZA_SHOP|HIGH,10,FARMERS_MARKET,ICE_CREAM_SHOP,PIZZA_SHOP,HIGH,12,1998,False,True,False,1,88,9,1,3,34,6,6,12
D10|FARMERS_MARKET+ICE_CREAM_SHOP+BRUNCH_SPOT|LOW,10,FARMERS_MARKET,ICE_CREAM_SHOP,BRUNCH_SPOT,LOW,11,1138,False,True,False,5,88,7,1,3,36,6,0,12
D10|FARMERS_MARKET+ICE_CREAM_SHOP+BRUNCH_SPOT|BASE,10,FARMERS_MARKET,ICE_CREAM_SHOP,BRUNCH_SPOT,BASE,11,1138,False,True,False,5,88,7,1,3,36,6,0,12
D10|FARMERS_MARKET+ICE_CREAM_SHOP+BRUNCH_SPOT|HIGH,10,FARMERS_MARKET,ICE_CREAM_SHOP,BRUNCH_SPOT,HIGH,12,1438,False,True,False,5,88,7,1,4,36,6,0,12
D10|FARMERS_MARKET+ICE_CREAM_SHOP+YARN_STORE|LOW,10,FARMERS_MARKET,ICE_CREAM_SHOP,YARN_STORE,LOW,11,1268,False,True,False,8,88,7,2,3,32,6,0,12
D10|FARMERS_MARKET+ICE_CREAM_SHOP+YARN_STORE|BASE,10,FARMERS_MARKET,ICE_CREAM_SHOP,YARN_STORE,BASE,11,1758,False,True,False,7,88,7,3,3,32,6,0,12
D10|FARMERS_MARKET+ICE_CREAM_SHOP+YARN_STORE|HIGH,10,FARMERS_MARKET,ICE_CREAM_SHOP,YARN_STORE,HIGH,12,2258,False,True,False,7,88,7,4,3,32,6,0,12
D10|FARMERS_MARKET+ICE_CREAM_SHOP+ICE_CREAM_SHOP|LOW,10,FARMERS_MARKET,ICE_CREAM_SHOP,ICE_CREAM_SHOP,LOW,11,1528,False,True,False,4,88,8,1,3,36,6,0,12
D10|FARMERS_MARKET+ICE_CREAM_SHOP+ICE_CREAM_SHOP|BASE,10,FARMERS_MARKET,ICE_CREAM_SHOP,ICE_CREAM_SHOP,BASE,11,1918,False,True,False,3,88,9,1,3,36,6,0,12
D10|FARMERS_MARKET+ICE_CREAM_SHOP+ICE_CREAM_SHOP|HIGH,10,FARMERS_MARKET,ICE_CREAM_SHOP,ICE_CREAM_SHOP,HIGH,12,2118,False,True,False,3,88,9,1,3,38,6,0,12
D10|FARMERS_MARKET+ICE_CREAM_SHOP+PET_CAFE|LOW,10,FARMERS_MARKET,ICE_CREAM_SHOP,PET_CAFE,LOW,11,858,False,True,False,1,88,7,1,3,32,14,0,12
D10|FARMERS_MARKET+ICE_CREAM_SHOP+PET_CAFE|BASE,10,FARMERS_MARKET,ICE_CREAM_SHOP,PET_CAFE,BASE,11,928,False,True,False,0,88,7,1,3,32,18,0,12
D10|FARMERS_MARKET+ICE_CREAM_SHOP+PET_CAFE|HIGH,10,FARMERS_MARKET,ICE_CREAM_SHOP,PET_CAFE,HIGH,11,928,False,True,True,0,88,7,1,3,32,18,0,12
D10|FARMERS_MARKET+ICE_CREAM_SHOP+SMOOTHIE_SHOP|LOW,10,FARMERS_MARKET,ICE_CREAM_SHOP,SMOOTHIE_SHOP,LOW,11,1528,False,True,False,4,88,8,1,3,36,6,0,12
D10|FARMERS_MARKET+ICE_CREAM_SHOP+SMOOTHIE_SHOP|BASE,10,FARMERS_MARKET,ICE_CREAM_SHOP,SMOOTHIE_SHOP,BASE,11,1918,False,True,False,3,88,9,1,3,36,6,0,12
D10|FARMERS_MARKET+ICE_CREAM_SHOP+SMOOTHIE_SHOP|HIGH,10,FARMERS_MARKET,ICE_CREAM_SHOP,SMOOTHIE_SHOP,HIGH,12,2118,False,True,False,3,88,9,1,3,38,6,0,12
D10|FARMERS_MARKET+ICE_CREAM_SHOP+FARMERS_MARKET|LOW,10,FARMERS_MARKET,ICE_CREAM_SHOP,FARMERS_MARKET,LOW,11,958,False,True,False,7,88,7,1,3,34,6,0,12
D10|FARMERS_MARKET+ICE_CREAM_SHOP+FARMERS_MARKET|BASE,10,FARMERS_MARKET,ICE_CREAM_SHOP,FARMERS_MARKET,BASE,11,1138,False,True,False,5,88,7,1,3,36,6,0,12
D10|FARMERS_MARKET+ICE_CREAM_SHOP+FARMERS_MARKET|HIGH,10,FARMERS_MARKET,ICE_CREAM_SHOP,FARMERS_MARKET,HIGH,12,1338,False,True,False,5,88,7,1,3,38,6,0,12
D10|FARMERS_MARKET+PET_CAFE+BAKERY|LOW,10,FARMERS_MARKET,PET_CAFE,BAKERY,LOW,11,198,False,True,False,11,88,2,1,3,24,18,0,12
D10|FARMERS_MARKET+PET_CAFE+BAKERY|BASE,10,FARMERS_MARKET,PET_CAFE,BAKERY,BASE,11,488,False,True,False,10,88,2,1,4,24,18,0,12
D10|FARMERS_MARKET+PET_CAFE+BAKERY|HIGH,10,FARMERS_MARKET,PET_CAFE,BAKERY,HIGH,12,788,False,True,False,10,88,2,1,5,24,18,0,12
D10|FARMERS_MARKET+PET_CAFE+PIZZA_SHOP|LOW,10,FARMERS_MARKET,PET_CAFE,PIZZA_SHOP,LOW,11,828,False,True,False,4,88,3,1,3,24,18,6,12
D10|FARMERS_MARKET+PET_CAFE+PIZZA_SHOP|BASE,10,FARMERS_MARKET,PET_CAFE,PIZZA_SHOP,BASE,11,1218,False,True,False,3,88,4,1,3,24,18,6,12
D10|FARMERS_MARKET+PET_CAFE+PIZZA_SHOP|HIGH,10,FARMERS_MARKET,PET_CAFE,PIZZA_SHOP,HIGH,12,1618,False,True,False,3,88,5,1,3,24,18,6,12
D10|FARMERS_MARKET+PET_CAFE+BRUNCH_SPOT|LOW,10,FARMERS_MARKET,PET_CAFE,BRUNCH_SPOT,LOW,11,918,False,True,False,3,88,2,1,3,32,18,0,12
D10|FARMERS_MARKET+PET_CAFE+BRUNCH_SPOT|BASE,10,FARMERS_MARKET,PET_CAFE,BRUNCH_SPOT,BASE,11,1208,False,True,False,2,88,2,1,4,32,18,0,12
D10|FARMERS_MARKET+PET_CAFE+BRUNCH_SPOT|HIGH,10,FARMERS_MARKET,PET_CAFE,BRUNCH_SPOT,HIGH,12,1508,False,True,False,2,88,2,1,5,32,18,0,12
D10|FARMERS_MARKET+PET_CAFE+YARN_STORE|LOW,10,FARMERS_MARKET,PET_CAFE,YARN_STORE,LOW,11,688,False,True,False,10,88,2,2,3,24,18,0,12
D10|FARMERS_MARKET+PET_CAFE+YARN_STORE|BASE,10,FARMERS_MARKET,PET_CAFE,YARN_STORE,BASE,11,1178,False,True,False,9,88,2,3,3,24,18,0,12
D10|FARMERS_MARKET+PET_CAFE+YARN_STORE|HIGH,10,FARMERS_MARKET,PET_CAFE,YARN_STORE,HIGH,12,1678,False,True,False,9,88,2,4,3,24,18,0,12
D10|FARMERS_MARKET+PET_CAFE+ICE_CREAM_SHOP|LOW,10,FARMERS_MARKET,PET_CAFE,ICE_CREAM_SHOP,LOW,11,1308,False,True,False,2,88,3,1,3,32,18,0,12
D10|FARMERS_MARKET+PET_CAFE+ICE_CREAM_SHOP|BASE,10,FARMERS_MARKET,PET_CAFE,ICE_CREAM_SHOP,BASE,11,1698,False,True,False,1,88,4,1,3,32,18,0,12
D10|FARMERS_MARKET+PET_CAFE+ICE_CREAM_SHOP|HIGH,10,FARMERS_MARKET,PET_CAFE,ICE_CREAM_SHOP,HIGH,12,2098,False,True,False,1,88,5,1,3,32,18,0,12
D10|FARMERS_MARKET+PET_CAFE+PET_CAFE|LOW,10,FARMERS_MARKET,PET_CAFE,PET_CAFE,LOW,11,218,False,True,False,9,88,2,1,3,24,20,0,12
D10|FARMERS_MARKET+PET_CAFE+PET_CAFE|BASE,10,FARMERS_MARKET,PET_CAFE,PET_CAFE,BASE,11,258,False,True,False,5,88,2,1,3,24,24,0,12
D10|FARMERS_MARKET+PET_CAFE+PET_CAFE|HIGH,10,FARMERS_MARKET,PET_CAFE,PET_CAFE,HIGH,12,338,False,True,False,5,88,2,1,3,24,28,0,12
D10|FARMERS_MARKET+PET_CAFE+SMOOTHIE_SHOP|LOW,10,FARMERS_MARKET,PET_CAFE,SMOOTHIE_SHOP,LOW,11,1308,False,True,False,2,88,3,1,3,32,18,0,12
D10|FARMERS_MARKET+PET_CAFE+SMOOTHIE_SHOP|BASE,10,FARMERS_MARKET,PET_CAFE,SMOOTHIE_SHOP,BASE,11,1698,False,True,False,1,88,4,1,3,32,18,0,12
D10|FARMERS_MARKET+PET_CAFE+SMOOTHIE_SHOP|HIGH,10,FARMERS_MARKET,PET_CAFE,SMOOTHIE_SHOP,HIGH,12,2098,False,True,False,1,88,5,1,3,32,18,0,12
D10|FARMERS_MARKET+PET_CAFE+FARMERS_MARKET|LOW,10,FARMERS_MARKET,PET_CAFE,FARMERS_MARKET,LOW,11,738,False,True,False,5,88,2,1,3,30,18,0,12
D10|FARMERS_MARKET+PET_CAFE+FARMERS_MARKET|BASE,10,FARMERS_MARKET,PET_CAFE,FARMERS_MARKET,BASE,11,918,False,True,False,3,88,2,1,3,32,18,0,12
D10|FARMERS_MARKET+PET_CAFE+FARMERS_MARKET|HIGH,10,FARMERS_MARKET,PET_CAFE,FARMERS_MARKET,HIGH,12,1118,False,True,False,3,88,2,1,3,34,18,0,12
D10|FARMERS_MARKET+SMOOTHIE_SHOP+BAKERY|LOW,10,FARMERS_MARKET,SMOOTHIE_SHOP,BAKERY,LOW,11,778,False,True,False,9,88,7,1,3,32,6,0,12
D10|FARMERS_MARKET+SMOOTHIE_SHOP+BAKERY|BASE,10,FARMERS_MARKET,SMOOTHIE_SHOP,BAKERY,BASE,11,778,False,True,False,9,88,7,1,3,32,6,0,12
D10|FARMERS_MARKET+SMOOTHIE_SHOP+BAKERY|HIGH,10,FARMERS_MARKET,SMOOTHIE_SHOP,BAKERY,HIGH,12,1078,False,True,False,9,88,7,1,4,32,6,0,12
D10|FARMERS_MARKET+SMOOTHIE_SHOP+PIZZA_SHOP|LOW,10,FARMERS_MARKET,SMOOTHIE_SHOP,PIZZA_SHOP,LOW,11,1408,False,True,False,2,88,8,1,3,32,6,6,12
D10|FARMERS_MARKET+SMOOTHIE_SHOP+PIZZA_SHOP|BASE,10,FARMERS_MARKET,SMOOTHIE_SHOP,PIZZA_SHOP,BASE,11,1798,False,True,False,1,88,9,1,3,32,6,6,12
D10|FARMERS_MARKET+SMOOTHIE_SHOP+PIZZA_SHOP|HIGH,10,FARMERS_MARKET,SMOOTHIE_SHOP,PIZZA_SHOP,HIGH,12,1998,False,True,False,1,88,9,1,3,34,6,6,12
D10|FARMERS_MARKET+SMOOTHIE_SHOP+BRUNCH_SPOT|LOW,10,FARMERS_MARKET,SMOOTHIE_SHOP,BRUNCH_SPOT,LOW,11,1138,False,True,False,5,88,7,1,3,36,6,0,12
D10|FARMERS_MARKET+SMOOTHIE_SHOP+BRUNCH_SPOT|BASE,10,FARMERS_MARKET,SMOOTHIE_SHOP,BRUNCH_SPOT,BASE,11,1138,False,True,False,5,88,7,1,3,36,6,0,12
D10|FARMERS_MARKET+SMOOTHIE_SHOP+BRUNCH_SPOT|HIGH,10,FARMERS_MARKET,SMOOTHIE_SHOP,BRUNCH_SPOT,HIGH,12,1438,False,True,False,5,88,7,1,4,36,6,0,12
D10|FARMERS_MARKET+SMOOTHIE_SHOP+YARN_STORE|LOW,10,FARMERS_MARKET,SMOOTHIE_SHOP,YARN_STORE,LOW,11,1268,False,True,False,8,88,7,2,3,32,6,0,12
D10|FARMERS_MARKET+SMOOTHIE_SHOP+YARN_STORE|BASE,10,FARMERS_MARKET,SMOOTHIE_SHOP,YARN_STORE,BASE,11,1758,False,True,False,7,88,7,3,3,32,6,0,12
D10|FARMERS_MARKET+SMOOTHIE_SHOP+YARN_STORE|HIGH,10,FARMERS_MARKET,SMOOTHIE_SHOP,YARN_STORE,HIGH,12,2258,False,True,False,7,88,7,4,3,32,6,0,12
D10|FARMERS_MARKET+SMOOTHIE_SHOP+ICE_CREAM_SHOP|LOW,10,FARMERS_MARKET,SMOOTHIE_SHOP,ICE_CREAM_SHOP,LOW,11,1528,False,True,False,4,88,8,1,3,36,6,0,12
D10|FARMERS_MARKET+SMOOTHIE_SHOP+ICE_CREAM_SHOP|BASE,10,FARMERS_MARKET,SMOOTHIE_SHOP,ICE_CREAM_SHOP,BASE,11,1918,False,True,False,3,88,9,1,3,36,6,0,12
D10|FARMERS_MARKET+SMOOTHIE_SHOP+ICE_CREAM_SHOP|HIGH,10,FARMERS_MARKET,SMOOTHIE_SHOP,ICE_CREAM_SHOP,HIGH,12,2118,False,True,False,3,88,9,1,3,38,6,0,12
D10|FARMERS_MARKET+SMOOTHIE_SHOP+PET_CAFE|LOW,10,FARMERS_MARKET,SMOOTHIE_SHOP,PET_CAFE,LOW,11,858,False,True,False,1,88,7,1,3,32,14,0,12
D10|FARMERS_MARKET+SMOOTHIE_SHOP+PET_CAFE|BASE,10,FARMERS_MARKET,SMOOTHIE_SHOP,PET_CAFE,BASE,11,928,False,True,False,0,88,7,1,3,32,18,0,12
D10|FARMERS_MARKET+SMOOTHIE_SHOP+PET_CAFE|HIGH,10,FARMERS_MARKET,SMOOTHIE_SHOP,PET_CAFE,HIGH,11,928,False,True,True,0,88,7,1,3,32,18,0,12
D10|FARMERS_MARKET+SMOOTHIE_SHOP+SMOOTHIE_SHOP|LOW,10,FARMERS_MARKET,SMOOTHIE_SHOP,SMOOTHIE_SHOP,LOW,11,1528,False,True,False,4,88,8,1,3,36,6,0,12
D10|FARMERS_MARKET+SMOOTHIE_SHOP+SMOOTHIE_SHOP|BASE,10,FARMERS_MARKET,SMOOTHIE_SHOP,SMOOTHIE_SHOP,BASE,11,1918,False,True,False,3,88,9,1,3,36,6,0,12
D10|FARMERS_MARKET+SMOOTHIE_SHOP+SMOOTHIE_SHOP|HIGH,10,FARMERS_MARKET,SMOOTHIE_SHOP,SMOOTHIE_SHOP,HIGH,12,2118,False,True,False,3,88,9,1,3,38,6,0,12
D10|FARMERS_MARKET+SMOOTHIE_SHOP+FARMERS_MARKET|LOW,10,FARMERS_MARKET,SMOOTHIE_SHOP,FARMERS_MARKET,LOW,11,958,False,True,False,7,88,7,1,3,34,6,0,12
D10|FARMERS_MARKET+SMOOTHIE_SHOP+FARMERS_MARKET|BASE,10,FARMERS_MARKET,SMOOTHIE_SHOP,FARMERS_MARKET,BASE,11,1138,False,True,False,5,88,7,1,3,36,6,0,12
D10|FARMERS_MARKET+SMOOTHIE_SHOP+FARMERS_MARKET|HIGH,10,FARMERS_MARKET,SMOOTHIE_SHOP,FARMERS_MARKET,HIGH,12,1338,False,True,False,5,88,7,1,3,38,6,0,12
D10|FARMERS_MARKET+FARMERS_MARKET+BAKERY|LOW,10,FARMERS_MARKET,FARMERS_MARKET,BAKERY,LOW,11,398,False,True,False,11,88,2,1,3,32,6,0,12
D10|FARMERS_MARKET+FARMERS_MARKET+BAKERY|BASE,10,FARMERS_MARKET,FARMERS_MARKET,BAKERY,BASE,11,688,False,True,False,10,88,2,1,4,32,6,0,12
D10|FARMERS_MARKET+FARMERS_MARKET+BAKERY|HIGH,10,FARMERS_MARKET,FARMERS_MARKET,BAKERY,HIGH,12,988,False,True,False,10,88,2,1,5,32,6,0,12
D10|FARMERS_MARKET+FARMERS_MARKET+PIZZA_SHOP|LOW,10,FARMERS_MARKET,FARMERS_MARKET,PIZZA_SHOP,LOW,11,1028,False,True,False,4,88,3,1,3,32,6,6,12
D10|FARMERS_MARKET+FARMERS_MARKET+PIZZA_SHOP|BASE,10,FARMERS_MARKET,FARMERS_MARKET,PIZZA_SHOP,BASE,11,1418,False,True,False,3,88,4,1,3,32,6,6,12
D10|FARMERS_MARKET+FARMERS_MARKET+PIZZA_SHOP|HIGH,10,FARMERS_MARKET,FARMERS_MARKET,PIZZA_SHOP,HIGH,12,1818,False,True,False,3,88,5,1,3,32,6,6,12
D10|FARMERS_MARKET+FARMERS_MARKET+BRUNCH_SPOT|LOW,10,FARMERS_MARKET,FARMERS_MARKET,BRUNCH_SPOT,LOW,11,758,False,True,False,7,88,2,1,3,36,6,0,12
D10|FARMERS_MARKET+FARMERS_MARKET+BRUNCH_SPOT|BASE,10,FARMERS_MARKET,FARMERS_MARKET,BRUNCH_SPOT,BASE,11,1048,False,True,False,6,88,2,1,4,36,6,0,12
D10|FARMERS_MARKET+FARMERS_MARKET+BRUNCH_SPOT|HIGH,10,FARMERS_MARKET,FARMERS_MARKET,BRUNCH_SPOT,HIGH,12,1348,False,True,False,6,88,2,1,5,36,6,0,12
D10|FARMERS_MARKET+FARMERS_MARKET+YARN_STORE|LOW,10,FARMERS_MARKET,FARMERS_MARKET,YARN_STORE,LOW,11,888,False,True,False,10,88,2,2,3,32,6,0,12
D10|FARMERS_MARKET+FARMERS_MARKET+YARN_STORE|BASE,10,FARMERS_MARKET,FARMERS_MARKET,YARN_STORE,BASE,11,1378,False,True,False,9,88,2,3,3,32,6,0,12
D10|FARMERS_MARKET+FARMERS_MARKET+YARN_STORE|HIGH,10,FARMERS_MARKET,FARMERS_MARKET,YARN_STORE,HIGH,12,1878,False,True,False,9,88,2,4,3,32,6,0,12
D10|FARMERS_MARKET+FARMERS_MARKET+ICE_CREAM_SHOP|LOW,10,FARMERS_MARKET,FARMERS_MARKET,ICE_CREAM_SHOP,LOW,11,1148,False,True,False,6,88,3,1,3,36,6,0,12
D10|FARMERS_MARKET+FARMERS_MARKET+ICE_CREAM_SHOP|BASE,10,FARMERS_MARKET,FARMERS_MARKET,ICE_CREAM_SHOP,BASE,11,1538,False,True,False,5,88,4,1,3,36,6,0,12
D10|FARMERS_MARKET+FARMERS_MARKET+ICE_CREAM_SHOP|HIGH,10,FARMERS_MARKET,FARMERS_MARKET,ICE_CREAM_SHOP,HIGH,12,1938,False,True,False,5,88,5,1,3,36,6,0,12
D10|FARMERS_MARKET+FARMERS_MARKET+PET_CAFE|LOW,10,FARMERS_MARKET,FARMERS_MARKET,PET_CAFE,LOW,11,478,False,True,False,3,88,2,1,3,32,14,0,12
D10|FARMERS_MARKET+FARMERS_MARKET+PET_CAFE|BASE,10,FARMERS_MARKET,FARMERS_MARKET,PET_CAFE,BASE,11,528,False,True,False,0,88,2,1,3,32,18,0,12
D10|FARMERS_MARKET+FARMERS_MARKET+PET_CAFE|HIGH,10,FARMERS_MARKET,FARMERS_MARKET,PET_CAFE,HIGH,12,608,False,True,False,0,88,2,1,3,32,22,0,12
D10|FARMERS_MARKET+FARMERS_MARKET+SMOOTHIE_SHOP|LOW,10,FARMERS_MARKET,FARMERS_MARKET,SMOOTHIE_SHOP,LOW,11,1148,False,True,False,6,88,3,1,3,36,6,0,12
D10|FARMERS_MARKET+FARMERS_MARKET+SMOOTHIE_SHOP|BASE,10,FARMERS_MARKET,FARMERS_MARKET,SMOOTHIE_SHOP,BASE,11,1538,False,True,False,5,88,4,1,3,36,6,0,12
D10|FARMERS_MARKET+FARMERS_MARKET+SMOOTHIE_SHOP|HIGH,10,FARMERS_MARKET,FARMERS_MARKET,SMOOTHIE_SHOP,HIGH,12,1938,False,True,False,5,88,5,1,3,36,6,0,12
D10|FARMERS_MARKET+FARMERS_MARKET+FARMERS_MARKET|LOW,10,FARMERS_MARKET,FARMERS_MARKET,FARMERS_MARKET,LOW,11,578,False,True,False,9,88,2,1,3,34,6,0,12
D10|FARMERS_MARKET+FARMERS_MARKET+FARMERS_MARKET|BASE,10,FARMERS_MARKET,FARMERS_MARKET,FARMERS_MARKET,BASE,11,758,False,True,False,7,88,2,1,3,36,6,0,12
D10|FARMERS_MARKET+FARMERS_MARKET+FARMERS_MARKET|HIGH,10,FARMERS_MARKET,FARMERS_MARKET,FARMERS_MARKET,HIGH,12,958,False,True,False,7,88,2,1,3,38,6,0,12
